SID,Revision,Message,Candidate ATT&CK Technique,Mapping Source,Confidence,Reason
105,14,MALWARE-BACKDOOR - Dagger_1.4.0,T1083 - File and Directory Discovery,llm_candidate,0.6,"Rule detects the string 'Drives' in a binary protocol, indicating a backdoor command to enumerate disk drives, which maps to File and Directory Discovery. Candidate mapping requiring validation."
110,10,MALWARE-BACKDOOR netbus getinfo,T1082 - System Information Discovery,llm_candidate,0.8,"Rule matches the NetBus 'GetInfo' command, which is used to retrieve system information from the compromised host. Candidate mapping requiring validation."
118,12,MALWARE-BACKDOOR SatansBackdoor.2.0.Beta,T1059.003 - Windows Command Shell,llm_candidate,0.7,Banner 'You are connected to me. Remote: Ready for commands' indicates an interactive Windows command shell provided by the backdoor. Candidate mapping requiring validation.
144,16,PROTOCOL-FTP ADMw0rm ftp login attempt,T1110.001 - Password Guessing,llm_candidate,0.9,"Rule detects an FTP login attempt with username 'w0rm', characteristic of password guessing or credential stuffing against FTP services. Candidate mapping requiring validation."
147,12,MALWARE-BACKDOOR GateCrasher,T1219.002 - Remote Desktop Software,llm_candidate,0.6,"Banner 'GateCrasher vX.X, Server On-Line...' indicates a remote access tool (RAT) providing remote desktop capabilities. Candidate mapping requiring validation."
152,11,MALWARE-BACKDOOR BackConstruction 2.1 Connection,T1083 - File and Directory Discovery,llm_candidate,0.5,"Pattern 'c:\' suggests a request to access the C: drive, consistent with file and directory discovery. Candidate mapping requiring validation."
157,9,MALWARE-BACKDOOR BackConstruction 2.1 Client FTP Open Request,T1071.002 - File Transfer Protocols,llm_candidate,0.7,"Command 'FTPON' instructs the backdoor to enable FTP, showing use of File Transfer Protocols for command and control or data transfer. Candidate mapping requiring validation."
158,10,MALWARE-BACKDOOR BackConstruction 2.1 Server FTP Open Reply,T1071.002 - File Transfer Protocols,llm_candidate,0.7,"Response 'FTP Port open' confirms the FTP service has been started, reinforcing use of File Transfer Protocols. Candidate mapping requiring validation."
161,10,MALWARE-BACKDOOR Matrix 2.0 Client connect,T1095 - Non-Application Layer Protocol,llm_candidate,0.5,UDP packet containing 'activate' indicates a custom non-standard protocol used for C2 communication. Candidate mapping requiring validation.
162,10,MALWARE-BACKDOOR Matrix 2.0 Server access,T1095 - Non-Application Layer Protocol,llm_candidate,0.5,UDP response 'logged in' confirms an established session over a custom non-application layer protocol. Candidate mapping requiring validation.
195,15,MALWARE-BACKDOOR DeepThroat 3.1 Server Response,T1059.003 - Windows Command Shell,llm_candidate,0.5,"Banner 'Ahhhh My Mouth Is Open' suggests the backdoor is ready to accept commands, indicative of a remote command shell. Candidate mapping requiring validation."
221,12,PROTOCOL-ICMP TFN Probe,T1095 - Non-Application Layer Protocol,llm_candidate,0.9,"The rule detects a TFN probe via ICMP (content '1234'), which is a classic DDoS tool using ICMP for covert command and control, directly aligning with Non-Application Layer Protocol (T1095). Candidate mapping requiring validation."
222,10,PROTOCOL-ICMP tfn2k icmp possible communication,T1095 - Non-Application Layer Protocol,llm_candidate,0.9,"The rule matches 'AAAAAAAAAA' in ICMP traffic for tfn2k communication, another DDoS tool leveraging ICMP for C2, fitting T1095. Candidate mapping requiring validation."
223,13,MALWARE-OTHER Trin00 Daemon to Master PONG message detected,T1095 - Non-Application Layer Protocol,llm_candidate,0.85,"The rule detects a Trin00 daemon-to-master 'PONG' message over UDP, indicating custom UDP-based C2 for a DDoS botnet, consistent with T1095. Candidate mapping requiring validation."
224,10,PROTOCOL-ICMP Stacheldraht server spoof,T1095 - Non-Application Layer Protocol,llm_candidate,0.85,"The rule targets Stacheldraht server spoofing via ICMP (no content but protocol and context), a DDoS tool using ICMP for covert channels, mapping to T1095. Candidate mapping requiring validation."
225,13,PROTOCOL-ICMP Stacheldraht gag server response,T1095 - Non-Application Layer Protocol,llm_candidate,0.9,"The rule matches 'sicken' in ICMP traffic for Stacheldraht gag server response, confirming ICMP-based C2 for DDoS, aligning with T1095. Candidate mapping requiring validation."
226,13,PROTOCOL-ICMP Stacheldraht server response,T1095 - Non-Application Layer Protocol,llm_candidate,0.9,"The rule matches 'ficken' in ICMP for Stacheldraht server response, again ICMP-based covert C2 for DDoS, fitting T1095. Candidate mapping requiring validation."
227,13,PROTOCOL-ICMP Stacheldraht client spoofworks,T1095 - Non-Application Layer Protocol,llm_candidate,0.9,"The rule matches 'spoofworks' in ICMP for Stacheldraht client spoofworks, demonstrating ICMP-based C2, consistent with T1095. Candidate mapping requiring validation."
228,11,PROTOCOL-ICMP TFN client command BE,T1095 - Non-Application Layer Protocol,llm_candidate,0.9,"The rule uses a PCRE to detect TFN client commands over ICMP (pattern '^[0-9]{1,5}\x00'), directly observing ICMP-based C2 for DDoS, mapping to T1095. Candidate mapping requiring validation."
229,12,PROTOCOL-ICMP Stacheldraht client check skillz,T1095 - Non-Application Layer Protocol,llm_candidate,0.9,"The rule matches 'skillz' in ICMP for Stacheldraht client check, another ICMP-based C2 indicator for DDoS, fitting T1095. Candidate mapping requiring validation."
230,13,MALWARE-OTHER shaft client login to handler,T1095 - Non-Application Layer Protocol,llm_candidate,0.8,"The rule detects 'login:' in TCP traffic for Shaft client-to-handler communication, a custom TCP-based C2 protocol for DDoS, aligning with T1095. Candidate mapping requiring validation."
231,11,MALWARE-OTHER Trin00 Daemon to Master message detected,T1095 - Non-Application Layer Protocol,llm_candidate,0.85,"The rule matches 'l44' in UDP for Trin00 daemon-to-master messages, a custom UDP C2 channel for DDoS, consistent with T1095. Candidate mapping requiring validation."
232,13,MALWARE-OTHER Trin00 Daemon to Master *HELLO* message detected,T1095 - Non-Application Layer Protocol,llm_candidate,0.85,"The rule matches '*HELLO*' in UDP for Trin00 daemon-to-master communication, again custom UDP C2 for DDoS, mapping to T1095. Candidate mapping requiring validation."
236,13,PROTOCOL-ICMP Stacheldraht client check gag,T1095 - Non-Application Layer Protocol,llm_candidate,0.9,"The rule matches 'gesundheit!' in ICMP for Stacheldraht client check gag, confirming ICMP-based covert C2, fitting T1095. Candidate mapping requiring validation."
238,14,PROTOCOL-ICMP TFN server response,T1095 - Non-Application Layer Protocol,llm_candidate,0.9,"The rule matches 'shell bound' in ICMP for TFN server response, indicating ICMP-based C2 for DDoS, aligning with T1095. Candidate mapping requiring validation."
239,10,MALWARE-OTHER shaft handler to agent,T1095 - Non-Application Layer Protocol,llm_candidate,0.8,"The rule matches 'alive tijgu' in UDP for Shaft handler-to-agent communication, a custom UDP C2 protocol for DDoS, consistent with T1095. Candidate mapping requiring validation."
240,10,MALWARE-OTHER shaft agent to handler,T1095 - Non-Application Layer Protocol,llm_candidate,0.8,"The rule matches 'alive' in UDP for Shaft agent-to-handler communication, again custom UDP C2 for DDoS, mapping to T1095. Candidate mapping requiring validation."
243,8,MALWARE-OTHER mstream agent to handler,T1095 - Non-Application Layer Protocol,llm_candidate,0.8,"The rule matches 'newserver' in UDP for mstream agent-to-handler communication, a DDoS tool using custom UDP C2, fitting T1095. Candidate mapping requiring validation."
244,8,MALWARE-OTHER mstream handler to agent,T1095 - Non-Application Layer Protocol,llm_candidate,0.8,"The rule matches 'stream/' in UDP for mstream handler-to-agent communication, custom UDP C2 for DDoS, consistent with T1095. Candidate mapping requiring validation."
245,8,MALWARE-OTHER mstream handler ping to agent,T1095 - Non-Application Layer Protocol,llm_candidate,0.8,"The rule matches 'ping' in UDP for mstream handler ping to agent, custom UDP C2 for DDoS, aligning with T1095. Candidate mapping requiring validation."
246,8,MALWARE-OTHER mstream agent pong to handler,T1095 - Non-Application Layer Protocol,llm_candidate,0.8,"The rule matches 'pong' in UDP for mstream agent pong to handler, custom UDP C2 for DDoS, mapping to T1095. Candidate mapping requiring validation."
247,8,MALWARE-OTHER mstream client to handler,T1095 - Non-Application Layer Protocol,llm_candidate,0.8,"The rule matches '>' in TCP for mstream client-to-handler communication, a custom TCP-based C2 protocol for DDoS, consistent with T1095. Candidate mapping requiring validation."
248,8,MALWARE-OTHER mstream handler to client,T1498.001 - Direct Network Flood,llm_candidate,0.7,"Rule detects mstream DDoS handler-to-client communication (CVE-2000-0138), indicating command and control for direct network flooding. Candidate mapping requiring validation."
250,10,MALWARE-OTHER mstream handler to client,T1498.001 - Direct Network Flood,llm_candidate,0.7,"Rule detects mstream DDoS handler-to-client communication (CVE-2000-0138), indicating command and control for direct network flooding. Candidate mapping requiring validation."
251,11,PROTOCOL-ICMP - TFN client command LE,T1498.001 - Direct Network Flood,llm_candidate,0.8,"Rule detects TFN (Tribe Flood Network) client commands over ICMP, a known DDoS tool's command channel for launching direct network floods. Candidate mapping requiring validation."
253,15,PROTOCOL-DNS SPOOF query response PTR with TTL of 1 min. and no authority,T1557.001 - Name Resolution Poisoning and SMB Relay,llm_candidate,0.85,"Rule identifies DNS spoofed PTR responses with suspicious TTL and missing authority, indicative of DNS cache poisoning (name resolution poisoning). Candidate mapping requiring validation."
254,17,PROTOCOL-DNS SPOOF query response with TTL of 1 min. and no authority,T1557.001 - Name Resolution Poisoning and SMB Relay,llm_candidate,0.85,"Rule identifies DNS spoofed responses with suspicious TTL and missing authority, indicative of DNS cache poisoning (name resolution poisoning). Candidate mapping requiring validation."
255,24,PROTOCOL-DNS dns zone transfer via TCP detected,T1018 - Remote System Discovery,llm_candidate,0.8,"Rule detects DNS zone transfer (AXFR) over TCP, a reconnaissance technique for remote system discovery by enumerating DNS records. Candidate mapping requiring validation."
256,16,PROTOCOL-DNS named authors attempt,T1590.002 - DNS,llm_candidate,0.75,"Rule detects queries for 'authors.bind', a version reconnaissance query used to identify vulnerable BIND versions (vulnerability scanning). Candidate mapping requiring validation."
257,18,PROTOCOL-DNS named version attempt,T1590.002 - DNS,llm_candidate,0.75,"Rule detects queries for 'version.bind', a version reconnaissance query used to identify vulnerable BIND versions (vulnerability scanning). Candidate mapping requiring validation."
258,17,SERVER-OTHER Bind Buffer Overflow via NXT records,T1210 - Exploitation of Remote Services,llm_candidate,0.9,"Rule detects directory traversal pattern ('../../../') in DNS traffic targeting BIND NXT record buffer overflow (CVE-1999-0833), an exploitation of a remote service. Candidate mapping requiring validation."
259,18,SERVER-OTHER Bind Buffer Overflow via NXT records named overflow ADM,T1210 - Exploitation of Remote Services,llm_candidate,0.9,"Rule detects specific exploit string for BIND NXT record buffer overflow (ADM exploit), an exploitation of a remote service. Candidate mapping requiring validation."
260,19,SERVER-OTHER Bind Buffer Overflow via NXT records named overflow ADMROCKS,T1210 - Exploitation of Remote Services,llm_candidate,0.9,"Rule detects 'ADMROCKS' string in BIND NXT record buffer overflow exploit, an exploitation of a remote service. Candidate mapping requiring validation."
261,16,SERVER-OTHER Bind named overflow attempt,T1210 - Exploitation of Remote Services,llm_candidate,0.9,"Rule detects shellcode pattern for BIND named overflow exploit, an exploitation of a remote service. Candidate mapping requiring validation."
262,15,OS-LINUX x86 Linux overflow attempt,T1210 - Exploitation of Remote Services,llm_candidate,0.8,"Rule detects x86 Linux shellcode patterns in DNS traffic, indicative of exploitation attempts against remote DNS services. Candidate mapping requiring validation."
264,14,OS-LINUX x86 Linux overflow attempt,T1210 - Exploitation of Remote Services,llm_candidate,0.8,"Rule detects x86 Linux shellcode patterns in DNS traffic, indicative of exploitation attempts against remote DNS services. Candidate mapping requiring validation."
265,16,OS-LINUX x86 Linux overflow attempt ADMv2,T1210 - Exploitation of Remote Services,llm_candidate,0.8,"Rule detects ADMv2 x86 Linux shellcode in DNS traffic, indicative of exploitation attempts against remote DNS services. Candidate mapping requiring validation."
266,15,OS-OTHER x86 FreeBSD overflow attempt,T1210 - Exploitation of Remote Services,llm_candidate,0.8,"Rule detects x86 FreeBSD shellcode in DNS traffic, indicative of exploitation attempts against remote DNS services. Candidate mapping requiring validation."
267,13,OS-SOLARIS EXPLOIT sparc overflow attempt,T1210 - Exploitation of Remote Services,llm_candidate,0.8,"Rule detects SPARC shellcode in DNS traffic, indicative of exploitation attempts against remote DNS services on Solaris. Candidate mapping requiring validation."
271,12,SERVER-OTHER UDP echo+chargen bomb,T1498.002 - Reflection Amplification,llm_candidate,0.85,"Rule detects UDP echo/chargen bomb attack, a classic reflection/amplification denial-of-service technique. Candidate mapping requiring validation."
272,16,OS-WINDOWS Microsoft WIndows IGMP dos attack,T1498.001 - Direct Network Flood,llm_candidate,0.8,"Rule detects Microsoft Windows IGMP DoS attack (CVE-1999-0918), a direct network flood targeting a protocol vulnerability. Candidate mapping requiring validation."
274,13,PROTOCOL-ICMP ath,T1498.001 - Direct Network Flood,llm_candidate,0.75,"Rule detects '+++ath' modem escape sequence in ICMP, used in 'Ath' denial-of-service attacks (direct network flood). Candidate mapping requiring validation."
276,13,SERVER-OTHER RealNetworks Audio Server denial of service attempt,T1498.001 - Direct Network Flood,llm_candidate,0.8,"Rule detects RealNetworks Audio Server DoS attempt via specific protocol sequence (CVE-1999-0271), a direct network flood. Candidate mapping requiring validation."
277,14,SERVER-OTHER RealNetworks Server template.html,T1498.001 - Direct Network Flood,llm_candidate,0.8,"Rule detects RealNetworks Server template.html DoS attempt (CVE-2000-0474), a direct network flood via HTTP request. Candidate mapping requiring validation."
278,13,SERVER-OTHER RealNetworks Server template.html,T1498.001 - Direct Network Flood,llm_candidate,0.8,"Rule detects RealNetworks Server template.html DoS attempt (CVE-2000-0474), a direct network flood via HTTP request. Candidate mapping requiring validation."
279,11,SERVER-OTHER Bay/Nortel Nautica Marlin,T1498.001 - Direct Network Flood,llm_candidate,0.75,"Rule detects Bay/Nortel Nautica Marlin DoS attempt (CVE-2000-0221), a direct network flood against network infrastructure. Candidate mapping requiring validation."
281,13,SERVER-OTHER Ascend Route,T1498.001 - Direct Network Flood,llm_candidate,0.75,"Rule detects Ascend Route DoS attempt via 'NAMENAME' string (CVE-1999-0060), a direct network flood against network infrastructure. Candidate mapping requiring validation."
283,14,BROWSER-OTHER Netscape 4.7 client overflow,T1203 - Exploitation for Client Execution,llm_candidate,0.85,"Rule detects shellcode patterns targeting Netscape 4.7 browser client, indicating exploitation of a client-side vulnerability for code execution. Candidate mapping requiring validation."
286,18,PROTOCOL-POP EXPLOIT x86 BSD overflow,T1210 - Exploitation of Remote Services,llm_candidate,0.95,"Rule matches x86 shellcode in POP3 traffic targeting BSD systems, directly observing exploitation of a remote POP3 service. Candidate mapping requiring validation."
287,12,PROTOCOL-POP EXPLOIT x86 BSD overflow,T1210 - Exploitation of Remote Services,llm_candidate,0.95,"Rule detects x86 shellcode patterns in POP3 traffic for BSD overflow, indicating remote service exploitation. Candidate mapping requiring validation."
288,13,PROTOCOL-POP EXPLOIT x86 Linux overflow,T1210 - Exploitation of Remote Services,llm_candidate,0.95,"Rule identifies Linux/x86 shellcode (/bin/sh) in POP3 traffic, characteristic of remote service exploitation against a POP3 server. Candidate mapping requiring validation."
289,16,PROTOCOL-POP EXPLOIT x86 SCO overflow,T1210 - Exploitation of Remote Services,llm_candidate,0.95,"Rule matches SCO-specific shellcode in POP3 traffic, showing exploitation of a remote POP3 service on SCO systems. Candidate mapping requiring validation."
290,16,PROTOCOL-POP EXPLOIT qpopper overflow,T1210 - Exploitation of Remote Services,llm_candidate,0.95,"Rule detects qpopper-specific overflow payload with /bin/sh shellcode in POP3 traffic, indicating remote service exploitation. Candidate mapping requiring validation."
292,11,OS-LINUX x86 Linux samba overflow,T1210 - Exploitation of Remote Services,llm_candidate,0.95,"Rule matches Samba exploit shellcode patterns in TCP traffic, directly observing exploitation of a remote SMB service. Candidate mapping requiring validation."
300,13,OS-SOLARIS Oracle Solaris npls x86 overflow,T1210 - Exploitation of Remote Services,llm_candidate,0.9,"Rule identifies Solaris npls service overflow shellcode in TCP traffic, indicating remote service exploitation. Candidate mapping requiring validation."
301,12,SERVER-OTHER LPRng overflow,T1210 - Exploitation of Remote Services,llm_candidate,0.95,"Rule detects LPRng print service overflow with shellcode in TCP traffic, showing exploitation of a remote printing service. Candidate mapping requiring validation."
302,14,OS-LINUX Redhat 7.0 lprd overflow,T1210 - Exploitation of Remote Services,llm_candidate,0.9,"Rule matches format string exploit pattern against Red Hat lprd service, indicating remote service exploitation. Candidate mapping requiring validation."
303,24,SERVER-OTHER Bind Buffer Overflow named tsig overflow attempt,T1210 - Exploitation of Remote Services,llm_candidate,0.95,"Rule detects BIND TSIG overflow attempt via specific DNS packet structure, directly observing exploitation of a remote DNS service. Candidate mapping requiring validation."
304,12,SERVER-OTHER SCO calserver overflow,T1210 - Exploitation of Remote Services,llm_candidate,0.9,"Rule matches SCO calserver overflow shellcode in TCP traffic, indicating remote service exploitation. Candidate mapping requiring validation."
305,15,SERVER-OTHER delegate proxy overflow,T1210 - Exploitation of Remote Services,llm_candidate,0.85,"Rule detects delegate proxy overflow via 'whois://' pattern in TCP traffic, suggesting exploitation of a remote proxy service. Candidate mapping requiring validation."
306,13,SERVER-OTHER VQServer admin,T1190 - Exploit Public-Facing Application,llm_candidate,0.7,"Rule triggers on generic HTTP GET to VQServer admin interface; references indicate a specific web admin vulnerability, consistent with exploitation of a public-facing web application. Candidate mapping requiring validation."
307,12,SERVER-OTHER CHAT IRC topic overflow,T1210 - Exploitation of Remote Services,llm_candidate,0.9,"Rule matches IRC topic overflow shellcode in TCP traffic, indicating exploitation of a remote IRC service. Candidate mapping requiring validation."
308,14,SERVER-OTHER NextFTP client overflow,T1203 - Exploitation for Client Execution,llm_candidate,0.8,"Rule detects shellcode targeting NextFTP client (client-side overflow) in FTP traffic, indicating exploitation of a client application. Candidate mapping requiring validation."
309,17,SERVER-MAIL sniffit overflow,T1210 - Exploitation of Remote Services,llm_candidate,0.95,"Rule identifies sniffit SMTP overflow with NOP sled in mail traffic, directly observing exploitation of a remote SMTP service. Candidate mapping requiring validation."
310,13,SERVER-MAIL x86 windows MailMax overflow,T1210 - Exploitation of Remote Services,llm_candidate,0.95,"Rule matches MailMax SMTP server overflow shellcode in mail traffic, indicating remote service exploitation. Candidate mapping requiring validation."
311,15,BROWSER-OTHER Netscape 4.7 unsucessful overflow,T1203 - Exploitation for Client Execution,llm_candidate,0.85,Rule detects same Netscape 4.7 client shellcode as sid 283 but classified as unsuccessful; still indicates attempted client-side exploitation. Candidate mapping requiring validation.
313,10,OS-LINUX ntalkd x86 Linux overflow,T1210 - Exploitation of Remote Services,llm_candidate,0.9,"Rule identifies ntalkd service overflow pattern in UDP traffic, showing exploitation of a remote talk daemon. Candidate mapping requiring validation."
314,23,SERVER-OTHER Bind Buffer Overflow named tsig overflow attempt,T1210 - Exploitation of Remote Services,llm_candidate,0.95,"Rule detects BIND TSIG overflow attempt in UDP DNS traffic, directly observing remote DNS service exploitation. Candidate mapping requiring validation."
315,11,OS-LINUX x86 Linux mountd overflow,T1210 - Exploitation of Remote Services,llm_candidate,0.9,"Rule matches Linux mountd (NFS) overflow shellcode in UDP traffic, indicating remote service exploitation. Candidate mapping requiring validation."
316,11,OS-LINUX x86 Linux mountd overflow,T1210 - Exploitation of Remote Services,llm_candidate,0.9,"Rule detects another Linux mountd overflow variant in UDP traffic, showing remote service exploitation. Candidate mapping requiring validation."
317,11,OS-LINUX x86 Linux mountd overflow,T1210 - Exploitation of Remote Services,llm_candidate,0.9,"Rule identifies third Linux mountd overflow pattern in UDP traffic, consistent with remote service exploitation. Candidate mapping requiring validation."
320,15,PROTOCOL-FINGER cmd_rootsh backdoor attempt,T1210 - Exploitation of Remote Services,llm_candidate,0.85,"Rule detects 'cmd_rootsh' backdoor command in finger service traffic, indicating successful exploitation of a remote finger daemon for command execution. Candidate mapping requiring validation."
321,10,PROTOCOL-FINGER account enumeration attempt,T1087.001 - Local Account,llm_candidate,0.7,"The rule detects FINGER account enumeration attempts, which directly maps to local account discovery via the FINGER service. Candidate mapping requiring validation."
322,16,PROTOCOL-FINGER search query,T1018 - Remote System Discovery,llm_candidate,0.6,"FINGER search queries are a form of remote system discovery, probing for user or system information. Candidate mapping requiring validation."
323,11,PROTOCOL-FINGER root query,T1087.001 - Local Account,llm_candidate,0.7,A FINGER query for 'root' specifically targets privileged local account discovery. Candidate mapping requiring validation.
324,12,PROTOCOL-FINGER null request,T1087.001 - Local Account,llm_candidate,0.7,Null requests to FINGER (CVE-1999-0612) are a known method for enumerating local user accounts. Candidate mapping requiring validation.
326,15,PROTOCOL-FINGER remote command execution attempt,T1210 - Exploitation of Remote Services,llm_candidate,0.8,"The semicolon character indicates a command injection attempt against the FINGER service, constituting exploitation of a remote service. Candidate mapping requiring validation."
327,14,PROTOCOL-FINGER remote command pipe execution attempt,T1210 - Exploitation of Remote Services,llm_candidate,0.8,"Pipe character in FINGER input suggests command injection via shell metacharacters, exploiting the remote FINGER service. Candidate mapping requiring validation."
328,14,PROTOCOL-FINGER bomb attempt,T1498.001 - Direct Network Flood,llm_candidate,0.7,"The '@@' sequence is a classic FINGER bomb denial-of-service attack, directly flooding the service. Candidate mapping requiring validation."
330,15,PROTOCOL-FINGER redirection attempt,T1018 - Remote System Discovery,llm_candidate,0.5,"FINGER redirection ('@') can be used to bounce queries to other hosts, aiding remote system discovery. Candidate mapping requiring validation."
331,16,PROTOCOL-FINGER cybercop query,T1595.002 - Vulnerability Scanning,llm_candidate,0.8,"The pattern matches a known CyberCop vulnerability scanner query, indicating active vulnerability scanning. Candidate mapping requiring validation."
332,14,PROTOCOL-FINGER 0 query,T1087.001 - Local Account,llm_candidate,0.7,"A '0' query to FINGER often returns all logged-in users, facilitating local account enumeration. Candidate mapping requiring validation."
333,14,PROTOCOL-FINGER . query,T1087.001 - Local Account,llm_candidate,0.7,"A '.' query to FINGER is another variant for retrieving user lists, used for account discovery. Candidate mapping requiring validation."
336,17,PROTOCOL-FTP CWD ~root attempt,T1083 - File and Directory Discovery,llm_candidate,0.6,Attempting to change directory to '~root' via FTP indicates file and directory discovery targeting the root user's home directory. Candidate mapping requiring validation.
337,21,PROTOCOL-FTP CEL overflow attempt,T1210 - Exploitation of Remote Services,llm_candidate,0.8,The CEL command overflow attempt exploits a buffer overflow vulnerability in the FTP service (CVE-1999-0789). Candidate mapping requiring validation.
353,13,PROTOCOL-FTP adm scan,T1595.002 - Vulnerability Scanning,llm_candidate,0.8,"The 'PASS ddd@' pattern is a signature of the ADM FTP scanner, indicating vulnerability scanning activity. Candidate mapping requiring validation."
354,12,PROTOCOL-FTP iss scan,T1595.002 - Vulnerability Scanning,llm_candidate,0.8,The 'pass -iss@iss' string is a known Internet Security Systems (ISS) scanner fingerprint. Candidate mapping requiring validation.
355,13,PROTOCOL-FTP pass wh00t,T1595.002 - Vulnerability Scanning,llm_candidate,0.8,The 'pass wh00t' credential is associated with the 'wh00t' FTP scanner tool. Candidate mapping requiring validation.
356,12,PROTOCOL-FTP passwd retrieval attempt,T1552.001 - Credentials In Files,llm_candidate,0.7,Attempting to retrieve the 'passwd' file via FTP RETR command targets credentials stored in files. Candidate mapping requiring validation.
357,12,PROTOCOL-FTP piss scan,T1595.002 - Vulnerability Scanning,llm_candidate,0.8,The 'pass -cklaus' string is a signature of the 'piss' FTP scanner. Candidate mapping requiring validation.
358,12,PROTOCOL-FTP saint scan,T1595.002 - Vulnerability Scanning,llm_candidate,0.8,The 'pass -saint' credential is used by the SAINT vulnerability scanner. Candidate mapping requiring validation.
359,12,PROTOCOL-FTP satan scan,T1595.002 - Vulnerability Scanning,llm_candidate,0.8,The 'pass -satan' credential is a hallmark of the SATAN scanner. Candidate mapping requiring validation.
360,16,PROTOCOL-FTP serv-u directory traversal,T1210 - Exploitation of Remote Services,llm_candidate,0.8,"The '.%20.' sequence exploits a directory traversal vulnerability in Serv-U FTP (CVE-2001-0054), constituting remote service exploitation. Candidate mapping requiring validation."
361,22,PROTOCOL-FTP SITE EXEC attempt,T1210 - Exploitation of Remote Services,llm_candidate,0.8,The 'SITE EXEC' command attempts to execute arbitrary commands on vulnerable FTP servers (CVE-1999-0080). Candidate mapping requiring validation.
362,20,PROTOCOL-FTP tar parameters,T1210 - Exploitation of Remote Services,llm_candidate,0.8,The '--use-compress-program' tar parameter injection exploits a command execution flaw in FTP servers (CVE-1999-0202). Candidate mapping requiring validation.
363,11,PROTOCOL-ICMP IRDP router advertisement,T1021.001 - Remote Desktop Protocol,improved_heuristic_candidate,0.65,Remote Desktop Protocol indicator matched in msg context. Candidate mapping requiring validation.
364,11,PROTOCOL-ICMP IRDP router selection,T1021.001 - Remote Desktop Protocol,improved_heuristic_candidate,0.65,Remote Desktop Protocol indicator matched in msg context. Candidate mapping requiring validation.
385,8,PROTOCOL-ICMP traceroute,T1018 - Remote System Discovery,llm_candidate,0.8,"Rule detects ICMP traceroute packets, which are explicitly used for remote system discovery and network mapping (T1018). Candidate mapping requiring validation."
465,8,PROTOCOL-ICMP ISS Pinger,T1595.001 - Scanning IP Blocks,llm_candidate,0.9,"Rule matches ISS Pinger signature (content ""ISSPNGRQ\)) in ICMP packets; classtype attempted-recon indicates active scanning of IP blocks. Candidate mapping requiring validation."
466,9,PROTOCOL-ICMP L3retriever Ping,T1595.001 - Scanning IP Blocks,llm_candidate,0.9,Rule detects L3retriever Ping payload pattern; classtype attempted-recon maps to active scanning via ICMP sweeps. Candidate mapping requiring validation.
467,9,PROTOCOL-ICMP Nemesis v1.1 Echo,T1595.001 - Scanning IP Blocks,llm_candidate,0.9,Rule matches Nemesis v1.1 Echo tool signature (zero padding); classtype attempted-recon indicates ICMP-based host discovery scanning. Candidate mapping requiring validation.
474,9,PROTOCOL-ICMP superscan echo,T1595.001 - Scanning IP Blocks,llm_candidate,0.9,Rule detects SuperScan echo payload (zero padding); classtype attempted-recon maps to active scanning of IP blocks. Candidate mapping requiring validation.
476,10,PROTOCOL-ICMP webtrends scanner,T1595.001 - Scanning IP Blocks,llm_candidate,0.9,Rule matches WebTrends scanner ICMP signature; classtype attempted-recon indicates active scanning activity. Candidate mapping requiring validation.
482,10,PROTOCOL-ICMP PING WhatsupGold Windows,T1046 - Network Service Discovery,llm_candidate,0.7,"Detects ICMP echo requests from WhatsUp Gold monitoring tool, indicating network service discovery scanning. Candidate mapping requiring validation."
483,10,PROTOCOL-ICMP PING CyberKit 2.2 Windows,T1046 - Network Service Discovery,llm_candidate,0.7,"Detects ICMP payload pattern from CyberKit 2.2 Windows scanning tool, indicative of network service discovery. Candidate mapping requiring validation."
484,8,PROTOCOL-ICMP PING Sniffer Pro/NetXRay network scan,T1046 - Network Service Discovery,llm_candidate,0.7,"Detects ICMP signature of Sniffer Pro/NetXRay network scanner, showing remote system discovery activity. Candidate mapping requiring validation."
489,19,PROTOCOL-FTP no password,T1056 - Input Capture,improved_heuristic_candidate,0.68,Credential or input capture indicator matched in msg context. Candidate mapping requiring validation.
491,15,PROTOCOL-FTP Bad login,T1110.001 - Password Guessing,llm_candidate,0.8,"Detects FTP 530 authentication failure responses, consistent with password guessing attacks. Candidate mapping requiring validation."
492,15,PROTOCOL-TELNET login failed,T1110.001 - Password Guessing,llm_candidate,0.8,"Detects Telnet 'Login failed' messages, indicating credential guessing attempts. Candidate mapping requiring validation."
494,21,INDICATOR-COMPROMISE command completed,T1505.003 - Web Shell,llm_candidate,0.9,"Detects 'Command completed' in HTTP traffic with reference to IIS cmd.exe exploit (CVE-2000-0884), characteristic of web shell command execution. Candidate mapping requiring validation."
495,14,INDICATOR-COMPROMISE command error,T1505.003 - Web Shell,llm_candidate,0.8,"Detects 'Bad command or filename' in HTTP, indicating attempted command execution via web shell. Candidate mapping requiring validation."
497,21,INDICATOR-COMPROMISE file copied ok,T1505.003 - Web Shell,llm_candidate,0.8,"Detects '1 file(s) copied' in HTTP, showing file operations through a web shell. Candidate mapping requiring validation."
498,11,INDICATOR-COMPROMISE id check returned root,T1068 - Exploitation for Privilege Escalation,llm_candidate,0.7,"Detects 'uid=0(root)' in network traffic, suggesting successful privilege escalation to root. Candidate mapping requiring validation."
505,9,SERVER-OTHER Insecure TIMBUKTU Password,T1056 - Input Capture,improved_heuristic_candidate,0.68,Credential or input capture indicator matched in msg context. Candidate mapping requiring validation.
507,7,PUA-OTHER PCAnywhere Attempted Administrator Login,T1110.001 - Password Guessing,llm_candidate,0.6,"Detects 'ADMINISTRATOR' login attempt in PCAnywhere traffic, indicative of password guessing against admin account. Candidate mapping requiring validation."
509,18,SERVER-WEBAPP PCCS mysql database admin tool access,T1190 - Exploit Public-Facing Application,llm_candidate,0.7,"Detects access to PCCS MySQL admin tool (CVE-2000-0707), indicating exploitation of a public-facing web application. Candidate mapping requiring validation."
512,9,PUA-OTHER PCAnywhere Failed Login,T1110.001 - Password Guessing,llm_candidate,0.8,"Detects 'Invalid login' in PCAnywhere traffic, showing failed credential attempts. Candidate mapping requiring validation."
516,13,PROTOCOL-SNMP NT UserList,T1087.001 - Local Account,llm_candidate,0.7,"Detects SNMP query for user list (NT UserList), indicating local account discovery via SNMP. Candidate mapping requiring validation."
517,7,X11 xdmcp query,T1046 - Network Service Discovery,llm_candidate,0.7,"Detects XDMCP query packets, used for X11 service discovery and reconnaissance. Candidate mapping requiring validation."
518,16,PROTOCOL-TFTP Put,T1105 - Ingress Tool Transfer,llm_candidate,0.7,"Detects TFTP write request (put), commonly used for ingress tool transfer. Candidate mapping requiring validation."
519,16,PROTOCOL-TFTP parent directory,T1083 - File and Directory Discovery,llm_candidate,0.6,"Detects directory traversal ('..') in TFTP, indicating file and directory discovery attempts. Candidate mapping requiring validation."
520,13,PROTOCOL-TFTP root directory,T1083 - File and Directory Discovery,llm_candidate,0.6,"Detects TFTP root directory access ('/'), showing file system enumeration. Candidate mapping requiring validation."
529,16,NETBIOS DCERPC NCACN-IP-TCP srvsvc NetrShareEnum null policy handle attempt,T1135 - Network Share Discovery,llm_candidate,0.9,"Detects DCERPC NetrShareEnum with null session, a classic network share discovery technique. Candidate mapping requiring validation."
530,14,OS-WINDOWS NT NULL session,T1018 - Remote System Discovery,llm_candidate,0.7,"The rule detects SMB NULL session connections (Windows NT 1381), which are commonly used for anonymous enumeration of remote systems, shares, and accounts, aligning with Remote System Discovery. Candidate mapping requiring validation."
534,9,NETBIOS SMB CD..,T1021.002 - SMB/Windows Admin Shares,improved_heuristic_candidate,0.63,SMB or administrative share indicator matched in msg context. Candidate mapping requiring validation.
535,9,NETBIOS SMB CD...,T1021.002 - SMB/Windows Admin Shares,improved_heuristic_candidate,0.63,SMB or administrative share indicator matched in msg context. Candidate mapping requiring validation.
545,9,INDICATOR-COMPROMISE FTP 'CWD / ' possible warez site,T1083 - File and Directory Discovery,llm_candidate,0.5,"The rule detects FTP CWD to root directory, which may indicate file system enumeration, loosely mapping to File and Directory Discovery. Candidate mapping requiring validation."
546,10,INDICATOR-COMPROMISE FTP 'CWD  ' possible warez site,T1083 - File and Directory Discovery,llm_candidate,0.5,"Similar to the previous rule, FTP CWD with double space may indicate directory exploration, weakly mapping to File and Directory Discovery. Candidate mapping requiring validation."
553,13,POLICY-OTHER FTP anonymous login attempt,T1078.001 - Default Accounts,llm_candidate,0.8,"The rule uses a PCRE to detect FTP anonymous login attempts (USER anonymous or ftp), directly mapping to the use of Default Accounts. Candidate mapping requiring validation."
560,9,APP-DETECT VNC server response,T1219.002 - Remote Desktop Software,llm_candidate,0.7,"The rule matches VNC server responses (RFB 0.0), indicating the presence of Remote Desktop Software (VNC), a sub-technique of Remote Access Tools. Candidate mapping requiring validation."
566,10,APP-DETECT PCAnywhere server response,T1219.002 - Remote Desktop Software,llm_candidate,0.7,"The rule detects PCAnywhere server responses (ST), indicating Remote Desktop Software, mapping to the same sub-technique. Candidate mapping requiring validation."
569,25,PROTOCOL-RPC snmpXdmi overflow attempt TCP,T1210 - Exploitation of Remote Services,llm_candidate,0.8,"The rule detects a buffer overflow attempt against snmpXdmi via SunRPC, which is an Exploitation of Remote Services. Candidate mapping requiring validation."
572,14,PROTOCOL-RPC DOS ttdbserv Solaris,T1499.004 - Application or System Exploitation,llm_candidate,0.7,"The rule matches a DoS exploit against ttdbserv on Solaris via RPC, mapping to Endpoint Denial of Service through Application or System Exploitation. Candidate mapping requiring validation."
574,14,PROTOCOL-RPC mountd TCP export request,T1135 - Network Share Discovery,llm_candidate,0.7,"The rule detects an RPC mountd export request, which is used to enumerate exported network shares, directly mapping to Network Share Discovery. Candidate mapping requiring validation."
575,17,PROTOCOL-RPC portmap admind request UDP,T1046 - Network Service Discovery,llm_candidate,0.7,"The rule detects a portmap admind request over UDP, which queries the RPC portmapper for service information, consistent with Network Service Discovery. Candidate mapping requiring validation."
576,17,PROTOCOL-RPC portmap amountd request UDP,T1046 - Network Service Discovery,llm_candidate,0.9,"Rule detects RPC portmapper GETPORT request for amountd service, which is active enumeration of available RPC services on a target host. Candidate mapping requiring validation."
577,23,PROTOCOL-RPC portmap bootparam request UDP,T1046 - Network Service Discovery,llm_candidate,0.9,"Rule detects RPC portmapper GETPORT request for bootparam service, indicating network service discovery via portmapper queries. Candidate mapping requiring validation."
578,17,PROTOCOL-RPC portmap cmsd request UDP,T1046 - Network Service Discovery,llm_candidate,0.9,"Rule detects RPC portmapper GETPORT request for cmsd service, consistent with adversary enumeration of RPC services. Candidate mapping requiring validation."
579,17,PROTOCOL-RPC portmap mountd request UDP,T1046 - Network Service Discovery,llm_candidate,0.9,"Rule detects RPC portmapper GETPORT request for mountd service, a common network service discovery technique. Candidate mapping requiring validation."
580,21,PROTOCOL-RPC portmap nisd request UDP,T1046 - Network Service Discovery,llm_candidate,0.9,"Rule detects RPC portmapper GETPORT request for nisd service, used to discover NIS/YP services on the network. Candidate mapping requiring validation."
581,18,PROTOCOL-RPC portmap pcnfsd request UDP,T1046 - Network Service Discovery,llm_candidate,0.9,"Rule detects RPC portmapper GETPORT request for pcnfsd service, part of RPC service enumeration. Candidate mapping requiring validation."
582,17,PROTOCOL-RPC portmap rexd request UDP,T1046 - Network Service Discovery,llm_candidate,0.9,"Rule detects RPC portmapper GETPORT request for rexd service, indicating remote execution service discovery. Candidate mapping requiring validation."
583,18,PROTOCOL-RPC portmap rstatd request UDP,T1046 - Network Service Discovery,llm_candidate,0.9,"Rule detects RPC portmapper GETPORT request for rstatd service, used for system performance monitoring service discovery. Candidate mapping requiring validation."
584,20,PROTOCOL-RPC portmap rusers request UDP,T1046 - Network Service Discovery,llm_candidate,0.9,"Rule detects RPC portmapper GETPORT request for rusers service, enumerating user listing services. Candidate mapping requiring validation."
585,18,PROTOCOL-RPC Solaris UDP portmap sadmin port query request attempt,T1046 - Network Service Discovery,llm_candidate,0.9,"Rule detects Solaris sadmin port query via portmapper, a specific RPC service discovery attempt. Candidate mapping requiring validation."
586,18,PROTOCOL-RPC portmap selection_svc request UDP,T1046 - Network Service Discovery,llm_candidate,0.9,"Rule detects RPC portmapper GETPORT request for selection_svc, another RPC service enumeration. Candidate mapping requiring validation."
587,17,PROTOCOL-RPC portmap status request UDP,T1046 - Network Service Discovery,llm_candidate,0.9,"Rule detects RPC portmapper GETPORT request for status service, used to query portmapper status. Candidate mapping requiring validation."
588,27,PROTOCOL-RPC portmap ttdbserv request UDP,T1046 - Network Service Discovery,llm_candidate,0.9,"Rule detects RPC portmapper GETPORT request for ttdbserv (ToolTalk), a service discovery attempt. Candidate mapping requiring validation."
589,16,PROTOCOL-RPC portmap yppasswd request UDP,T1046 - Network Service Discovery,llm_candidate,0.9,"Rule detects RPC portmapper GETPORT request for yppasswd service, enumerating NIS password change service. Candidate mapping requiring validation."
590,22,PROTOCOL-RPC portmap ypserv request UDP,T1046 - Network Service Discovery,llm_candidate,0.9,"Rule detects RPC portmapper GETPORT request for ypserv, discovering NIS master/slave servers. Candidate mapping requiring validation."
591,22,PROTOCOL-RPC portmap ypupdated request TCP,T1046 - Network Service Discovery,llm_candidate,0.9,"Rule detects RPC portmapper GETPORT request for ypupdated over TCP, part of RPC service enumeration. Candidate mapping requiring validation."
593,31,PROTOCOL-RPC portmap snmpXdmi request TCP,T1046 - Network Service Discovery,llm_candidate,0.9,"Rule detects RPC portmapper GETPORT request for snmpXdmi over TCP, indicating SNMP-related RPC service discovery. Candidate mapping requiring validation."
595,22,PROTOCOL-RPC portmap espd request TCP,T1046 - Network Service Discovery,llm_candidate,0.9,"Rule detects RPC portmapper GETPORT request for espd over TCP, another RPC service enumeration. Candidate mapping requiring validation."
598,23,PROTOCOL-RPC portmap listing TCP 111,T1046 - Network Service Discovery,llm_candidate,0.9,"Rule detects RPC portmapper DUMP procedure (listing) on port 111, which returns all registered RPC services — classic network service discovery. Candidate mapping requiring validation."
599,17,PROTOCOL-RPC portmap listing TCP 32771,T1046 - Network Service Discovery,llm_candidate,0.9,"Rule detects RPC portmapper DUMP procedure on port 32771, also a service enumeration technique. Candidate mapping requiring validation."
602,11,PROTOCOL-SERVICES rlogin bin,T1021 - Remote Services,llm_candidate,0.7,"Rule detects rlogin authentication attempt with username 'bin', indicating use of the rlogin remote service protocol for access. Candidate mapping requiring validation."
604,15,PROTOCOL-SERVICES Unix rlogin froot parameter root access attempt,T1210 - Exploitation of Remote Services,llm_candidate,0.9,"Rule detects the '-froot' parameter in rlogin traffic, a known exploit (CVE-1999-0113) targeting the rlogin daemon for privilege escalation — direct exploitation of a remote service. Candidate mapping requiring validation."
605,13,PROTOCOL-SERVICES rlogin login failure,T1110 - Brute Force,llm_candidate,0.5,"Rule detects 'login incorrect' response in rlogin traffic, which may indicate failed authentication attempts consistent with brute-force or password-guessing activity. Candidate mapping requiring validation."
608,10,PROTOCOL-SERVICES rsh echo + +,T1018 - Remote System Discovery,llm_candidate,0.6,"Rule detects 'echo + +' command used to test rsh trust relationships, which is a form of remote system discovery. Candidate mapping requiring validation."
612,12,PROTOCOL-RPC rusers query UDP,T1087.001 - Local Account,llm_candidate,0.7,"Rule detects RPC rusers query, which enumerates logged-in users on remote systems, mapping to Local Account Discovery. Candidate mapping requiring validation."
631,16,SERVER-MAIL ehlo cybercop attempt,T1595.002 - Vulnerability Scanning,llm_candidate,0.6,"Rule detects EHLO string from CyberCop vulnerability scanner, indicating active vulnerability scanning against SMTP. Candidate mapping requiring validation."
632,15,SERVER-MAIL expn cybercop attempt,T1595.002 - Vulnerability Scanning,llm_candidate,0.6,"Rule detects EXPN command from CyberCop scanner, also indicative of vulnerability scanning against mail servers. Candidate mapping requiring validation."
647,15,INDICATOR-SHELLCODE Oracle sparc setuid 0,T1068 - Exploitation for Privilege Escalation,llm_candidate,0.7,"Rule detects SPARC shellcode performing setuid(0), a clear privilege escalation exploit payload. Candidate mapping requiring validation."
649,15,INDICATOR-SHELLCODE x86 setgid 0,T1068 - Exploitation for Privilege Escalation,llm_candidate,0.7,"Rule detects x86 shellcode performing setgid(0), indicating privilege escalation exploit. Candidate mapping requiring validation."
650,15,INDICATOR-SHELLCODE x86 setuid 0,T1068 - Exploitation for Privilege Escalation,llm_candidate,0.7,"Rule detects x86 shellcode performing setuid(0), indicating privilege escalation exploit. Candidate mapping requiring validation."
654,29,SERVER-MAIL RCPT TO overflow,T1190 - Exploit Public-Facing Application,llm_candidate,0.8,"Rule detects RCPT TO buffer overflow attempt against SMTP, a public-facing application exploit. Candidate mapping requiring validation."
655,16,SERVER-MAIL Sendmail 8.6.9 exploit,T1190 - Exploit Public-Facing Application,llm_candidate,0.9,"Rule detects a known Sendmail exploit (CVE-1999-0204) via a specific payload pattern, indicating an exploit attempt against a public-facing SMTP server. Candidate mapping requiring validation."
657,20,SERVER-MAIL Netmanager chameleon SMTPd buffer overflow attempt,T1190 - Exploit Public-Facing Application,llm_candidate,0.9,"Rule matches a buffer overflow attempt in Netmanager Chameleon SMTPd via an overly long HELP command, which is an exploit against a public-facing mail service. Candidate mapping requiring validation."
658,19,SERVER-MAIL Microsoft Windows Exchange Server 5.5 mime DOS,T1499.003 - Application Exhaustion Flood,llm_candidate,0.8,"Rule detects a malformed MIME charset parameter used to trigger a denial-of-service in Exchange 5.5, an application-layer exhaustion attack. Candidate mapping requiring validation."
659,18,SERVER-MAIL Sendmail expn decode,T1190 - Exploit Public-Facing Application,llm_candidate,0.9,"Rule looks for the EXPN decode command, a known Sendmail vulnerability (CVE-1999-0096) that allows remote command execution, constituting an exploit of a public-facing application. Candidate mapping requiring validation."
660,19,SERVER-MAIL expn root,T1018 - Remote System Discovery,llm_candidate,0.7,"Rule detects EXPN root, which is used to enumerate the root mailing alias for reconnaissance of user accounts on the mail server. Candidate mapping requiring validation."
661,18,SERVER-MAIL Majordomo ifs,T1190 - Exploit Public-Facing Application,llm_candidate,0.9,"Rule matches a Majordomo command-injection exploit (CVE-1999-0207) via a crafted Reply-To header, targeting a public-facing mailing list manager. Candidate mapping requiring validation."
662,17,SERVER-MAIL Sendmail 5.5.5 exploit,T1190 - Exploit Public-Facing Application,llm_candidate,0.9,Rule detects a Sendmail 5.5.5 exploit (CVE-1999-0203) using a pipe character in the MAIL FROM command to execute arbitrary commands. Candidate mapping requiring validation.
663,24,SERVER-MAIL Sendmail rcpt to command attempt,T1190 - Exploit Public-Facing Application,llm_candidate,0.9,"Rule identifies RCPT TO commands containing shell metacharacters (pipe or semicolon), a classic Sendmail command-injection exploit attempt. Candidate mapping requiring validation."
664,23,SERVER-MAIL Sendmail RCPT TO decode attempt,T1190 - Exploit Public-Facing Application,llm_candidate,0.9,"Rule targets RCPT TO decode attempts, another variant of the Sendmail decode alias exploit (CVE-1999-0203) for remote code execution. Candidate mapping requiring validation."
665,17,SERVER-MAIL Sendmail 5.6.5 exploit,T1190 - Exploit Public-Facing Application,llm_candidate,0.9,"Rule matches a Sendmail 5.6.5 exploit that pipes the MAIL FROM address to the tail command, achieving command execution on the mail server. Candidate mapping requiring validation."
667,17,SERVER-MAIL Sendmail 8.6.10 exploit,T1190 - Exploit Public-Facing Application,llm_candidate,0.9,Rule detects a Sendmail 8.6.10 exploit pattern (CVE-1999-0204) using a crafted configuration line to run programs. Candidate mapping requiring validation.
668,17,SERVER-MAIL Sendmail 8.6.10 exploit,T1190 - Exploit Public-Facing Application,llm_candidate,0.9,"Rule detects a variant of the Sendmail 8.6.10 exploit with tab characters, same CVE-1999-0204, for remote code execution. Candidate mapping requiring validation."
669,17,SERVER-MAIL Sendmail 8.6.9 exploit,T1190 - Exploit Public-Facing Application,llm_candidate,0.9,Rule matches a Sendmail 8.6.9 exploit pattern (CVE-1999-0204) that injects a configuration line to execute arbitrary commands. Candidate mapping requiring validation.
670,16,SERVER-MAIL Sendmail 8.6.9 exploit,T1190 - Exploit Public-Facing Application,llm_candidate,0.9,Rule detects another Sendmail 8.6.9 exploit variant (CVE-1999-0204) using a crafted daemon configuration line for command execution. Candidate mapping requiring validation.
671,17,SERVER-MAIL Sendmail 8.6.9c exploit,T1190 - Exploit Public-Facing Application,llm_candidate,0.9,Rule matches a Sendmail 8.6.9c exploit (CVE-1999-0204) with a carriage-return line-feed sequence to inject a malicious configuration. Candidate mapping requiring validation.
672,17,SERVER-MAIL vrfy decode,T1190 - Exploit Public-Facing Application,llm_candidate,0.9,"Rule looks for VRFY decode, a Sendmail vulnerability (CVE-1999-0096) that can lead to remote command execution via the decode alias. Candidate mapping requiring validation."
673,9,SQL sp_start_job - program execution,T1059 - Command and Scripting Interpreter,llm_candidate,0.6,"Rule detects the Unicode-encoded string for the SQL Server stored procedure sp_start_job, which can be abused to execute programs via SQL Agent jobs; however, the network context is insufficient to confirm an exploit versus legitimate use. Candidate mapping requiring validation."
676,9,SQL sp_start_job - program execution,T1059 - Command and Scripting Interpreter,llm_candidate,0.6,Duplicate of rule 360; same reasoning applies. Candidate mapping requiring validation.
677,10,SQL sp_password password change,T1056 - Input Capture,improved_heuristic_candidate,0.68,Credential or input capture indicator matched in msg context. Candidate mapping requiring validation.
678,10,SQL sp_delete_alert log file deletion,T1070 - Indicator Removal,llm_candidate,0.7,"Rule matches sp_delete_alert, a stored procedure that deletes SQL Server alert logs, indicating indicator removal on the host. Candidate mapping requiring validation."
679,9,SQL sp_adduser database user creation,T1136 - Create Account,llm_candidate,0.8,"Rule detects sp_adduser, a stored procedure that creates a new database user, constituting account creation. Candidate mapping requiring validation."
681,10,SQL xp_cmdshell program execution,T1059.003 - Windows Command Shell,llm_candidate,0.95,"Rule identifies xp_cmdshell, an extended stored procedure that directly executes Windows command shell (cmd.exe) commands, a clear instance of command and scripting interpreter abuse. Candidate mapping requiring validation."
683,9,SQL sp_password - password change,T1056 - Input Capture,improved_heuristic_candidate,0.68,Credential or input capture indicator matched in msg context. Candidate mapping requiring validation.
684,9,SQL sp_delete_alert log file deletion,T1070 - Indicator Removal,llm_candidate,0.7,Duplicate of rule 363; same reasoning applies. Candidate mapping requiring validation.
685,9,SQL sp_adduser - database user creation,T1136 - Create Account,llm_candidate,0.8,Duplicate of rule 364; same reasoning applies. Candidate mapping requiring validation.
686,17,SERVER-MSSQL xp_reg* - registry access,T1012 - Query Registry,llm_candidate,0.8,"Rule detects the string 'xp_reg' (Unicode) in MSSQL traffic, indicating use of the xp_regread/xp_regwrite extended stored procedures to query or modify the Windows registry. Candidate mapping requiring validation."
687,10,SQL xp_cmdshell - program execution,T1059.003 - Windows Command Shell,llm_candidate,0.85,"Rule detects 'xp_cmdshell' in MSSQL traffic, which is an extended stored procedure that executes Windows command shell (cmd.exe) commands on the server. Candidate mapping requiring validation."
688,18,SQL sa login failed,T1110.001 - Password Guessing,llm_candidate,0.6,"Rule detects a failed login for the 'sa' account, which is consistent with password guessing attempts against the SQL Server administrator account. Candidate mapping requiring validation."
689,16,SERVER-MSSQL xp_reg* registry access,T1012 - Query Registry,llm_candidate,0.8,Duplicate of rule 369; detects 'xp_reg' Unicode string indicating registry access via MSSQL extended stored procedures. Candidate mapping requiring validation.
695,14,SERVER-MSSQL xp_sprintf possible buffer overflow,T1210 - Exploitation of Remote Services,llm_candidate,0.8,"Rule detects 'xp_sprintf' in MSSQL traffic, targeting a known buffer overflow vulnerability (MS01-060) in the SQL Server extended stored procedure, constituting exploitation of a remote service. Candidate mapping requiring validation."
704,16,SERVER-MSSQL xp_sprintf possible buffer overflow,T1210 - Exploitation of Remote Services,llm_candidate,0.8,Duplicate of rule 377; detects 'xp_sprintf' buffer overflow exploit attempt against MSSQL. Candidate mapping requiring validation.
709,17,PROTOCOL-TELNET 4Dgifts SGI account attempt,T1078.001 - Default Accounts,llm_candidate,0.75,"Rule detects the string '4Dgifts', a default account on SGI systems, indicating use of default credentials for telnet login. Candidate mapping requiring validation."
710,17,PROTOCOL-TELNET EZsetup account attempt,T1078.001 - Default Accounts,llm_candidate,0.75,"Rule detects 'OutOfBox', a default account string used in EZsetup on SGI systems, indicating default credential use. Candidate mapping requiring validation."
711,18,PROTOCOL-TELNET SGI telnetd format bug,T1210 - Exploitation of Remote Services,llm_candidate,0.8,"Rule detects '_RLD' and 'bin/sh' strings associated with a format string vulnerability in SGI telnetd (CVE-2000-0733), indicating exploitation of a remote service. Candidate mapping requiring validation."
712,16,PROTOCOL-TELNET ld_library_path,T1574.006 - Dynamic Linker Hijacking,llm_candidate,0.7,"Rule detects 'ld_library_path' manipulation in telnet traffic, which is used to hijack dynamic linker loading (CVE-1999-0073), mapping to Dynamic Linker Hijacking. Candidate mapping requiring validation."
713,18,PROTOCOL-TELNET livingston DOS,T1498.001 - Direct Network Flood,llm_candidate,0.8,"Rule detects a specific byte pattern (|FF F3 FF F3...|) used in a denial-of-service attack against Livingston telnetd, constituting a direct network flood. Candidate mapping requiring validation."
714,15,PROTOCOL-TELNET resolv_host_conf,T1210 - Exploitation of Remote Services,llm_candidate,0.8,"Rule detects 'resolv_host_conf' string associated with a buffer overflow in telnetd (CVE-2001-0170), indicating exploitation of a remote service. Candidate mapping requiring validation."
715,14,PROTOCOL-TELNET Attempted SU from wrong group,T1548.001 - Setuid and Setgid,llm_candidate,0.6,"Rule detects 'to su root' message, indicating an attempt to use the setuid 'su' binary to escalate privileges from an unauthorized group. Candidate mapping requiring validation."
718,16,PROTOCOL-TELNET login incorrect,T1110.001 - Password Guessing,llm_candidate,0.6,"Rule detects 'Login incorrect' message, consistent with failed login attempts such as password guessing. Candidate mapping requiring validation."
719,15,PROTOCOL-TELNET root login,T1078.003 - Local Accounts,llm_candidate,0.5,"Rule detects 'login: root' indicating a root login attempt over telnet; could be legitimate admin activity but flagged as suspicious, mapping to use of local accounts. Candidate mapping requiring validation."
803,21,SERVER-WEBAPP HyperSeek hsx.cgi directory traversal attempt,T1190 - Exploit Public-Facing Application,improved_heuristic_candidate,0.62,Web-facing exploit indicator matched in msg context. Candidate mapping requiring validation.
804,20,SERVER-WEBAPP SWSoft ASPSeek Overflow attempt,T1190 - Exploit Public-Facing Application,llm_candidate,0.8,"Rule detects '/s.cgi' and 'tmpl=' parameters associated with a buffer overflow in SWSoft ASPSeek (CVE-2001-0476), indicating exploitation of a public-facing web application. Candidate mapping requiring validation."
805,22,SERVER-WEBAPP Progress webspeed access,T1190 - Exploit Public-Facing Application,llm_candidate,0.8,"Rule detects access to Progress WebSpeed '/wsisa.dll/WService=' and 'WSMadmin', which is associated with a remote command execution vulnerability (CVE-2000-0127) in a public-facing web application. Candidate mapping requiring validation."
806,24,SERVER-WEBAPP yabb directory traversal attempt,T1190 - Exploit Public-Facing Application,improved_heuristic_candidate,0.62,Web-facing exploit indicator matched in msg context. Candidate mapping requiring validation.
807,24,SERVER-WEBAPP /wwwboard/passwd.txt access,T1552.001 - Credentials In Files,llm_candidate,0.9,"Rule detects direct access to '/wwwboard/passwd.txt', a file containing credentials, which maps to Credentials In Files. Candidate mapping requiring validation."
808,21,SERVER-WEBAPP webdriver access,T1595.002 - Vulnerability Scanning,llm_candidate,0.7,Detects access to '/webdriver' endpoint associated with Selenium WebDriver; rule classtype is attempted-recon indicating vulnerability scanning for exposed browser automation interfaces. Candidate mapping requiring validation.
810,19,SERVER-WEBAPP whois_raw.cgi access,T1595.002 - Vulnerability Scanning,llm_candidate,0.7,"Detects requests to '/whois_raw.cgi', a known CGI script; classtype attempted-recon suggests scanning for vulnerable WHOIS lookup functionality. Candidate mapping requiring validation."
811,18,SERVER-WEBAPP websitepro path access,T1595.002 - Vulnerability Scanning,llm_candidate,0.6,"Matches malformed HTTP request pattern ' /HTTP/1.' targeting WebsitePro; though CVE-2000-0066 is referenced, classtype is attempted-recon indicating scanning rather than confirmed exploitation. Candidate mapping requiring validation."
812,22,SERVER-WEBAPP webplus version access,T1595.002 - Vulnerability Scanning,llm_candidate,0.7,Detects '/webplus?about' query used to extract version information; classtype attempted-recon aligns with vulnerability scanning for WebPlus servers. Candidate mapping requiring validation.
813,22,SERVER-WEBAPP webplus directory traversal,T1190 - Exploit Public-Facing Application,improved_heuristic_candidate,0.62,Web-facing exploit indicator matched in msg context. Candidate mapping requiring validation.
815,22,SERVER-WEBAPP websendmail access,T1595.002 - Vulnerability Scanning,llm_candidate,0.7,Detects access to '/websendmail' CGI script; classtype attempted-recon indicates scanning for known vulnerable mail gateway. Candidate mapping requiring validation.
817,19,SERVER-WEBAPP dcboard.cgi invalid user addition attempt,T1190 - Exploit Public-Facing Application,llm_candidate,0.9,Detects dcboard.cgi registration attempt with 'command=register' and '%7cadmin' (pipe admin) payload; classtype web-application-attack and CVE-2001-0527 indicate active exploitation for privilege escalation. Candidate mapping requiring validation.
818,17,SERVER-WEBAPP dcforum.cgi access,T1595.002 - Vulnerability Scanning,llm_candidate,0.7,Detects access to '/dcforum.cgi' forum script; classtype attempted-recon suggests reconnaissance for vulnerable DCForum installations. Candidate mapping requiring validation.
819,22,SERVER-WEBAPP mmstdod.cgi access,T1595.002 - Vulnerability Scanning,llm_candidate,0.7,Detects requests to '/mmstdod.cgi' CGI script; classtype attempted-recon indicates scanning for known vulnerable Matt's Script Archive component. Candidate mapping requiring validation.
820,19,SERVER-WEBAPP anaconda directory traversal attempt,T1190 - Exploit Public-Facing Application,improved_heuristic_candidate,0.62,Web-facing exploit indicator matched in msg context. Candidate mapping requiring validation.
821,25,SERVER-WEBAPP imagemap.exe overflow attempt,T1190 - Exploit Public-Facing Application,llm_candidate,0.85,Detects '/imagemap.exe?' request pattern associated with buffer overflow exploit; classtype web-application-attack and CVE-1999-0951 indicate active exploitation attempt. Candidate mapping requiring validation.
823,20,SERVER-WEBAPP cvsweb.cgi access,T1595.002 - Vulnerability Scanning,llm_candidate,0.7,Detects access to '/cvsweb.cgi' CVS web interface; classtype attempted-recon indicates vulnerability scanning for exposed CVS repositories. Candidate mapping requiring validation.
824,27,SERVER-WEBAPP php.cgi access,T1595.002 - Vulnerability Scanning,llm_candidate,0.7,Detects requests to '/php.cgi' PHP CGI binary; classtype attempted-recon aligns with scanning for outdated PHP CGI installations vulnerable to multiple CVEs. Candidate mapping requiring validation.
825,21,SERVER-WEBAPP glimpse access,T1595.002 - Vulnerability Scanning,llm_candidate,0.7,Detects access to '/glimpse' search CGI; classtype attempted-recon indicates scanning for vulnerable Glimpse HTTP indexer. Candidate mapping requiring validation.
826,21,SERVER-WEBAPP htmlscript access,T1595.002 - Vulnerability Scanning,llm_candidate,0.7,Detects requests to '/htmlscript' CGI; classtype attempted-recon suggests reconnaissance for HTMLScript vulnerability (CVE-1999-0264). Candidate mapping requiring validation.
827,21,SERVER-WEBAPP info2www access,T1595.002 - Vulnerability Scanning,llm_candidate,0.7,Detects access to '/info2www' gateway CGI; classtype attempted-recon indicates scanning for known vulnerable info2www installations. Candidate mapping requiring validation.
828,17,SERVER-WEBAPP maillist.pl access,T1595.002 - Vulnerability Scanning,llm_candidate,0.6,"Detects '/maillist.pl' mailing list script; classtype attempted-recon suggests scanning, though no specific CVE references are provided. Candidate mapping requiring validation."
829,24,SERVER-WEBAPP nph-test-cgi access,T1595.002 - Vulnerability Scanning,llm_candidate,0.7,Detects '/nph-test-cgi' test script; classtype attempted-recon and CVE-1999-0045 reference indicate vulnerability scanning for default test scripts. Candidate mapping requiring validation.
832,25,SERVER-WEBAPP perl.exe access,T1595.002 - Vulnerability Scanning,llm_candidate,0.7,Detects '/perl.exe' executable access; classtype attempted-recon and CERT advisory reference indicate scanning for exposed Perl interpreters. Candidate mapping requiring validation.
833,23,SERVER-WEBAPP rguest.exe access,T1595.002 - Vulnerability Scanning,llm_candidate,0.7,Detects '/rguest.exe' executable; classtype attempted-recon and CVE-1999-0287 reference indicate vulnerability scanning for rguest.exe exposure. Candidate mapping requiring validation.
834,19,SERVER-WEBAPP rwwwshell.pl access,T1595.002 - Vulnerability Scanning,llm_candidate,0.6,Detects '/rwwwshell.pl' remote web shell script; classtype attempted-recon suggests scanning for backdoor or administrative scripts. Candidate mapping requiring validation.
835,26,SERVER-WEBAPP test-cgi access,T1595.002 - Vulnerability Scanning,llm_candidate,0.8,Detects '/test-cgi' default test script; classtype attempted-recon and CVE-1999-0070 reference confirm classic vulnerability scanning for default CGI installations. Candidate mapping requiring validation.
836,22,SERVER-WEBAPP textcounter.pl access,T1595.002 - Vulnerability Scanning,llm_candidate,0.7,Detects '/textcounter.pl' counter script; classtype attempted-recon and CVE-1999-1479 reference indicate scanning for vulnerable text counter CGI. Candidate mapping requiring validation.
837,22,SERVER-WEBAPP uploader.exe access,T1041 - Exfiltration Over C2 Channel,improved_heuristic_candidate,0.58,"Exfiltration indicator matched in msg, content context. Candidate mapping requiring validation."
838,22,SERVER-WEBAPP webgais access,T1595.002 - Vulnerability Scanning,llm_candidate,0.7,Detects '/webgais' GAIS gateway CGI; classtype attempted-recon and CVE-1999-0176 reference indicate vulnerability scanning for webgais installations. Candidate mapping requiring validation.
839,20,SERVER-WEBAPP finger access,T1595.002 - Vulnerability Scanning,llm_candidate,0.85,"Detects access to /finger endpoint, a known information disclosure service often targeted during web vulnerability scanning. Candidate mapping requiring validation."
840,19,SERVER-WEBAPP perlshop.cgi access,T1595.002 - Vulnerability Scanning,llm_candidate,0.85,"Detects requests to perlshop.cgi, a historically vulnerable CGI script commonly probed during vulnerability scanning. Candidate mapping requiring validation."
842,19,SERVER-WEBAPP aglimpse access,T1595.002 - Vulnerability Scanning,llm_candidate,0.85,"Detects access to aglimpse, a known vulnerable search script frequently scanned for in web applications. Candidate mapping requiring validation."
843,22,SERVER-WEBAPP anform2 access,T1595.002 - Vulnerability Scanning,llm_candidate,0.85,"Detects requests to AnForm2, a vulnerable form processor often targeted in vulnerability scans. Candidate mapping requiring validation."
844,21,SERVER-WEBAPP args.bat access,T1595.002 - Vulnerability Scanning,llm_candidate,0.85,"Detects access to args.bat, a batch file known to expose system information when accessible via web. Candidate mapping requiring validation."
845,19,SERVER-WEBAPP AT-admin.cgi access,T1595.002 - Vulnerability Scanning,llm_candidate,0.85,"Detects requests to AT-admin.cgi, an administrative CGI script with known vulnerabilities. Candidate mapping requiring validation."
846,20,SERVER-WEBAPP bnbform.cgi access,T1595.002 - Vulnerability Scanning,llm_candidate,0.85,"Detects access to bnbform.cgi, a vulnerable form mail script commonly scanned for. Candidate mapping requiring validation."
847,22,SERVER-WEBAPP campas access,T1595.002 - Vulnerability Scanning,llm_candidate,0.85,"Detects requests to campas, a vulnerable campus information script often probed. Candidate mapping requiring validation."
848,20,SERVER-WEBAPP view-source directory traversal,T1190 - Exploit Public-Facing Application,improved_heuristic_candidate,0.62,Web-facing exploit indicator matched in msg context. Candidate mapping requiring validation.
849,20,SERVER-WEBAPP view-source access,T1595.002 - Vulnerability Scanning,llm_candidate,0.85,"Detects access to view-source endpoint, a feature often misconfigured to reveal source code during scanning. Candidate mapping requiring validation."
850,17,SERVER-WEBAPP wais.pl access,T1595.002 - Vulnerability Scanning,llm_candidate,0.85,"Detects requests to wais.pl, a Wide Area Information Server script with known vulnerabilities. Candidate mapping requiring validation."
851,19,SERVER-WEBAPP files.pl access,T1595.002 - Vulnerability Scanning,llm_candidate,0.85,"Detects access to files.pl, a file management script historically vulnerable to directory traversal. Candidate mapping requiring validation."
852,22,SERVER-WEBAPP wguest.exe access,T1595.002 - Vulnerability Scanning,llm_candidate,0.85,"Detects requests to wguest.exe, a WebGuest executable with known buffer overflow vulnerabilities. Candidate mapping requiring validation."
853,17,SERVER-WEBAPP wrap access,T1595.002 - Vulnerability Scanning,llm_candidate,0.85,"Detects access to wrap, a wrapper script often vulnerable to command injection. Candidate mapping requiring validation."
854,19,SERVER-WEBAPP classifieds.cgi access,T1595.002 - Vulnerability Scanning,llm_candidate,0.85,"Detects requests to classifieds.cgi, a classified ads script with known security flaws. Candidate mapping requiring validation."
856,17,SERVER-WEBAPP environ.cgi access,T1595.002 - Vulnerability Scanning,llm_candidate,0.85,"Detects access to environ.cgi, a script that exposes environment variables when vulnerable. Candidate mapping requiring validation."
857,26,SERVER-WEBAPP faxsurvey access,T1595.002 - Vulnerability Scanning,llm_candidate,0.85,"Detects requests to faxsurvey, a fax survey script with known vulnerabilities. Candidate mapping requiring validation."
858,19,SERVER-WEBAPP filemail access,T1595.002 - Vulnerability Scanning,llm_candidate,0.85,"Detects access to filemail.pl, a file email script historically vulnerable to abuse. Candidate mapping requiring validation."
859,21,SERVER-WEBAPP man.sh access,T1595.002 - Vulnerability Scanning,llm_candidate,0.85,"Detects requests to man.sh, a shell script that may expose manual pages or system information. Candidate mapping requiring validation."
860,22,SERVER-WEBAPP snork.bat access,T1595.002 - Vulnerability Scanning,llm_candidate,0.85,"Detects access to snork.bat, a batch file with known command execution vulnerabilities. Candidate mapping requiring validation."
861,25,SERVER-WEBAPP w3-msql access,T1595.002 - Vulnerability Scanning,llm_candidate,0.85,"Detects requests to w3-msql directory, a Mini SQL web interface with multiple known vulnerabilities. Candidate mapping requiring validation."
862,21,SERVER-WEBAPP csh access,T1595.002 - Vulnerability Scanning,llm_candidate,0.8,"Detects access to csh (C shell) binary, often probed to test for shell access via web server misconfiguration. Candidate mapping requiring validation."
863,19,SERVER-WEBAPP day5datacopier.cgi access,T1595.002 - Vulnerability Scanning,llm_candidate,0.85,"Detects requests to day5datacopier.cgi, a Day5 data copier script with known vulnerabilities. Candidate mapping requiring validation."
864,19,SERVER-WEBAPP day5datanotifier.cgi access,T1595.002 - Vulnerability Scanning,llm_candidate,0.85,"Detects access to day5datanotifier.cgi, a Day5 data notifier script commonly scanned for. Candidate mapping requiring validation."
865,20,SERVER-WEBAPP ksh access,T1595.002 - Vulnerability Scanning,llm_candidate,0.8,"Detects requests to ksh (Korn shell) binary, similar to csh access attempts for shell probing. Candidate mapping requiring validation."
866,20,SERVER-WEBAPP post-query access,T1595.002 - Vulnerability Scanning,llm_candidate,0.65,"Rule detects HTTP requests to a known vulnerable CGI path (/post-query), consistent with web application vulnerability scanning reconnaissance. Candidate mapping requiring validation."
867,22,SERVER-WEBAPP visadmin.exe access,T1595.002 - Vulnerability Scanning,llm_candidate,0.65,"Rule detects HTTP requests to a known vulnerable executable path (/visadmin.exe), consistent with web application vulnerability scanning reconnaissance. Candidate mapping requiring validation."
868,21,SERVER-WEBAPP rsh access,T1595.002 - Vulnerability Scanning,llm_candidate,0.65,"Rule detects HTTP requests to a known vulnerable path (/rsh), consistent with web application vulnerability scanning reconnaissance. Candidate mapping requiring validation."
869,20,SERVER-WEBAPP dumpenv.pl access,T1595.002 - Vulnerability Scanning,llm_candidate,0.65,"Rule detects HTTP requests to a known vulnerable script path (/dumpenv.pl), consistent with web application vulnerability scanning reconnaissance. Candidate mapping requiring validation."
870,17,SERVER-WEBAPP snorkerz.cmd access,T1595.002 - Vulnerability Scanning,llm_candidate,0.65,"Rule detects HTTP requests to a known vulnerable script path (/snorkerz.cmd), consistent with web application vulnerability scanning reconnaissance. Candidate mapping requiring validation."
871,19,SERVER-WEBAPP survey.cgi access,T1595.002 - Vulnerability Scanning,llm_candidate,0.65,"Rule detects HTTP requests to a known vulnerable CGI path (/survey.cgi), consistent with web application vulnerability scanning reconnaissance. Candidate mapping requiring validation."
872,21,SERVER-WEBAPP tcsh access,T1595.002 - Vulnerability Scanning,llm_candidate,0.65,"Rule detects HTTP requests to a known vulnerable path (/tcsh), consistent with web application vulnerability scanning reconnaissance. Candidate mapping requiring validation."
875,22,SERVER-WEBAPP win-c-sample.exe access,T1595.002 - Vulnerability Scanning,llm_candidate,0.65,"Rule detects HTTP requests to a known vulnerable executable path (/win-c-sample.exe), consistent with web application vulnerability scanning reconnaissance. Candidate mapping requiring validation."
877,20,SERVER-WEBAPP rksh access,T1595.002 - Vulnerability Scanning,llm_candidate,0.65,"Rule detects HTTP requests to a known vulnerable path (/rksh), consistent with web application vulnerability scanning reconnaissance. Candidate mapping requiring validation."
878,18,SERVER-WEBAPP w3tvars.pm access,T1595.002 - Vulnerability Scanning,llm_candidate,0.65,"Rule detects HTTP requests to a known vulnerable script path (/w3tvars.pm), consistent with web application vulnerability scanning reconnaissance. Candidate mapping requiring validation."
879,20,SERVER-WEBAPP admin.pl access,T1595.002 - Vulnerability Scanning,llm_candidate,0.65,"Rule detects HTTP requests to a known vulnerable script path (/admin.pl), consistent with web application vulnerability scanning reconnaissance. Candidate mapping requiring validation."
880,20,SERVER-WEBAPP LWGate access,T1595.002 - Vulnerability Scanning,llm_candidate,0.65,"Rule detects HTTP requests to a known vulnerable path (/LWGate), consistent with web application vulnerability scanning reconnaissance. Candidate mapping requiring validation."
881,17,SERVER-WEBAPP archie access,T1595.002 - Vulnerability Scanning,llm_candidate,0.65,"Rule detects HTTP requests to a known vulnerable path (/archie), consistent with web application vulnerability scanning reconnaissance. Candidate mapping requiring validation."
882,17,SERVER-WEBAPP calendar access,T1595.002 - Vulnerability Scanning,llm_candidate,0.65,"Rule detects HTTP requests to a known vulnerable path (/calendar), consistent with web application vulnerability scanning reconnaissance. Candidate mapping requiring validation."
883,17,SERVER-WEBAPP flexform access,T1595.002 - Vulnerability Scanning,llm_candidate,0.65,"Rule detects HTTP requests to a known vulnerable path (/flexform), consistent with web application vulnerability scanning reconnaissance. Candidate mapping requiring validation."
885,21,SERVER-WEBAPP bash access,T1595.002 - Vulnerability Scanning,llm_candidate,0.65,"Rule detects HTTP requests to a known vulnerable path (/bash), consistent with web application vulnerability scanning reconnaissance. Candidate mapping requiring validation."
886,28,SERVER-WEBAPP phf access,T1595.002 - Vulnerability Scanning,llm_candidate,0.65,"Rule detects HTTP requests to a known vulnerable CGI path (/phf), consistent with web application vulnerability scanning reconnaissance. Candidate mapping requiring validation."
887,18,SERVER-WEBAPP www-sql access,T1595.002 - Vulnerability Scanning,llm_candidate,0.65,"Rule detects HTTP requests to a known vulnerable path (/www-sql), consistent with web application vulnerability scanning reconnaissance. Candidate mapping requiring validation."
888,17,SERVER-WEBAPP wwwadmin.pl access,T1595.002 - Vulnerability Scanning,llm_candidate,0.65,"Rule detects HTTP requests to a known vulnerable script path (/wwwadmin.pl), consistent with web application vulnerability scanning reconnaissance. Candidate mapping requiring validation."
889,22,SERVER-WEBAPP ppdscgi.exe access,T1595.002 - Vulnerability Scanning,llm_candidate,0.65,"Rule detects HTTP requests to a known vulnerable executable path (/ppdscgi.exe), consistent with web application vulnerability scanning reconnaissance. Candidate mapping requiring validation."
890,22,SERVER-WEBAPP sendform.cgi access,T1595.002 - Vulnerability Scanning,llm_candidate,0.65,"Rule detects HTTP requests to a known vulnerable CGI path (/sendform.cgi), consistent with web application vulnerability scanning reconnaissance. Candidate mapping requiring validation."
891,17,SERVER-WEBAPP upload.pl access,T1041 - Exfiltration Over C2 Channel,improved_heuristic_candidate,0.58,"Exfiltration indicator matched in msg, content context. Candidate mapping requiring validation."
892,22,SERVER-WEBAPP AnyForm2 access,T1595.002 - Vulnerability Scanning,llm_candidate,0.65,"Rule detects HTTP requests to a known vulnerable path (/AnyForm2), consistent with web application vulnerability scanning reconnaissance. Candidate mapping requiring validation."
894,20,SERVER-WEBAPP bb-hist.sh access,T1595.002 - Vulnerability Scanning,llm_candidate,0.65,"Rule detects HTTP requests to a known vulnerable script path (/bb-hist.sh), consistent with web application vulnerability scanning reconnaissance. Candidate mapping requiring validation."
895,19,SERVER-WEBAPP redirect access,T1595.002 - Vulnerability Scanning,llm_candidate,0.65,"Rule detects HTTP requests to a known vulnerable path (/redirect), consistent with web application vulnerability scanning reconnaissance. Candidate mapping requiring validation."
896,23,SERVER-WEBAPP way-board access,T1595.002 - Vulnerability Scanning,llm_candidate,0.6,Rule detects access to a known vulnerable web board component (/way-board) associated with CVE-2001-0214; this is consistent with vulnerability scanning or reconnaissance against a public-facing application. Candidate mapping requiring validation.
897,22,SERVER-WEBAPP pals-cgi access,T1595.002 - Vulnerability Scanning,llm_candidate,0.6,"Rule detects access to /pals-cgi, a known vulnerable CGI script (CVE-2001-0216, CVE-2001-0217); classtype attempted-recon indicates reconnaissance/vulnerability scanning activity. Candidate mapping requiring validation."
898,21,SERVER-WEBAPP commerce.cgi access,T1595.002 - Vulnerability Scanning,llm_candidate,0.6,"Rule detects access to /commerce.cgi, a known vulnerable script (CVE-2001-0210); classtype attempted-recon indicates vulnerability scanning. Candidate mapping requiring validation."
899,20,SERVER-WEBAPP Amaya templates sendtemp.pl directory traversal attempt,T1190 - Exploit Public-Facing Application,improved_heuristic_candidate,0.62,Web-facing exploit indicator matched in msg context. Candidate mapping requiring validation.
900,22,SERVER-WEBAPP webspirs.cgi directory traversal attempt,T1190 - Exploit Public-Facing Application,improved_heuristic_candidate,0.62,Web-facing exploit indicator matched in msg context. Candidate mapping requiring validation.
901,22,SERVER-WEBAPP webspirs.cgi access,T1595.002 - Vulnerability Scanning,llm_candidate,0.6,Rule detects access to /webspirs.cgi without attack payload; classtype attempted-recon suggests vulnerability scanning or reconnaissance. Candidate mapping requiring validation.
902,21,SERVER-WEBAPP tstisapi.dll access,T1595.002 - Vulnerability Scanning,llm_candidate,0.6,"Rule detects access to tstisapi.dll, a known vulnerable ISAPI extension (CVE-2001-0302); classtype attempted-recon indicates scanning for vulnerable components. Candidate mapping requiring validation."
903,19,SERVER-OTHER Adobe Coldfusion cfcache.map access,T1595.002 - Vulnerability Scanning,llm_candidate,0.6,"Rule detects access to /cfcache.map, a ColdFusion file associated with CVE-2000-0057; classtype attempted-recon indicates reconnaissance. Candidate mapping requiring validation."
904,22,SERVER-OTHER Adobe Coldfusion exampleapp application.cfm,T1595.002 - Vulnerability Scanning,llm_candidate,0.6,Rule detects access to a ColdFusion example application file (application.cfm) linked to CVEs; classtype attempted-recon indicates scanning for default/example installations. Candidate mapping requiring validation.
905,22,SERVER-OTHER Adobe Coldfusion application.cfm access,T1595.002 - Vulnerability Scanning,llm_candidate,0.6,Rule detects access to an administrative ColdFusion example file; classtype attempted-recon suggests reconnaissance for vulnerable default content. Candidate mapping requiring validation.
906,22,SERVER-OTHER Adobe Coldfusion getfile.cfm access,T1595.002 - Vulnerability Scanning,llm_candidate,0.6,"Rule detects access to getfile.cfm, a ColdFusion example script with known vulnerabilities; classtype attempted-recon indicates vulnerability scanning. Candidate mapping requiring validation."
907,17,SERVER-OTHER Adobe Coldfusion addcontent.cfm access,T1595.002 - Vulnerability Scanning,llm_candidate,0.6,"Rule detects access to addcontent.cfm, an administrative ColdFusion example; classtype attempted-recon suggests scanning for vulnerable default applications. Candidate mapping requiring validation."
908,21,SERVER-OTHER Adobe Coldfusion administrator access,T1595.002 - Vulnerability Scanning,llm_candidate,0.6,Rule detects access to the ColdFusion administrator interface (/cfide/administrator/index.cfm); classtype attempted-recon indicates reconnaissance for administrative portals. Candidate mapping requiring validation.
909,15,SERVER-OTHER Adobe Coldfusion datasource username attempt,T1190 - Exploit Public-Facing Application,llm_candidate,0.8,Rule detects a ColdFusion tag (CF_SETDATASOURCEUSERNAME) used to manipulate datasource credentials (CVE-1999-0760); this is an exploitation attempt against a public-facing ColdFusion server. Candidate mapping requiring validation.
910,18,SERVER-OTHER Adobe Coldfusion fileexists.cfm access,T1595.002 - Vulnerability Scanning,llm_candidate,0.6,"Rule detects access to fileexists.cfm, a ColdFusion snippet; classtype attempted-recon indicates scanning for information disclosure vulnerabilities. Candidate mapping requiring validation."
911,20,SERVER-OTHER Adobe Coldfusion exprcalc access,T1595.002 - Vulnerability Scanning,llm_candidate,0.6,"Rule detects access to exprcalc.cfm, a ColdFusion evaluation example; classtype attempted-recon suggests reconnaissance for vulnerable expressions. Candidate mapping requiring validation."
912,18,SERVER-OTHER Adobe Coldfusion parks access,T1595.002 - Vulnerability Scanning,llm_candidate,0.6,Rule detects access to a ColdFusion parks example (detail.cfm); classtype attempted-recon indicates scanning for default vulnerable applications. Candidate mapping requiring validation.
913,18,SERVER-OTHER Adobe Coldfusion cfappman access,T1595.002 - Vulnerability Scanning,llm_candidate,0.6,"Rule detects access to cfappman/index.cfm, a ColdFusion application manager; classtype attempted-recon suggests reconnaissance for administrative interfaces. Candidate mapping requiring validation."
914,18,SERVER-OTHER Adobe Coldfusion beaninfo access,T1595.002 - Vulnerability Scanning,llm_candidate,0.6,"Rule detects access to beaninfo.cfm, a ColdFusion Java bean example; classtype attempted-recon indicates scanning for vulnerable components. Candidate mapping requiring validation."
915,19,SERVER-OTHER Adobe Coldfusion evaluate.cfm access,T1595.002 - Vulnerability Scanning,llm_candidate,0.6,"Rule detects access to evaluate.cfm, a ColdFusion snippet; classtype attempted-recon suggests reconnaissance for code evaluation vulnerabilities. Candidate mapping requiring validation."
916,16,SERVER-OTHER Adobe Coldfusion getodbcdsn access,T1190 - Exploit Public-Facing Application,llm_candidate,0.8,Rule detects a ColdFusion tag (CFUSION_GETODBCDSN) used to retrieve ODBC DSN information (CVE-1999-0760); this is an exploitation attempt against a public-facing application. Candidate mapping requiring validation.
917,16,SERVER-OTHER Adobe Coldfusion db connections flush attempt,T1190 - Exploit Public-Facing Application,llm_candidate,0.8,Rule detects a ColdFusion tag (CFUSION_DBCONNECTIONS_FLUSH) used to flush database connections (CVE-1999-0760); this is an exploitation attempt that could lead to denial of service. Candidate mapping requiring validation.
918,19,SERVER-OTHER Adobe Coldfusion expeval access,T1595.002 - Vulnerability Scanning,llm_candidate,0.6,Rule detects access to the ColdFusion expeval directory; classtype attempted-user suggests reconnaissance for expression evaluation vulnerabilities. Candidate mapping requiring validation.
919,16,SERVER-OTHER Adobe Coldfusion datasource passwordattempt,T1056 - Input Capture,improved_heuristic_candidate,0.68,"Credential or input capture indicator matched in msg, content context. Candidate mapping requiring validation."
920,16,SERVER-OTHER Adobe Coldfusion datasource attempt,T1190 - Exploit Public-Facing Application,llm_candidate,0.8,Rule detects a ColdFusion tag (CF_ISCOLDFUSIONDATASOURCE) used to probe datasource configuration (CVE-1999-0760); this is an exploitation attempt against a public-facing application. Candidate mapping requiring validation.
921,16,SERVER-OTHER Adobe Coldfusion admin encrypt attempt,T1190 - Exploit Public-Facing Application,llm_candidate,0.6,Rule detects a specific ColdFusion admin encrypt pattern (CFUSION_ENCRYPT) associated with CVE-1999-0760; the pattern match suggests an exploitation attempt against a public-facing ColdFusion server. Candidate mapping requiring validation.
922,19,SERVER-OTHER Adobe Coldfusion displayfile access,T1190 - Exploit Public-Facing Application,llm_candidate,0.6,"Rule triggers on access to a known vulnerable ColdFusion example file (displayopenedfile.cfm) linked to CVE-1999-0760, indicating an exploit attempt for information disclosure. Candidate mapping requiring validation."
923,16,SERVER-OTHER Adobe Coldfusion getodbcin attempt,T1190 - Exploit Public-Facing Application,llm_candidate,0.6,"Pattern match for CFUSION_GETODBCINI corresponds to a ColdFusion administrative function vulnerable per CVE-1999-0760, consistent with an exploitation attempt. Candidate mapping requiring validation."
924,16,SERVER-OTHER Adobe Coldfusion admin decrypt attempt,T1190 - Exploit Public-Facing Application,llm_candidate,0.6,"Detects CFUSION_DECRYPT pattern tied to CVE-1999-0760, suggesting an attempt to exploit ColdFusion admin decrypt functionality. Candidate mapping requiring validation."
925,18,SERVER-OTHER Adobe Coldfusion mainframeset access,T1595.002 - Vulnerability Scanning,llm_candidate,0.8,Classtype attempted-recon and URL for a ColdFusion example file (mainframeset.cfm) indicate vulnerability scanning for known information-disclosure endpoints. Candidate mapping requiring validation.
926,16,SERVER-OTHER Adobe Coldfusion set odbc ini attempt,T1190 - Exploit Public-Facing Application,llm_candidate,0.6,"Pattern CFUSION_SETODBCINI matches a ColdFusion admin function vulnerable per CVE-1999-0760, indicative of an exploitation attempt. Candidate mapping requiring validation."
927,16,SERVER-OTHER Adobe Coldfusion settings refresh attempt,T1190 - Exploit Public-Facing Application,llm_candidate,0.6,CFUSION_SETTINGS_REFRESH pattern associated with CVE-1999-0760 suggests an attempt to exploit a ColdFusion administrative refresh function. Candidate mapping requiring validation.
928,18,SERVER-OTHER Adobe Coldfusion exampleapp access,T1595.002 - Vulnerability Scanning,llm_candidate,0.8,"Access to /cfdocs/exampleapp/ directory is a known reconnaissance target for ColdFusion installations (CVE-2001-0535), consistent with vulnerability scanning. Candidate mapping requiring validation."
929,16,SERVER-OTHER Adobe Coldfusion CFUSION_VERIFYMAIL access,T1595.002 - Vulnerability Scanning,llm_candidate,0.7,CFUSION_VERIFYMAIL pattern probes a ColdFusion mail verification function (CVE-1999-0760); classtype attempted-user suggests scanning for user-accessible vulnerable endpoints. Candidate mapping requiring validation.
930,18,SERVER-OTHER Adobe Coldfusion snippets attempt,T1595.002 - Vulnerability Scanning,llm_candidate,0.8,"Request for /cfdocs/snippets/ directory is a known ColdFusion reconnaissance target (CVE-1999-0760), indicating vulnerability scanning. Candidate mapping requiring validation."
931,19,SERVER-OTHER Adobe Coldfusion cfmlsyntaxcheck.cfm access,T1595.002 - Vulnerability Scanning,llm_candidate,0.8,"Access to cfmlsyntaxcheck.cfm is a documented ColdFusion information-disclosure endpoint (CVE-1999-0760), typical of vulnerability scanning activity. Candidate mapping requiring validation."
932,21,SERVER-OTHER Adobe Coldfusion application.cfm access,T1595.002 - Vulnerability Scanning,llm_candidate,0.8,"Request for /application.cfm is a standard ColdFusion application file often probed for configuration leaks (CVE-1999-0760, CVE-2000-0189), consistent with scanning. Candidate mapping requiring validation."
933,21,SERVER-OTHER Adobe Coldfusion onrequestend.cfm access,T1595.002 - Vulnerability Scanning,llm_candidate,0.8,"Access to /onrequestend.cfm targets a ColdFusion event handler file known to leak information (CVE-1999-0760, CVE-2000-0189), indicative of vulnerability scanning. Candidate mapping requiring validation."
935,19,SERVER-OTHER Adobe Coldfusion startstop DOS access,T1190 - Exploit Public-Facing Application,llm_candidate,0.6,Direct access to ColdFusion administrator start/stop page (startstop.html) is a known DoS vector (CVE-1999-0756); classtype web-application-attack suggests exploitation attempt. Candidate mapping requiring validation.
936,18,SERVER-OTHER Adobe Coldfusion gettempdirectory.cfm access ,T1595.002 - Vulnerability Scanning,llm_candidate,0.8,"Request for gettempdirectory.cfm snippet is a known ColdFusion information-disclosure check (CVE-1999-0760), typical of vulnerability scanning. Candidate mapping requiring validation."
937,22,SERVER-OTHER Microsoft Frontpage _vti_rpc access,T1595.002 - Vulnerability Scanning,llm_candidate,0.5,"Access to FrontPage _vti_rpc endpoint is associated with multiple CVEs (2001-0096, etc.); classtype web-application-activity suggests scanning for vulnerable FrontPage extensions. Candidate mapping requiring validation."
939,23,SERVER-OTHER Microsoft Frontpage posting,T1595.002 - Vulnerability Scanning,llm_candidate,0.5,POST to FrontPage author.dll is a known vulnerable RPC endpoint (CVE-2001-0096); observed activity aligns with vulnerability scanning for FrontPage server extensions. Candidate mapping requiring validation.
940,29,SERVER-OTHER Microsoft Frontpage shtml.dll access,T1595.002 - Vulnerability Scanning,llm_candidate,0.5,"Request for shtml.dll is a classic FrontPage vulnerability (CVE-2000-0413, CVE-2000-0746); detection indicates scanning for exploitable FrontPage components. Candidate mapping requiring validation."
941,17,SERVER-OTHER Microsoft Frontpage contents.htm access,T1595.002 - Vulnerability Scanning,llm_candidate,0.5,"Access to admcgi/contents.htm targets a FrontPage administrative interface vulnerable per CVE-2002-1717, consistent with vulnerability scanning. Candidate mapping requiring validation."
942,18,SERVER-OTHER Microsoft Frontpage orders.htm access,T1595.002 - Vulnerability Scanning,llm_candidate,0.5,"Request for _private/orders.htm probes a FrontPage file known to be vulnerable (CVE-2002-1717), indicating scanning for information disclosure. Candidate mapping requiring validation."
943,18,SERVER-OTHER Microsoft Frontpage fpsrvadm.exe access,T1595.002 - Vulnerability Scanning,llm_candidate,0.5,"Access to fpsrvadm.exe targets a FrontPage administrative executable with known vulnerabilities (CVE-2002-1717), typical of vulnerability scanning. Candidate mapping requiring validation."
944,18,SERVER-OTHER Microsoft Frontpage fpremadm.exe access,T1595.002 - Vulnerability Scanning,llm_candidate,0.5,"Request for fpremadm.exe probes another FrontPage admin component vulnerable per CVE-2002-1717, consistent with scanning activity. Candidate mapping requiring validation."
945,18,SERVER-OTHER Microsoft Frontpage fpadmin.htm access,T1595.002 - Vulnerability Scanning,llm_candidate,0.5,"Access to admisapi/fpadmin.htm targets a FrontPage administration page with known flaws (CVE-2002-1717), indicative of vulnerability scanning. Candidate mapping requiring validation."
946,18,SERVER-OTHER Microsoft Frontpage fpadmcgi.exe access,T1595.002 - Vulnerability Scanning,llm_candidate,0.5,"Request for scripts/Fpadmcgi.exe probes a FrontPage CGI admin script vulnerable per CVE-2002-1717, aligning with scanning for vulnerable endpoints. Candidate mapping requiring validation."
947,18,SERVER-OTHER Microsoft Frontpage orders.txt access,T1595.002 - Vulnerability Scanning,llm_candidate,0.5,"Access to _private/orders.txt targets a FrontPage data file known to be exposed (CVE-2002-1717), consistent with vulnerability scanning for information disclosure. Candidate mapping requiring validation."
948,20,SERVER-OTHER Microsoft Frontpage form_results access,T1083 - File and Directory Discovery,llm_candidate,0.7,"Detects HTTP requests for /_private/form_results.txt, a sensitive FrontPage file; this indicates file and directory discovery on a web server. Candidate mapping requiring validation."
949,18,SERVER-OTHER Microsoft Frontpage registrations.htm access,T1083 - File and Directory Discovery,llm_candidate,0.7,"Detects access to /_private/registrations.htm, another private FrontPage file, consistent with file and directory discovery. Candidate mapping requiring validation."
950,19,SERVER-OTHER Microsoft Frontpage cfgwiz.exe access,T1083 - File and Directory Discovery,llm_candidate,0.6,"Matches requests for /cfgwiz.exe, a FrontPage executable; while CVE-2002-1717 is referenced, the rule only observes file access, not exploitation. Candidate mapping requiring validation."
951,22,SERVER-OTHER Microsoft Frontpage authors.pwd access,T1552.001 - Credentials In Files,llm_candidate,0.9,"Detects access to /authors.pwd, a file known to contain credentials; directly maps to unsecured credentials in files. Candidate mapping requiring validation."
952,18,SERVER-OTHER Microsoft Frontpage author.exe access,T1083 - File and Directory Discovery,llm_candidate,0.6,"Matches requests for /_vti_bin/_vti_aut/author.exe, a FrontPage binary; observed behavior is file access, not confirmed exploitation. Candidate mapping requiring validation."
953,19,SERVER-OTHER Microsoft Frontpage administrators.pwd access,T1552.001 - Credentials In Files,llm_candidate,0.9,"Detects access to /administrators.pwd, a credential file; clear indicator of credential exposure. Candidate mapping requiring validation."
954,20,SERVER-OTHER Microsoft Frontpage form_results.htm access,T1083 - File and Directory Discovery,llm_candidate,0.7,"Matches /_private/form_results.htm, a sensitive FrontPage file; file and directory discovery. Candidate mapping requiring validation."
955,23,SERVER-OTHER Microsoft Frontpage access.cnf access,T1083 - File and Directory Discovery,llm_candidate,0.7,"Detects access to /_vti_pvt/access.cnf, a configuration file; consistent with file and directory discovery. Candidate mapping requiring validation."
956,18,SERVER-OTHER Microsoft Frontpage register.txt access,T1083 - File and Directory Discovery,llm_candidate,0.7,"Matches /_private/register.txt, a private FrontPage file; file and directory discovery. Candidate mapping requiring validation."
957,18,SERVER-OTHER Microsoft Frontpage registrations.txt access,T1083 - File and Directory Discovery,llm_candidate,0.7,Detects access to /_private/registrations.txt; file and directory discovery. Candidate mapping requiring validation.
958,22,SERVER-OTHER Microsoft Frontpage service.cnf access,T1083 - File and Directory Discovery,llm_candidate,0.7,"Matches /_vti_pvt/service.cnf, a configuration file; file and directory discovery. Candidate mapping requiring validation."
959,18,SERVER-OTHER Microsoft Frontpage service.pwd,T1552.001 - Credentials In Files,llm_candidate,0.9,"Detects access to /service.pwd, a password file; direct credential exposure. Candidate mapping requiring validation."
960,18,SERVER-OTHER Microsoft Frontpage service.stp access,T1083 - File and Directory Discovery,llm_candidate,0.7,"Matches /_vti_pvt/service.stp, a FrontPage file; file and directory discovery. Candidate mapping requiring validation."
961,22,SERVER-OTHER Microsoft Frontpage services.cnf access,T1083 - File and Directory Discovery,llm_candidate,0.7,Detects access to /_vti_pvt/services.cnf; file and directory discovery. Candidate mapping requiring validation.
962,25,SERVER-OTHER Microsoft Frontpage shtml.exe access,T1190 - Exploit Public-Facing Application,llm_candidate,0.85,"Matches requests for /_vti_bin/shtml.exe, which has multiple known buffer overflow CVEs (2000-0413, 2000-0709, 2002-0692); the rule targets a vulnerable component often exploited. Candidate mapping requiring validation."
963,22,SERVER-OTHER Microsoft Frontpage svcacl.cnf access,T1083 - File and Directory Discovery,llm_candidate,0.7,"Detects access to /_vti_pvt/svcacl.cnf, a configuration file; file and directory discovery. Candidate mapping requiring validation."
964,18,SERVER-OTHER Microsoft Frontpage users.pwd access,T1552.001 - Credentials In Files,llm_candidate,0.9,"Matches /users.pwd, a credential file; direct credential exposure. Candidate mapping requiring validation."
965,22,SERVER-OTHER Microsoft Frontpage writeto.cnf access,T1083 - File and Directory Discovery,llm_candidate,0.7,"Detects access to /_vti_pvt/writeto.cnf, a configuration file; file and directory discovery. Candidate mapping requiring validation."
966,25,SERVER-OTHER Microsoft Frontpage .... request,T1190 - Exploit Public-Facing Application,llm_candidate,0.9,Detects directory traversal pattern '..../' in HTTP requests; a classic web application attack exploiting path traversal vulnerabilities. Candidate mapping requiring validation.
967,26,SERVER-OTHER Microsoft Frontpage dvwssr.dll access,T1190 - Exploit Public-Facing Application,llm_candidate,0.85,"Matches requests for /dvwssr.dll, which has a known buffer overflow (CVE-2000-0260); targets a vulnerable ISAPI extension. Candidate mapping requiring validation."
968,18,SERVER-OTHER Microsoft Frontpage register.htm access,T1083 - File and Directory Discovery,llm_candidate,0.7,"Detects access to /_private/register.htm, a private FrontPage file; file and directory discovery. Candidate mapping requiring validation."
969,13,SERVER-IIS WebDAV file lock attempt,T1083 - File and Directory Discovery,llm_candidate,0.6,"Detects WebDAV LOCK method usage; while WebDAV can be used for discovery, the rule only observes the method, not a specific exploit. Candidate mapping requiring validation."
971,28,SERVER-IIS ISAPI .printer access,T1190 - Exploit Public-Facing Application,llm_candidate,0.9,"Detects '.printer' in URLs, targeting the IIS ISAPI printer overflow (CVE-2001-0241); a known public-facing application exploit. Candidate mapping requiring validation."
973,24,SERVER-IIS *.idc attempt,T1190 - Exploit Public-Facing Application,llm_candidate,0.85,"Matches '/*.idc' requests, targeting Internet Database Connector vulnerabilities (CVE-1999-0874, CVE-2000-0661); exploitation of a public-facing application. Candidate mapping requiring validation."
974,23,SERVER-IIS Microsoft Windows IIS directory traversal attempt,T1190 - Exploit Public-Facing Application,improved_heuristic_candidate,0.62,Web-facing exploit indicator matched in msg context. Candidate mapping requiring validation.
975,27,SERVER-IIS Alternate Data streams ASP file access attempt,T1190 - Exploit Public-Facing Application,llm_candidate,0.7,"Rule detects attempts to access ASP files via Alternate Data Streams (::DATA), a known IIS exploit technique for source code disclosure against public-facing web servers. Candidate mapping requiring validation."
976,22,SERVER-WEBAPP .bat? access,T1190 - Exploit Public-Facing Application,llm_candidate,0.9,"Rule matches requests for .bat files in CGI directories, corresponding to multiple CVEs (1999-0233, 2002-0061, 2019-0232) that allow remote command execution via vulnerable web applications. Candidate mapping requiring validation."
977,25,SERVER-IIS .cnf access,T1190 - Exploit Public-Facing Application,llm_candidate,0.8,"Rule detects access to .cnf configuration files, exploiting CVE-2002-1717 which allows remote attackers to read sensitive configuration files on IIS servers. Candidate mapping requiring validation."
978,21,SERVER-IIS ASP contents view,T1190 - Exploit Public-Facing Application,llm_candidate,0.9,Rule matches the specific query parameters used in CVE-2000-0302 (Index Server ISAPI extension) to disclose ASP source code via a public-facing IIS web application. Candidate mapping requiring validation.
979,22,SERVER-IIS ASP contents view,T1190 - Exploit Public-Facing Application,llm_candidate,0.9,Rule detects the .htw?CiWebHitsFile pattern used in CVE-2000-0942 to exploit the IIS Index Server hit-highlighting feature for ASP source disclosure. Candidate mapping requiring validation.
980,20,SERVER-IIS CGImail.exe access,T1190 - Exploit Public-Facing Application,llm_candidate,0.8,"Rule targets access to CGImail.exe, a vulnerable CGI script (CVE-2000-0726) that allows remote command execution on IIS servers. Candidate mapping requiring validation."
984,25,SERVER-IIS JET VBA access,T1190 - Exploit Public-Facing Application,llm_candidate,0.7,"Rule detects requests for ctguestb.idc, a sample IDC file associated with CVE-1999-0874 (JET VBA) that can be exploited to access database content via the web server. Candidate mapping requiring validation."
985,22,SERVER-IIS JET VBA access,T1190 - Exploit Public-Facing Application,llm_candidate,0.7,"Rule matches access to details.idc, another sample file linked to CVE-1999-0874, indicating exploitation attempts against the JET VBA component in IIS. Candidate mapping requiring validation."
986,20,SERVER-IIS MSProxy access,T1090 - Proxy,llm_candidate,0.5,"Rule detects access to the MSProxy w3proxy.dll component; while this could indicate proxy usage (T1090), the reference is a Microsoft KB article and the exact adversary intent (proxy vs. exploit) is ambiguous from the signature alone. Candidate mapping requiring validation."
989,18,MALWARE-CNC sensepost.exe command shell,T1505.003 - Web Shell,llm_candidate,0.9,"Rule specifically matches the sensepost.exe filename, a known web shell deployed on compromised IIS servers for persistent command execution. Candidate mapping requiring validation."
990,21,SERVER-OTHER Microsoft Frontpage _vti_inf.html access,T1083 - File and Directory Discovery,llm_candidate,0.7,"Rule detects requests for _vti_inf.html, a FrontPage Server Extensions file that discloses server version and configuration information, consistent with file and directory discovery. Candidate mapping requiring validation."
991,20,SERVER-IIS achg.htr access,T1098 - Account Manipulation,llm_candidate,0.8,"Rule targets the achg.htr password change page, which is associated with CVE-1999-0407 allowing unauthorized password changes — an account manipulation technique. Candidate mapping requiring validation."
992,17,SERVER-IIS adctest.asp access,T1083 - File and Directory Discovery,llm_candidate,0.6,"Rule matches access to adctest.asp, a sample ADC/RDS test page that can reveal database connectivity details; primarily an information disclosure / file discovery vector. Candidate mapping requiring validation."
993,22,SERVER-IIS iisadmin access,T1190 - Exploit Public-Facing Application,llm_candidate,0.8,"Rule detects access to the /iisadmin virtual directory, which is linked to CVE-1999-1538 allowing remote administration and exploitation of IIS. Candidate mapping requiring validation."
994,19,SERVER-IIS /scripts/iisadmin/default.htm access,T1190 - Exploit Public-Facing Application,llm_candidate,0.7,"Rule matches the default.htm page under the IIS admin scripts directory, another vector for the same IIS admin vulnerability (CVE-1999-1538). Candidate mapping requiring validation."
995,26,SERVER-IIS ism.dll access,T1190 - Exploit Public-Facing Application,llm_candidate,0.8,Rule detects the ism.dll?http/dir exploit string used in CVE-1999-1538 and CVE-2000-0630 to enumerate directories and execute commands via the IIS admin interface. Candidate mapping requiring validation.
996,20,SERVER-IIS anot.htr access,T1098 - Account Manipulation,llm_candidate,0.8,"Rule matches the anot.htr page (part of the IIS password change functionality) also covered by CVE-1999-0407, used for unauthorized account manipulation. Candidate mapping requiring validation."
997,21,SERVER-IIS asp-dot attempt,T1083 - File and Directory Discovery,llm_candidate,0.7,"Rule detects the trailing dot (.asp.) technique used to retrieve ASP source code instead of executing it, a file/directory discovery method. Candidate mapping requiring validation."
998,19,SERVER-IIS asp-srch attempt,T1083 - File and Directory Discovery,llm_candidate,0.8,"Rule matches a typo and continue. The rule matches a URL-encoded search for *.asp files (|23| is #), indicating active enumeration of ASP files on the server. Candidate mapping requiring validation."
999,19,SERVER-IIS bdir access,T1083 - File and Directory Discovery,llm_candidate,0.7,"Rule detects access to bdir.htr, a directory browsing script that can list directory contents, facilitating file and directory discovery. Candidate mapping requiring validation."
1000,23,SERVER-IIS bdir.htr access,T1083 - File and Directory Discovery,llm_candidate,0.7,Same as previous rule but for the root-level bdir.htr; also enables directory listing and file discovery. Candidate mapping requiring validation.
1001,18,SERVER-WEBAPP carbo.dll access,T1190 - Exploit Public-Facing Application,llm_candidate,0.8,"Rule matches the carbo.dll ISAPI extension with icatcommand parameter, exploiting CVE-1999-1069 for remote code execution on IIS. Candidate mapping requiring validation."
1002,19,SERVER-IIS cmd.exe access,T1059.003 - Windows Command Shell,improved_heuristic_candidate,0.74,"Windows command shell indicator matched in msg, content context. Candidate mapping requiring validation."
1003,15,SERVER-IIS cmd? access,T1190 - Exploit Public-Facing Application,llm_candidate,0.7,"Rule matches .cmd?& pattern, another variant of command execution attempts against IIS web applications. Candidate mapping requiring validation."
1004,19,SERVER-IIS codebrowser Exair access,T1083 - File and Directory Discovery,llm_candidate,0.7,"Rule targets the Exair code browser sample (codebrws.asp) which can disclose source code and directory structure, a file/directory discovery technique. Candidate mapping requiring validation."
1005,23,SERVER-IIS codebrowser SDK access,T1083 - File and Directory Discovery,llm_candidate,0.75,"Detects access to the IIS codebrws.asp sample file which can disclose source code and directory structure, indicative of file and directory discovery. Candidate mapping requiring validation."
1007,24,SERVER-IIS Form_JScript.asp access,T1190 - Exploit Public-Facing Application,llm_candidate,0.95,"Detects exploitation attempts against the Form_JScript.asp vulnerability (CVE-2000-0746, CVE-2000-1104) allowing remote code execution on public-facing IIS servers. Candidate mapping requiring validation."
1008,15,SERVER-IIS del attempt,T1059.003 - Windows Command Shell,llm_candidate,0.9,"Detects a command injection attempt using 'del /s /c C:\*.*' to delete files, representing data destruction via Windows command shell. Candidate mapping requiring validation."
1008,15,SERVER-IIS del attempt,T1485 - Data Destruction,llm_candidate,0.9,"Detects a command injection attempt using 'del /s /c C:\*.*' to delete files, representing data destruction via Windows command shell. Candidate mapping requiring validation."
1009,19,SERVER-IIS directory listing,T1083 - File and Directory Discovery,llm_candidate,0.8,"Detects access to ServerVariables_Jscript.asp which can enumerate server variables and directory paths, facilitating file and directory discovery. Candidate mapping requiring validation."
1010,21,SERVER-IIS encoding access,T1190 - Exploit Public-Facing Application,llm_candidate,0.95,"Detects Unicode encoding (%1u) used to exploit a directory traversal vulnerability (CVE-2000-0024) in IIS, an exploit of a public-facing application. Candidate mapping requiring validation."
1011,15,SERVER-IIS exec-src access,T1190 - Exploit Public-Facing Application,llm_candidate,0.85,"Detects a parameter attempting to specify an executable filename (filename=*.exe), indicative of an attempt to execute arbitrary code on the IIS server. Candidate mapping requiring validation."
1012,21,SERVER-IIS fpcount attempt,T1190 - Exploit Public-Facing Application,llm_candidate,0.95,"Detects exploitation of the FrontPage fpcount.exe vulnerability (CVE-1999-1376) with the 'Digits=' parameter, allowing remote code execution. Candidate mapping requiring validation."
1013,21,SERVER-IIS fpcount access,T1083 - File and Directory Discovery,llm_candidate,0.7,"Detects access to the fpcount.exe file without an obvious exploit payload, suggesting reconnaissance or file and directory discovery. Candidate mapping requiring validation."
1015,18,SERVER-IIS getdrvs.exe access,T1082 - System Information Discovery,llm_candidate,0.8,"Detects access to getdrvs.exe, a tool that enumerates disk drives, which is a system information discovery technique. Candidate mapping requiring validation."
1016,26,SERVER-IIS global.asa access,T1005 - Data from Local System,llm_candidate,0.85,"Detects access to global.asa, a configuration file that often contains sensitive data such as connection strings, representing data collection from the local system. Candidate mapping requiring validation."
1017,18,SERVER-IIS idc-srch attempt,T1190 - Exploit Public-Facing Application,llm_candidate,0.9,"Detects an attempt to exploit the IDC/HTR vulnerability (CVE-1999-0874) via a filename parameter, targeting a public-facing IIS application. Candidate mapping requiring validation."
1018,23,SERVER-IIS iisadmpwd attempt,T1098 - Account Manipulation,llm_candidate,0.9,"Detects exploitation of the iisadmpwd password change vulnerability (CVE-1999-0407), which allows account manipulation via a public-facing web application. Candidate mapping requiring validation."
1018,23,SERVER-IIS iisadmpwd attempt,T1190 - Exploit Public-Facing Application,llm_candidate,0.9,"Detects exploitation of the iisadmpwd password change vulnerability (CVE-1999-0407), which allows account manipulation via a public-facing web application. Candidate mapping requiring validation."
1019,30,SERVER-IIS Malformed Hit-Highlighting Argument File Access Attempt,T1190 - Exploit Public-Facing Application,llm_candidate,0.95,"Detects a malformed hit-highlighting argument (CiWebHitsFile) exploiting CVE-2000-0097 in Index Server, an exploit of a public-facing application. Candidate mapping requiring validation."
1020,26,SERVER-IIS isc$data attempt,T1190 - Exploit Public-Facing Application,llm_candidate,0.9,"Detects an attempt to exploit the IDC data access vulnerability (CVE-1999-0874) via the .idc::data pattern, targeting a public-facing IIS application. Candidate mapping requiring validation."
1021,29,SERVER-IIS ism.dll attempt,T1190 - Exploit Public-Facing Application,llm_candidate,0.95,"Detects a buffer overflow exploit attempt against ism.dll (CVE-2000-0457) using a long whitespace string before .htr, an exploit of a public-facing application. Candidate mapping requiring validation."
1022,22,SERVER-IIS jet vba access,T1083 - File and Directory Discovery,llm_candidate,0.7,"Detects access to a sample ASP file (catalog_type.asp) that may reveal directory structure or database schema, indicative of file and directory discovery. Candidate mapping requiring validation."
1023,25,SERVER-IIS msadcs.dll access,T1190 - Exploit Public-Facing Application,llm_candidate,0.95,"Detects access to msadcs.dll, the target of the RDS vulnerability (CVE-1999-1011) allowing remote code execution on IIS servers. Candidate mapping requiring validation."
1024,20,SERVER-IIS newdsn.exe access,T1190 - Exploit Public-Facing Application,llm_candidate,0.85,"Detects access to newdsn.exe, a tool that can create DSNs and has been used in exploits to escalate privileges on IIS servers. Candidate mapping requiring validation."
1025,18,SERVER-IIS perl access,T1083 - File and Directory Discovery,llm_candidate,0.65,"Detects access to the /scripts/perl directory, which may allow enumeration of Perl scripts and directory structure. Candidate mapping requiring validation."
1026,22,SERVER-IIS perl-browse newline attempt,T1190 - Exploit Public-Facing Application,llm_candidate,0.9,"Detects a newline injection attempt (\x0A.pl) to bypass filters and access Perl scripts, exploiting CVE-2003-1365 in IIS. Candidate mapping requiring validation."
1027,21,SERVER-IIS perl-browse space attempt,T1190 - Exploit Public-Facing Application,llm_candidate,0.9,"Detects a space-based filter bypass attempt ( .pl) to access Perl scripts, exploiting CVE-2003-1365 in IIS. Candidate mapping requiring validation."
1028,22,SERVER-IIS query.asp access,T1190 - Exploit Public-Facing Application,llm_candidate,0.8,"Detects access to query.asp, a sample file that can be used to execute arbitrary SQL queries, representing an exploit of a public-facing application. Candidate mapping requiring validation."
1029,18,SERVER-IIS scripts-browse access,T1083 - File and Directory Discovery,llm_candidate,0.8,"Detects a directory browsing attempt via /scripts/ (with trailing space), which can reveal script directory contents. Candidate mapping requiring validation."
1030,15,SERVER-IIS search97.vts access,T1083 - File and Directory Discovery,llm_candidate,0.7,"Detects access to search97.vts, an Index Server sample file that may disclose directory structure or configuration. Candidate mapping requiring validation."
1031,19,SERVER-IIS /SiteServer/Publishing/viewcode.asp access,T1083 - File and Directory Discovery,llm_candidate,0.8,"Detects access to viewcode.asp, a Site Server file that allows viewing source code of ASP pages, facilitating file and directory discovery. Candidate mapping requiring validation."
1032,20,SERVER-IIS showcode access,T1190 - Exploit Public-Facing Application,llm_candidate,0.9,"Rule detects access to showcode.asp (CVE-1999-0737), a known IIS vulnerability allowing source code disclosure via a public-facing web application. Candidate mapping requiring validation."
1033,20,SERVER-IIS viewcode access,T1190 - Exploit Public-Facing Application,llm_candidate,0.9,"Rule detects access to a variant ViewCode.asp path associated with the same IIS showcode vulnerability (CVE-1999-0737), indicating exploitation of a public-facing application. Candidate mapping requiring validation."
1034,20,SERVER-IIS viewcode access,T1190 - Exploit Public-Facing Application,llm_candidate,0.9,"Rule targets another ViewCode.asp path under Samples directory, exploiting the same IIS showcode vulnerability (CVE-1999-0737) on a public-facing web server. Candidate mapping requiring validation."
1035,20,SERVER-IIS viewcode access,T1190 - Exploit Public-Facing Application,llm_candidate,0.9,"Rule detects access to ViewCode.asp in Push directory, again leveraging the IIS showcode vulnerability (CVE-1999-0737) for source code disclosure. Candidate mapping requiring validation."
1036,20,SERVER-IIS viewcode access,T1190 - Exploit Public-Facing Application,llm_candidate,0.9,"Rule matches ViewCode.asp in Search directory, another instance of the IIS showcode vulnerability (CVE-1999-0737) being exploited on a public-facing IIS server. Candidate mapping requiring validation."
1037,24,SERVER-IIS showcode.asp access,T1190 - Exploit Public-Facing Application,llm_candidate,0.95,"Rule directly matches '/showcode.asp', the canonical path for the IIS showcode vulnerability (CVE-1999-0736/0737), a clear exploit of a public-facing application. Candidate mapping requiring validation."
1038,20,SERVER-IIS site server config access,T1190 - Exploit Public-Facing Application,llm_candidate,0.85,"Rule detects access to site.csc configuration file (CVE-1999-1520) in Microsoft Site Server, an information disclosure vulnerability in a public-facing web application. Candidate mapping requiring validation."
1039,18,SERVER-IIS srch.htm access,T1083 - File and Directory Discovery,llm_candidate,0.6,"Rule triggers on access to a sample ISAPI search page (srch.htm); this is likely reconnaissance or file/directory discovery rather than a known exploit, so mapped to File and Directory Discovery. Candidate mapping requiring validation."
1040,24,SERVER-IIS srchadm access,T1083 - File and Directory Discovery,llm_candidate,0.6,"Rule matches '/srchadm', an administrative interface for Index Server; accessing it may indicate discovery of hidden directories or administrative panels. Candidate mapping requiring validation."
1041,20,SERVER-IIS uploadn.asp access,T1041 - Exfiltration Over C2 Channel,improved_heuristic_candidate,0.58,"Exfiltration indicator matched in msg, content context. Candidate mapping requiring validation."
1042,26,SERVER-IIS view source via translate header,T1190 - Exploit Public-Facing Application,llm_candidate,0.95,"Rule matches the 'Translate: F' WebDAV header used to exploit CVE-2000-0778 for source code disclosure on IIS, a direct exploit of a public-facing application. Candidate mapping requiring validation."
1043,21,SERVER-IIS viewcode.asp access,T1190 - Exploit Public-Facing Application,llm_candidate,0.9,"Rule detects '/viewcode.asp', another path for the IIS showcode vulnerability (CVE-1999-0737), indicating exploitation of a public-facing web server. Candidate mapping requiring validation."
1044,17,SERVER-IIS webhits access,T1190 - Exploit Public-Facing Application,llm_candidate,0.85,Rule triggers on '.htw' extension associated with the webhits.dll ISAPI filter vulnerability (CVE-2000-0097) that allows remote code execution on IIS. Candidate mapping requiring validation.
1045,15,SERVER-IIS Unauthorized IP Access Attempt,T1046 - Network Service Discovery,llm_candidate,0.5,"Rule looks for HTTP 403 Forbidden responses, which may indicate network service discovery or scanning activity, but the evidence is weak for a specific attack technique. Candidate mapping requiring validation."
1046,20,SERVER-IIS site/iisamples access,T1083 - File and Directory Discovery,llm_candidate,0.6,"Rule detects access to '/site/iisamples', a sample directory that may be used for file and directory discovery on IIS servers. Candidate mapping requiring validation."
1047,15,SERVER-WEBAPP Netscape Enterprise DOS,T1498 - Network Denial of Service,llm_candidate,0.8,"Rule matches 'REVLOG /' command used in a DoS attack against Netscape Enterprise Server (CVE-2001-0251), constituting a network denial of service. Candidate mapping requiring validation."
1048,16,SERVER-WEBAPP Netscape Enterprise directory listing attempt,T1190 - Exploit Public-Facing Application,llm_candidate,0.8,"Rule detects 'INDEX' command attempting directory listing on Netscape Enterprise (CVE-2001-0250), an exploit of a public-facing web application. Candidate mapping requiring validation."
1050,17,SERVER-WEBAPP iPlanet GETPROPERTIES attempt,T1190 - Exploit Public-Facing Application,llm_candidate,0.8,"Rule matches 'GETPROPERTIES' WebDAV method used to exploit iPlanet (CVE-2001-0746), an attack against a public-facing web server. Candidate mapping requiring validation."
1051,23,FILE-OTHER technote main.cgi file directory traversal attempt,T1190 - Exploit Public-Facing Application,improved_heuristic_candidate,0.62,Web-facing exploit indicator matched in msg context. Candidate mapping requiring validation.
1052,21,SERVER-WEBAPP technote print.cgi directory traversal attempt,T1190 - Exploit Public-Facing Application,improved_heuristic_candidate,0.62,Web-facing exploit indicator matched in msg context. Candidate mapping requiring validation.
1053,23,SERVER-WEBAPP ads.cgi command execution attempt,T1190 - Exploit Public-Facing Application,llm_candidate,0.9,"Rule detects command execution attempt via ads.cgi with pipe character (CVE-2001-0025), a remote code execution exploit against a web application. Candidate mapping requiring validation."
1054,14,SERVER-WEBAPP weblogic/tomcat .jsp view source attempt,T1190 - Exploit Public-Facing Application,llm_candidate,0.7,"Rule uses PCRE to detect .jsp source view attempts on WebLogic/Tomcat, likely exploiting a vulnerability to view JSP source code (Bugtraq 2527). Candidate mapping requiring validation."
1056,16,SERVER-APACHE Apache Tomcat view source attempt,T1190 - Exploit Public-Facing Application,llm_candidate,0.85,Rule matches double-encoded '.jsp' (%252ejsp) used to exploit Apache Tomcat source disclosure vulnerability (CVE-2001-0590). Candidate mapping requiring validation.
1057,12,SQL ftp attempt,T1105 - Ingress Tool Transfer,llm_candidate,0.6,"Rule detects 'ftp.exe' string in HTTP traffic, possibly indicating an attempt to transfer tools via FTP after SQL injection, mapped to Ingress Tool Transfer. Candidate mapping requiring validation."
1058,12,SQL xp_enumdsn attempt,T1190 - Exploit Public-Facing Application,llm_candidate,0.7,"Rule detects 'xp_enumdsn' extended stored procedure call, typically used in SQL injection attacks to enumerate data sources on a public-facing database-backed web application. Candidate mapping requiring validation."
1059,12,SQL xp_filelist attempt,T1083 - File and Directory Discovery,llm_candidate,0.9,"The rule detects the SQL Server extended stored procedure xp_filelist which enumerates files and directories, directly mapping to File and Directory Discovery. Candidate mapping requiring validation."
1060,12,SQL xp_availablemedia attempt,T1083 - File and Directory Discovery,llm_candidate,0.9,"The rule detects xp_availablemedia which lists available media drives, a file system enumeration technique consistent with File and Directory Discovery. Candidate mapping requiring validation."
1061,13,SQL xp_cmdshell attempt,T1059.003 - Windows Command Shell,llm_candidate,0.95,"xp_cmdshell executes arbitrary Windows command shell (cmd.exe) commands, a clear instance of Command and Scripting Interpreter: Windows Command Shell. Candidate mapping requiring validation."
1062,13,SERVER-WEBAPP nc.exe attempt,T1105 - Ingress Tool Transfer,llm_candidate,0.7,"The rule alerts on the string ""nc.exe"" in HTTP traffic, often indicating an attempt to upload or transfer the netcat tool for later use, aligning with Ingress Tool Transfer. Candidate mapping requiring validation."
1064,13,SERVER-WEBAPP wsh attempt,T1059.005 - Visual Basic,llm_candidate,0.7,"Detection of ""wsh.exe"" suggests use of Windows Script Host to run VBScript or JScript, mapping to Command and Scripting Interpreter: Visual Basic. Candidate mapping requiring validation."
1065,15,SERVER-WEBAPP rcmd attempt,T1059.003 - Windows Command Shell,improved_heuristic_candidate,0.74,Windows command shell indicator matched in content context. Candidate mapping requiring validation.
1066,13,SERVER-WEBAPP telnet attempt,T1021 - Remote Services,llm_candidate,0.6,"Detection of ""telnet.exe"" suggests use of the Telnet client for remote access, categorized as Remote Services. Candidate mapping requiring validation."
1067,13,SERVER-WEBAPP net attempt,T1059.003 - Windows Command Shell,llm_candidate,0.7,"The rule flags ""net.exe"", a Windows command-line utility for network administration, which is executed via the Windows Command Shell. Candidate mapping requiring validation."
1068,13,SERVER-WEBAPP tftp attempt,T1105 - Ingress Tool Transfer,llm_candidate,0.7,"Appearance of ""tftp.exe"" in web requests often signals an attempt to transfer files via TFTP, consistent with Ingress Tool Transfer. Candidate mapping requiring validation."
1069,12,SQL xp_regread attempt,T1012 - Query Registry,llm_candidate,0.9,"xp_regread reads Windows registry keys, directly corresponding to Query Registry. Candidate mapping requiring validation."
1070,16,SERVER-WEBAPP WebDAV search access,T1083 - File and Directory Discovery,llm_candidate,0.85,"The WebDAV SEARCH method is used to query directory contents, a form of File and Directory Discovery. Candidate mapping requiring validation."
1071,15,SERVER-WEBAPP .htpasswd access attempt,T1552.001 - Credentials In Files,llm_candidate,0.9,"Access to '.htpasswd' files targets stored credentials, matching Credentials In Files. Candidate mapping requiring validation."
1072,19,SERVER-WEBAPP Lotus Domino directory traversal,T1190 - Exploit Public-Facing Application,improved_heuristic_candidate,0.62,Web-facing exploit indicator matched in msg context. Candidate mapping requiring validation.
1073,15,SERVER-WEBAPP webhits.exe access,T1190 - Exploit Public-Facing Application,llm_candidate,0.85,Requesting the known vulnerable IIS sample script webhits.exe constitutes exploitation of a public-facing application. Candidate mapping requiring validation.
1075,21,SERVER-IIS postinfo.asp access,T1190 - Exploit Public-Facing Application,llm_candidate,0.85,"Access to postinfo.asp, a vulnerable IIS sample script, is an exploit attempt against a public-facing web application. Candidate mapping requiring validation."
1076,18,SERVER-IIS repost.asp access,T1190 - Exploit Public-Facing Application,llm_candidate,0.85,"Requesting repost.asp, another vulnerable IIS sample, indicates exploitation of a public-facing application. Candidate mapping requiring validation."
1077,19,SQL queryhit.htm access,T1190 - Exploit Public-Facing Application,llm_candidate,0.85,"Access to queryhit.htm, a vulnerable SQL sample script, maps to Exploit Public-Facing Application. Candidate mapping requiring validation."
1078,19,SQL counter.exe access,T1190 - Exploit Public-Facing Application,llm_candidate,0.85,"Requesting counter.exe, a known vulnerable executable, is an exploitation attempt against a public-facing application. Candidate mapping requiring validation."
1079,24,OS-WINDOWS Microsoft Windows WebDAV propfind access,T1083 - File and Directory Discovery,llm_candidate,0.9,"The WebDAV PROPFIND method retrieves directory listings, a clear File and Directory Discovery activity. Candidate mapping requiring validation."
1080,23,SERVER-WEBAPP unify eWave ServletExec upload,T1041 - Exfiltration Over C2 Channel,improved_heuristic_candidate,0.58,"Exfiltration indicator matched in msg, content context. Candidate mapping requiring validation."
1081,18,SERVER-WEBAPP Netscape Servers suite DOS,T1190 - Exploit Public-Facing Application,llm_candidate,0.85,"The request targets a known DoS vulnerability in Netscape Servers, constituting exploitation of a public-facing application. Candidate mapping requiring validation."
1082,15,SERVER-WEBAPP amazon 1-click cookie theft,T1539 - Steal Web Session Cookie,llm_candidate,0.9,"The payload attempts to inject JavaScript to steal cookies, aligning with Steal Web Session Cookie. Candidate mapping requiring validation."
1083,17,SERVER-WEBAPP unify eWave ServletExec DOS,T1190 - Exploit Public-Facing Application,llm_candidate,0.85,"Access to the ServletExec servlet exploits a DoS vulnerability in Unify eWave, an exploit against a public-facing application. Candidate mapping requiring validation."
1084,18,SERVER-WEBAPP Allaire JRUN DOS attempt,T1190 - Exploit Public-Facing Application,llm_candidate,0.85,"The directory traversal sequence 'servlet/.......' targets a DoS flaw in Allaire JRUN, an exploitation of a public-facing application. Candidate mapping requiring validation."
1085,15,SERVER-WEBAPP strings overflow,T1190 - Exploit Public-Facing Application,llm_candidate,0.85,"The binary payload matches a buffer overflow exploit string, indicating an exploitation attempt against a public-facing web application. Candidate mapping requiring validation."
1086,25,SERVER-WEBAPP strings overflow,T1190 - Exploit Public-Facing Application,llm_candidate,0.8,"The rule detects a buffer overflow exploit attempt (?STRENGUR) against a public-facing web application, matching CVE-2000-0967. Candidate mapping requiring validation."
1088,18,SERVER-WEBAPP eXtropia webstore directory traversal,T1190 - Exploit Public-Facing Application,improved_heuristic_candidate,0.62,Web-facing exploit indicator matched in msg context. Candidate mapping requiring validation.
1089,16,SERVER-WEBAPP shopping cart directory traversal,T1190 - Exploit Public-Facing Application,improved_heuristic_candidate,0.62,Web-facing exploit indicator matched in msg context. Candidate mapping requiring validation.
1091,18,SERVER-WEBAPP ICQ Webfront HTTP DOS,T1498 - Network Denial of Service,llm_candidate,0.75,"The rule looks for a string of question marks used in a DoS exploit against ICQ Webfront (CVE-2000-1078), indicating a network denial-of-service attempt. Candidate mapping requiring validation."
1092,21,SERVER-WEBAPP Armada Style Master Index directory traversal,T1190 - Exploit Public-Facing Application,improved_heuristic_candidate,0.62,Web-facing exploit indicator matched in msg context. Candidate mapping requiring validation.
1093,18,SERVER-WEBAPP cached_feed.cgi moreover shopping cart directory traversal,T1190 - Exploit Public-Facing Application,improved_heuristic_candidate,0.62,Web-facing exploit indicator matched in msg context. Candidate mapping requiring validation.
1095,17,SERVER-WEBAPP Talentsoft Web+ Source Code view access,T1190 - Exploit Public-Facing Application,llm_candidate,0.8,"The rule identifies an attempt to view source code via the script parameter in Talentsoft Web+, an exploitation of a public-facing web application. Candidate mapping requiring validation."
1096,17,SERVER-WEBAPP Talentsoft Web+ internal IP Address access,T1016 - System Network Configuration Discovery,llm_candidate,0.7,"The rule detects access to an 'about' page in Talentsoft Web+ that leaks internal IP addresses, constituting system network configuration discovery. Candidate mapping requiring validation."
1097,18,SERVER-WEBAPP Talentsoft Web+ exploit attempt,T1190 - Exploit Public-Facing Application,improved_heuristic_candidate,0.62,Web-facing exploit indicator matched in msg context. Candidate mapping requiring validation.
1098,16,SERVER-WEBAPP SmartWin CyberOffice Shopping Cart access,T1190 - Exploit Public-Facing Application,llm_candidate,0.75,"The rule detects direct access to a sensitive database file (_private/shopping_cart.mdb) via the web, indicating exploitation of a misconfigured public-facing application. Candidate mapping requiring validation."
1099,15,SERVER-WEBAPP cybercop scan,T1595.002 - Vulnerability Scanning,llm_candidate,0.7,"The rule flags access to the '/cybercop' path, which is associated with the CyberCop vulnerability scanner, indicating active vulnerability scanning. Candidate mapping requiring validation."
1102,16,SERVER-WEBAPP nessus 1.X 404 probe,T1595.002 - Vulnerability Scanning,llm_candidate,0.8,"The rule detects a distinctive Nessus scanner probe string (/nessus_is_probing_you_), clearly identifying vulnerability scanning activity. Candidate mapping requiring validation."
1103,19,SERVER-WEBAPP Netscape admin passwd,T1552.001 - Credentials In Files,llm_candidate,0.85,"The rule matches requests for the Netscape admin password file (/admin-serv/config/admpw), which exposes credentials in a file accessible via the web. Candidate mapping requiring validation."
1105,18,SERVER-WEBAPP BigBrother access,T1046 - Network Service Discovery,llm_candidate,0.65,"The rule detects access to the BigBrother monitoring CGI (bb-hostsvc.sh), which can be used for network service discovery and reconnaissance. Candidate mapping requiring validation."
1108,19,SERVER-APACHE Apache Tomcat server snoop access,T1082 - System Information Discovery,llm_candidate,0.7,"The rule identifies access to the Apache Tomcat Snoop servlet (/jsp/snp/), which discloses detailed system information about the server. Candidate mapping requiring validation."
1109,16,SERVER-WEBAPP ROXEN directory list attempt,T1190 - Exploit Public-Facing Application,llm_candidate,0.75,"The rule detects a null byte (%00) directory listing attempt against the Roxen web server, a known exploit for directory traversal in a public-facing application. Candidate mapping requiring validation."
1111,18,SERVER-APACHE Apache Tomcat server exploit access,T1190 - Exploit Public-Facing Application,improved_heuristic_candidate,0.62,Web-facing exploit indicator matched in msg context. Candidate mapping requiring validation.
1115,17,SERVER-WEBAPP ICQ webserver DOS,T1498 - Network Denial of Service,llm_candidate,0.75,"The rule matches a DoS exploit pattern (.html/......) against the ICQ web server (CVE-1999-0474), indicating a network denial-of-service attempt. Candidate mapping requiring validation."
1116,14,SERVER-WEBAPP Lotus DelDoc attempt,T1190 - Exploit Public-Facing Application,llm_candidate,0.7,"The rule detects a DeleteDocument parameter in a Lotus Domino URL, which can be used to exploit a public-facing web application to delete documents. Candidate mapping requiring validation."
1117,14,SERVER-WEBAPP Lotus EditDoc attempt,T1190 - Exploit Public-Facing Application,llm_candidate,0.7,"The rule detects an EditDocument parameter in a Lotus Domino URL, an exploit attempt against a public-facing web application. Candidate mapping requiring validation."
1118,12,SERVER-WEBAPP ls 20-l,T1190 - Exploit Public-Facing Application,llm_candidate,0.75,"The rule matches a URL-encoded 'ls -l' command injection attempt, indicating exploitation of a command injection vulnerability in a public-facing web application. Candidate mapping requiring validation."
1120,16,SERVER-WEBAPP mylog.phtml access,T1595.002 - Vulnerability Scanning,llm_candidate,0.9,"Rule detects HTTP requests for /mylog.phtml, a known vulnerable file; this is characteristic of vulnerability scanning against web applications. Candidate mapping requiring validation."
1123,17,SERVER-WEBAPP ?PageServices access,T1595.002 - Vulnerability Scanning,llm_candidate,0.9,Rule matches the ?PageServices parameter used to probe ColdFusion installations; this is a vulnerability scanning technique. Candidate mapping requiring validation.
1124,13,SERVER-WEBAPP Ecommerce check.txt access,T1595.002 - Vulnerability Scanning,llm_candidate,0.9,"Rule looks for /config/check.txt, a file associated with ecommerce software vulnerabilities; indicative of vulnerability scanning. Candidate mapping requiring validation."
1125,16,SERVER-WEBAPP webcart access,T1595.002 - Vulnerability Scanning,llm_candidate,0.9,"Rule detects access to /webcart/ directory, a known target for webcart vulnerability scans. Candidate mapping requiring validation."
1126,19,SERVER-WEBAPP AuthChangeUrl access,T1595.002 - Vulnerability Scanning,llm_candidate,0.9,Rule matches _AuthChangeUrl? parameter used to probe for specific web application vulnerabilities; vulnerability scanning behavior. Candidate mapping requiring validation.
1127,15,SERVER-WEBAPP convert.bas access,T1595.002 - Vulnerability Scanning,llm_candidate,0.9,"Rule detects requests for /scripts/convert.bas, a known vulnerable script; this is vulnerability scanning. Candidate mapping requiring validation."
1128,16,SERVER-WEBAPP cpshost.dll access,T1595.002 - Vulnerability Scanning,llm_candidate,0.9,"Rule looks for /scripts/cpshost.dll, a classic IIS vulnerability (CVE-1999-0360); clearly vulnerability scanning. Candidate mapping requiring validation."
1130,14,SERVER-WEBAPP .wwwacl access,T1595.002 - Vulnerability Scanning,llm_candidate,0.85,"Rule detects .wwwacl file access, which is reconnaissance for web server access control configuration; vulnerability scanning. Candidate mapping requiring validation."
1131,14,SERVER-WEBAPP .wwwacl access,T1595.002 - Vulnerability Scanning,llm_candidate,0.85,"Rule detects .www_acl file access, similar to .wwwacl; vulnerability scanning for configuration files. Candidate mapping requiring validation."
1132,14,SERVER-WEBAPP Netscape Unixware overflow,T1190 - Exploit Public-Facing Application,llm_candidate,0.95,Rule matches a specific exploit payload (buffer overflow shellcode) for Netscape Enterprise Server on UnixWare; this is an exploitation attempt against a public-facing application. Candidate mapping requiring validation.
1134,21,SERVER-WEBAPP Phorum admin access,T1595.002 - Vulnerability Scanning,llm_candidate,0.9,"Rule detects access to /admin.php3, the Phorum admin interface; this is vulnerability scanning for administrative panels. Candidate mapping requiring validation."
1136,11,SERVER-WEBAPP cd..,T1190 - Exploit Public-Facing Application,llm_candidate,0.8,"Rule matches 'cd..' in HTTP requests, indicative of command injection or directory traversal exploitation attempts against web applications. Candidate mapping requiring validation."
1137,18,SERVER-WEBAPP Phorum authentication access,T1190 - Exploit Public-Facing Application,llm_candidate,0.8,Rule detects a specific authentication bypass string (PHP_AUTH_USER=boogieman) targeting Phorum; this is an exploitation attempt. Candidate mapping requiring validation.
1139,13,SERVER-WEBAPP whisker HEAD/./,T1595.002 - Vulnerability Scanning,llm_candidate,0.9,Rule matches the 'HEAD/./' signature used by the whisker vulnerability scanner; clear vulnerability scanning activity. Candidate mapping requiring validation.
1140,20,SERVER-WEBAPP guestbook.pl access,T1595.002 - Vulnerability Scanning,llm_candidate,0.9,"Rule detects access to /guestbook.pl, a historically vulnerable CGI script; vulnerability scanning. Candidate mapping requiring validation."
1141,19,SERVER-WEBAPP handler access,T1595.002 - Vulnerability Scanning,llm_candidate,0.85,"Rule looks for /handler endpoint, commonly probed for web application vulnerabilities; vulnerability scanning. Candidate mapping requiring validation."
1142,11,SERVER-WEBAPP /.... access,T1190 - Exploit Public-Facing Application,llm_candidate,0.8,"Rule detects '/....' path traversal sequences in HTTP requests, an exploitation attempt against public-facing web applications. Candidate mapping requiring validation."
1145,17,SERVER-WEBAPP root access,T1595.002 - Vulnerability Scanning,llm_candidate,0.85,"Rule matches '/~root' requests, which enumerate user directories on web servers; vulnerability scanning / reconnaissance. Candidate mapping requiring validation."
1146,13,SERVER-WEBAPP Ecommerce import.txt access,T1595.002 - Vulnerability Scanning,llm_candidate,0.9,"Rule detects /config/import.txt, a file targeted in ecommerce vulnerability scans. Candidate mapping requiring validation."
1147,21,SERVER-WEBAPP cat_ access,T1190 - Exploit Public-Facing Application,llm_candidate,0.8,"Rule matches 'cat ' (with space) in HTTP requests, indicative of Unix command injection attempts against web applications. Candidate mapping requiring validation."
1148,13,SERVER-WEBAPP Ecommerce import.txt access,T1595.002 - Vulnerability Scanning,llm_candidate,0.9,"Rule detects /orders/import.txt, another ecommerce configuration file targeted by vulnerability scanners. Candidate mapping requiring validation."
1149,24,SERVER-WEBAPP count.cgi access,T1595.002 - Vulnerability Scanning,llm_candidate,0.9,"Rule looks for /count.cgi, a well-known vulnerable CGI counter script; vulnerability scanning. Candidate mapping requiring validation."
1150,16,SERVER-WEBAPP Domino catalog.nsf access,T1595.002 - Vulnerability Scanning,llm_candidate,0.9,"Rule detects access to /catalog.nsf, a Lotus Domino database file often probed for vulnerabilities. Candidate mapping requiring validation."
1151,15,SERVER-WEBAPP Domino domcfg.nsf access,T1595.002 - Vulnerability Scanning,llm_candidate,0.9,"Rule matches /domcfg.nsf, a Domino configuration database targeted by vulnerability scanners. Candidate mapping requiring validation."
1152,15,SERVER-WEBAPP Domino domlog.nsf access,T1595.002 - Vulnerability Scanning,llm_candidate,0.9,"Rule detects /domlog.nsf, a Domino log database commonly scanned for vulnerabilities. Candidate mapping requiring validation."
1153,15,SERVER-WEBAPP Domino log.nsf access,T1595.002 - Vulnerability Scanning,llm_candidate,0.7,"Detects access to Domino log.nsf, a known file often targeted during vulnerability scanning of web applications. Candidate mapping requiring validation."
1154,15,SERVER-WEBAPP Domino names.nsf access,T1595.002 - Vulnerability Scanning,llm_candidate,0.7,"Detects access to Domino names.nsf, a known file often targeted during vulnerability scanning of web applications. Candidate mapping requiring validation."
1155,15,SERVER-WEBAPP Ecommerce checks.txt access,T1595.002 - Vulnerability Scanning,llm_candidate,0.7,"Detects access to ecommerce checks.txt, a file that may reveal sensitive information during vulnerability scanning. Candidate mapping requiring validation."
1156,17,SERVER-WEBAPP apache directory disclosure attempt,T1083 - File and Directory Discovery,llm_candidate,0.6,"Detects directory traversal attempt (multiple slashes) to cause directory disclosure, which is a form of file and directory discovery. Candidate mapping requiring validation."
1157,17,SERVER-WEBAPP Netscape PublishingXpert access,T1595.002 - Vulnerability Scanning,llm_candidate,0.7,"Detects access to Netscape PublishingXpert error page, a known vulnerable component often scanned for. Candidate mapping requiring validation."
1158,19,SERVER-WEBAPP windmail.exe access,T1595.002 - Vulnerability Scanning,llm_candidate,0.7,"Detects access to windmail.exe, a known vulnerable CGI often targeted during vulnerability scanning. Candidate mapping requiring validation."
1159,18,SERVER-WEBAPP webplus access,T1595.002 - Vulnerability Scanning,llm_candidate,0.7,"Detects access to webplus script, a known vulnerable component often scanned for. Candidate mapping requiring validation."
1160,22,SERVER-WEBAPP Netscape dir index wp,T1083 - File and Directory Discovery,llm_candidate,0.6,"Detects attempt to trigger directory indexing via '?wp-' parameter, a form of file and directory discovery. Candidate mapping requiring validation."
1161,17,SERVER-WEBAPP piranha passwd.php3 access,T1595.002 - Vulnerability Scanning,llm_candidate,0.7,"Detects access to piranha passwd.php3, a file that may contain credentials, often targeted during vulnerability scanning. Candidate mapping requiring validation."
1162,15,SERVER-WEBAPP cart 32 AdminPwd access,T1056 - Input Capture,improved_heuristic_candidate,0.68,Credential or input capture indicator matched in content context. Candidate mapping requiring validation.
1163,19,SERVER-WEBAPP webdist.cgi access,T1595.002 - Vulnerability Scanning,llm_candidate,0.7,"Detects access to webdist.cgi, a known vulnerable CGI often targeted during vulnerability scanning. Candidate mapping requiring validation."
1164,18,SERVER-WEBAPP shopping cart access,T1595.002 - Vulnerability Scanning,llm_candidate,0.7,"Detects access to quikstore.cfg, a configuration file that may contain sensitive data, often scanned for. Candidate mapping requiring validation."
1165,15,SERVER-WEBAPP Novell Groupwise gwweb.exe access,T1595.002 - Vulnerability Scanning,llm_candidate,0.7,"Detects access to Novell Groupwise gwweb.exe, a known vulnerable component often scanned for. Candidate mapping requiring validation."
1166,17,SERVER-WEBAPP ws_ftp.ini access,T1552.001 - Credentials In Files,llm_candidate,0.6,"Detects access to ws_ftp.ini, a file that commonly stores FTP credentials, aligning with credential file discovery. Candidate mapping requiring validation."
1167,17,SERVER-WEBAPP rpm_query access,T1595.002 - Vulnerability Scanning,llm_candidate,0.7,"Detects access to rpm_query, a known vulnerable script often targeted during vulnerability scanning. Candidate mapping requiring validation."
1168,16,SERVER-WEBAPP mall log order access,T1595.002 - Vulnerability Scanning,llm_candidate,0.7,"Detects access to mall order log, a file that may contain sensitive transaction data, often scanned for. Candidate mapping requiring validation."
1172,18,SERVER-WEBAPP bigconf.cgi access,T1595.002 - Vulnerability Scanning,llm_candidate,0.7,"Detects access to bigconf.cgi, a known vulnerable CGI often targeted during vulnerability scanning. Candidate mapping requiring validation."
1173,18,SERVER-WEBAPP architext_query.pl access,T1595.002 - Vulnerability Scanning,llm_candidate,0.7,"Detects access to architext_query.pl, a known vulnerable script often scanned for. Candidate mapping requiring validation."
1174,18,SERVER-WEBAPP /cgi-bin/jj access,T1595.002 - Vulnerability Scanning,llm_candidate,0.7,"Detects access to /cgi-bin/jj, a known vulnerable CGI often targeted during vulnerability scanning. Candidate mapping requiring validation."
1175,18,SERVER-WEBAPP wwwboard.pl access,T1595.002 - Vulnerability Scanning,llm_candidate,0.7,"Detects access to wwwboard.pl, a known vulnerable forum script often scanned for. Candidate mapping requiring validation."
1177,16,SERVER-WEBAPP Netscape Enterprise Server directory view,T1083 - File and Directory Discovery,llm_candidate,0.6,"Detects attempt to trigger directory view via '?wp-verify-link', a form of file and directory discovery. Candidate mapping requiring validation."
1178,19,SERVER-WEBAPP Phorum read access,T1595.002 - Vulnerability Scanning,llm_candidate,0.7,"Detects access to Phorum read.php3, a known vulnerable component often scanned for. Candidate mapping requiring validation."
1179,21,SERVER-WEBAPP Phorum violation access,T1595.002 - Vulnerability Scanning,llm_candidate,0.7,"Detects access to Phorum violation.php3, a known vulnerable component often scanned for. Candidate mapping requiring validation."
1180,24,SERVER-WEBAPP get32.exe access,T1595.002 - Vulnerability Scanning,llm_candidate,0.7,"Detects access to get32.exe, a known vulnerable file download script often targeted during vulnerability scanning. Candidate mapping requiring validation."
1181,18,SERVER-WEBAPP Annex Terminal DOS attempt,T1499.004 - Application or System Exploitation,llm_candidate,0.6,"Detects DoS attempt against Annex Terminal via ping command injection, an exploitation for endpoint denial of service. Candidate mapping requiring validation."
1183,19,SERVER-WEBAPP Netscape Enterprise Server directory view,T1046 - Network Service Discovery,llm_candidate,0.7,"Rule detects Netscape Enterprise Server directory enumeration via '?wp-cs-dump' parameter, indicative of web service discovery. Candidate mapping requiring validation."
1184,17,SERVER-WEBAPP Netscape Enterprise Server directory view,T1046 - Network Service Discovery,llm_candidate,0.7,"Rule detects Netscape Enterprise Server version info disclosure via '?wp-ver-info', a reconnaissance activity against a web service. Candidate mapping requiring validation."
1185,23,SERVER-WEBAPP bizdbsearch attempt,T1190 - Exploit Public-Facing Application,llm_candidate,0.85,"Rule matches known exploit attempt against bizdb1-search.cgi (CVE-2000-0287), indicating exploitation of a public-facing web application. Candidate mapping requiring validation."
1186,16,SERVER-WEBAPP Netscape Enterprise Server directory view,T1046 - Network Service Discovery,llm_candidate,0.7,"Rule detects Netscape Enterprise Server directory view via '?wp-ver-diff', consistent with web service reconnaissance. Candidate mapping requiring validation."
1187,21,SERVER-WEBAPP SalesLogix Eviewer web command attempt,T1190 - Exploit Public-Facing Application,llm_candidate,0.85,"Rule targets SalesLogix Eviewer command injection via '/slxweb.dll/admin?command=' (CVE-2000-0278, CVE-2000-0289), an exploit against a public-facing application. Candidate mapping requiring validation."
1188,16,SERVER-WEBAPP Netscape Enterprise Server directory view,T1046 - Network Service Discovery,llm_candidate,0.7,"Rule detects Netscape Enterprise Server directory view via '?wp-start-ver', a reconnaissance probe. Candidate mapping requiring validation."
1189,16,SERVER-WEBAPP Netscape Enterprise Server directory view,T1046 - Network Service Discovery,llm_candidate,0.7,"Rule detects Netscape Enterprise Server directory view via '?wp-stop-ver', a reconnaissance probe. Candidate mapping requiring validation."
1190,16,SERVER-WEBAPP Netscape Enterprise Server directory view,T1046 - Network Service Discovery,llm_candidate,0.7,"Rule detects Netscape Enterprise Server directory view via '?wp-uncheckout', a reconnaissance probe. Candidate mapping requiring validation."
1191,16,SERVER-WEBAPP Netscape Enterprise Server directory view,T1046 - Network Service Discovery,llm_candidate,0.7,"Rule detects Netscape Enterprise Server directory view via '?wp-html-rend', a reconnaissance probe. Candidate mapping requiring validation."
1192,14,SERVER-WEBAPP Trend Micro OfficeScan access,T1046 - Network Service Discovery,llm_candidate,0.6,"Rule detects access to Trend Micro OfficeScan CGI endpoint, likely reconnaissance against a management interface. Candidate mapping requiring validation."
1193,17,SERVER-WEBAPP oracle web arbitrary command execution attempt,T1190 - Exploit Public-Facing Application,llm_candidate,0.9,"Rule matches Oracle Web arbitrary command execution attempt via '/ows-bin/' and '?&' (CVE-2000-0169), clear exploitation of a public-facing application. Candidate mapping requiring validation."
1194,21,SERVER-WEBAPP sojourn.cgi File attempt,T1190 - Exploit Public-Facing Application,llm_candidate,0.85,"Rule detects sojourn.cgi exploit with null byte injection ('%00') and 'cat=' parameter (CVE-2000-0180), indicating file inclusion attack on a public-facing application. Candidate mapping requiring validation."
1195,22,SERVER-WEBAPP sojourn.cgi access,T1046 - Network Service Discovery,llm_candidate,0.6,"Rule detects access to sojourn.cgi without attack payloads, likely reconnaissance or benign access. Candidate mapping requiring validation."
1196,23,SERVER-WEBAPP SGI InfoSearch fname attempt,T1190 - Exploit Public-Facing Application,llm_candidate,0.85,"Rule matches SGI InfoSearch 'fname=' parameter exploit attempt (CVE-2000-0207), targeting a public-facing web application. Candidate mapping requiring validation."
1197,19,SERVER-WEBAPP Phorum code access,T1046 - Network Service Discovery,llm_candidate,0.6,"Rule detects access to Phorum '/code.php3', potentially reconnaissance for source code exposure. Candidate mapping requiring validation."
1198,17,SERVER-WEBAPP Netscape Enterprise Server directory view,T1046 - Network Service Discovery,llm_candidate,0.7,"Rule detects Netscape Enterprise Server user property view via '?wp-usr-prop', a directory enumeration attempt. Candidate mapping requiring validation."
1199,18,SERVER-WEBAPP Compaq Insight directory traversal,T1190 - Exploit Public-Facing Application,improved_heuristic_candidate,0.62,Web-facing exploit indicator matched in msg context. Candidate mapping requiring validation.
1202,14,SERVER-WEBAPP search.vts access,T1046 - Network Service Discovery,llm_candidate,0.6,"Rule detects access to '/search.vts' (Bugtraq 162), likely web service reconnaissance. Candidate mapping requiring validation."
1204,14,SERVER-WEBAPP ax-admin.cgi access,T1046 - Network Service Discovery,llm_candidate,0.5,"Rule detects access to '/ax-admin.cgi', administrative interface reconnaissance. Candidate mapping requiring validation."
1205,14,SERVER-WEBAPP axs.cgi access,T1046 - Network Service Discovery,llm_candidate,0.5,"Rule detects access to '/axs.cgi', likely web analytics CGI reconnaissance. Candidate mapping requiring validation."
1206,18,SERVER-WEBAPP cachemgr.cgi access,T1046 - Network Service Discovery,llm_candidate,0.6,"Rule detects access to '/cachemgr.cgi' (CVE-1999-0710), a known vulnerable proxy cache manager, often probed for reconnaissance. Candidate mapping requiring validation."
1207,15,SERVER-WEBAPP htgrep access,T1046 - Network Service Discovery,llm_candidate,0.5,"Rule detects access to '/htgrep' (CVE-2000-0832), a web grep utility, indicative of service discovery. Candidate mapping requiring validation."
1208,16,SERVER-WEBAPP responder.cgi access,T1046 - Network Service Discovery,llm_candidate,0.5,"Rule detects access to '/responder.cgi', likely web application reconnaissance. Candidate mapping requiring validation."
1209,15,SERVER-WEBAPP .nsconfig access,T1595.002 - Vulnerability Scanning,llm_candidate,0.7,"The rule detects HTTP requests for /.nsconfig, a known configuration file, which is typical of vulnerability scanning against web applications. Candidate mapping requiring validation."
1211,14,SERVER-WEBAPP web-map.cgi access,T1595.002 - Vulnerability Scanning,llm_candidate,0.7,"Access to /web-map.cgi is a known web application fingerprinting target, indicative of vulnerability scanning. Candidate mapping requiring validation."
1212,13,SERVER-WEBAPP Admin_files access,T1595.002 - Vulnerability Scanning,llm_candidate,0.7,"Requests for /admin_files directory suggest scanning for administrative interfaces, a common vulnerability scanning activity. Candidate mapping requiring validation."
1213,13,SERVER-WEBAPP backup access,T1595.002 - Vulnerability Scanning,llm_candidate,0.7,Access to /backup directory is a typical reconnaissance target for finding backup files during vulnerability scanning. Candidate mapping requiring validation.
1214,14,SERVER-WEBAPP intranet access,T1595.002 - Vulnerability Scanning,llm_candidate,0.7,"Requests for /intranet/ indicate scanning for internal web resources, consistent with vulnerability scanning. Candidate mapping requiring validation."
1215,18,SERVER-WEBAPP ministats admin access,T1595.002 - Vulnerability Scanning,llm_candidate,0.6,"Access to /ministats/admin.cgi targets a specific administrative script, often probed during vulnerability scanning. Candidate mapping requiring validation."
1216,18,SERVER-WEBAPP filemail access,T1595.002 - Vulnerability Scanning,llm_candidate,0.7,"The rule references CVEs for filemail, indicating detection of scans for a known vulnerable component. Candidate mapping requiring validation."
1217,17,SERVER-WEBAPP plusmail access,T1595.002 - Vulnerability Scanning,llm_candidate,0.7,References to CVEs and Bugtraq for plusmail show this rule detects scanning for a known vulnerable mail application. Candidate mapping requiring validation.
1218,18,SERVER-WEBAPP adminlogin access,T1595.002 - Vulnerability Scanning,llm_candidate,0.7,Access to /adminlogin is a common target for discovering administrative login portals during vulnerability scanning. Candidate mapping requiring validation.
1219,23,SERVER-WEBAPP dfire.cgi access,T1595.002 - Vulnerability Scanning,llm_candidate,0.6,Detection of /dfire.cgi access with CVE references suggests vulnerability scanning for a specific CGI flaw. Candidate mapping requiring validation.
1220,18,SERVER-WEBAPP ultraboard access,T1595.002 - Vulnerability Scanning,llm_candidate,0.7,"Requests for /ultraboard target a known vulnerable forum application, typical of vulnerability scanning. Candidate mapping requiring validation."
1221,19,SERVER-WEBAPP Muscat Empower cgi access,T1595.002 - Vulnerability Scanning,llm_candidate,0.6,Access to /empower?DB with CVE references indicates scanning for a specific Muscat Empower vulnerability. Candidate mapping requiring validation.
1222,20,SERVER-WEBAPP pals-cgi arbitrary file access attempt,T1190 - Exploit Public-Facing Application,llm_candidate,0.8,"The rule matches an arbitrary file access attempt via the documentName parameter in pals-cgi, which is an exploitation attempt against a public-facing web application. Candidate mapping requiring validation."
1224,17,SERVER-WEBAPP ROADS search.pl attempt,T1595.002 - Vulnerability Scanning,llm_candidate,0.7,"The ROADS search.pl attempt with form parameter is a known vulnerability probe, consistent with vulnerability scanning. Candidate mapping requiring validation."
1229,13,PROTOCOL-FTP CWD ...,T1083 - File and Directory Discovery,llm_candidate,0.7,"The FTP CWD .. pattern detects directory traversal attempts, which is a form of file and directory discovery on a remote service. Candidate mapping requiring validation."
1230,16,SERVER-WEBAPP VirusWall FtpSave access,T1595.002 - Vulnerability Scanning,llm_candidate,0.7,Access to /FtpSave.dll with CVE references indicates scanning for a vulnerable VirusWall component. Candidate mapping requiring validation.
1231,16,SERVER-WEBAPP VirusWall catinfo access,T1595.002 - Vulnerability Scanning,llm_candidate,0.7,Requests for /catinfo with CVE references suggest vulnerability scanning for VirusWall. Candidate mapping requiring validation.
1232,14,SERVER-WEBAPP VirusWall catinfo access,T1595.002 - Vulnerability Scanning,llm_candidate,0.7,Duplicate of rule 1231; same reasoning applies. Candidate mapping requiring validation.
1234,16,SERVER-WEBAPP VirusWall FtpSaveCSP access,T1595.002 - Vulnerability Scanning,llm_candidate,0.7,Access to /FtpSaveCSP.dll with CVE references indicates scanning for a vulnerable VirusWall component. Candidate mapping requiring validation.
1235,16,SERVER-WEBAPP VirusWall FtpSaveCVP access,T1595.002 - Vulnerability Scanning,llm_candidate,0.7,Access to /FtpSaveCVP.dll with CVE references indicates scanning for a vulnerable VirusWall component. Candidate mapping requiring validation.
1239,14,OS-WINDOWS RFParalyze Attempt,T1190 - Exploit Public-Facing Application,llm_candidate,0.6,"The RFParalyze attempt with specific strings suggests an exploitation attempt against a Windows service, potentially exploiting a public-facing application. Candidate mapping requiring validation."
1240,10,SERVER-OTHER MDBMS overflow,T1210 - Exploitation of Remote Services,llm_candidate,0.8,"The MDBMS overflow pattern matches a buffer overflow exploit against a database server, which is exploitation of a remote service. Candidate mapping requiring validation."
1241,15,SERVER-WEBAPP SWEditServlet directory traversal attempt,T1190 - Exploit Public-Facing Application,improved_heuristic_candidate,0.62,Web-facing exploit indicator matched in msg context. Candidate mapping requiring validation.
1242,24,SERVER-IIS ISAPI .ida access,T1190 - Exploit Public-Facing Application,llm_candidate,0.85,"Detects access to IIS ISAPI .ida extension associated with CVE-2000-0071, indicating exploitation of a public-facing web application. Candidate mapping requiring validation."
1243,26,SERVER-IIS ISAPI .ida attempt,T1190 - Exploit Public-Facing Application,llm_candidate,0.9,"Detects exploit attempt against IIS ISAPI .ida (CVE-2000-0071, CVE-2001-0500) via query string, directly observing exploitation of a public-facing application. Candidate mapping requiring validation."
1244,29,SERVER-IIS ISAPI .idq attempt,T1190 - Exploit Public-Facing Application,llm_candidate,0.9,"Detects exploit attempt against IIS ISAPI .idq (CVE-2000-0071, CVE-2000-0126, CVE-2001-0500) via query string, observing exploitation of a public-facing web application. Candidate mapping requiring validation."
1245,24,SERVER-IIS ISAPI .idq access,T1190 - Exploit Public-Facing Application,llm_candidate,0.8,"Detects access to vulnerable IIS ISAPI .idq endpoint (CVE-2000-0071), indicative of reconnaissance or exploitation against a public-facing application. Candidate mapping requiring validation."
1248,31,SERVER-OTHER Microsoft Frontpage rad fp30reg.dll access,T1190 - Exploit Public-Facing Application,llm_candidate,0.85,"Detects access to Microsoft FrontPage fp30reg.dll (CVE-2001-0341, CVE-2003-0822), a known vulnerability in a public-facing web application component. Candidate mapping requiring validation."
1249,25,SERVER-OTHER Microsoft Frontpage rad fp4areg.dll access,T1190 - Exploit Public-Facing Application,llm_candidate,0.85,"Detects access to Microsoft FrontPage fp4areg.dll (CVE-2001-0341), indicating exploitation attempt against a public-facing web application. Candidate mapping requiring validation."
1250,22,OS-OTHER Cisco IOS HTTP configuration attempt,T1190 - Exploit Public-Facing Application,llm_candidate,0.9,"Detects Cisco IOS HTTP configuration exploit attempt (CVE-2001-0537) via /level/ URI, observing exploitation of a public-facing network device management interface. Candidate mapping requiring validation."
1252,25,PROTOCOL-TELNET bsd telnet exploit response,T1210 - Exploitation of Remote Services,llm_candidate,0.9,"Detects BSD telnet exploit response (CVE-2001-0554), observing successful exploitation of a remote telnet service. Candidate mapping requiring validation."
1253,24,PROTOCOL-TELNET bsd exploit client finishing,T1210 - Exploitation of Remote Services,llm_candidate,0.9,"Detects telnet exploit completion sequence (CVE-2001-0554), observing post-exploitation activity on a compromised remote service. Candidate mapping requiring validation."
1254,16,SERVER-WEBAPP PHPLIB remote command attempt,T1190 - Exploit Public-Facing Application,llm_candidate,0.85,"Detects PHPLIB remote command execution attempt (CVE-2001-1370) via _PHPLIB[libdir] parameter, indicating exploitation of a public-facing web application. Candidate mapping requiring validation."
1255,15,SERVER-WEBAPP PHPLIB remote command attempt,T1190 - Exploit Public-Facing Application,llm_candidate,0.8,"Detects access to PHPLIB db_mysql.inc (CVE-2001-1370), associated with remote command execution in a public-facing web application. Candidate mapping requiring validation."
1256,20,SERVER-IIS CodeRed v2 root.exe access,T1190 - Exploit Public-Facing Application,llm_candidate,0.95,"Detects CodeRed v2 worm payload accessing /root.exe on IIS (CVE-2001-0500), directly observing exploitation of a public-facing web server. Candidate mapping requiring validation."
1257,15,SERVER-OTHER Winnuke attack,T1498.001 - Direct Network Flood,llm_candidate,0.9,"Detects WinNuke attack (CVE-1999-0153), a TCP-based denial-of-service attack sending out-of-band data to crash Windows systems, observable as a direct network flood. Candidate mapping requiring validation."
1259,14,SERVER-WEBAPP SWEditServlet access,T1595.002 - Vulnerability Scanning,llm_candidate,0.75,"Detects access to SWEditServlet, classified as attempted-recon, indicating vulnerability scanning of a web application servlet endpoint. Candidate mapping requiring validation."
1261,15,SERVER-OTHER AIX pdnsd overflow,T1210 - Exploitation of Remote Services,llm_candidate,0.85,"Detects AIX pdnsd buffer overflow exploit attempt (CVE-1999-0745), observing exploitation of a remote DNS service. Candidate mapping requiring validation."
1262,16,PROTOCOL-RPC portmap admind request TCP,T1046 - Network Service Discovery,llm_candidate,0.8,"Detects RPC portmap request for admind service, observing network service discovery via RPC portmapper enumeration. Candidate mapping requiring validation."
1263,18,PROTOCOL-RPC portmap amountd request TCP,T1046 - Network Service Discovery,llm_candidate,0.8,"Detects RPC portmap request for amountd service, observing network service discovery via RPC portmapper enumeration. Candidate mapping requiring validation."
1264,21,PROTOCOL-RPC portmap bootparam request TCP,T1046 - Network Service Discovery,llm_candidate,0.8,"Detects RPC portmap request for bootparam service, observing network service discovery via RPC portmapper enumeration. Candidate mapping requiring validation."
1265,16,PROTOCOL-RPC portmap cmsd request TCP,T1046 - Network Service Discovery,llm_candidate,0.8,"Detects RPC portmap request for cmsd service, observing network service discovery via RPC portmapper enumeration. Candidate mapping requiring validation."
1267,18,PROTOCOL-RPC portmap nisd request TCP,T1046 - Network Service Discovery,llm_candidate,0.8,"Detects RPC portmap request for nisd service, observing network service discovery via RPC portmapper enumeration. Candidate mapping requiring validation."
1268,19,PROTOCOL-RPC portmap pcnfsd request TCP,T1046 - Network Service Discovery,llm_candidate,0.8,"Detects RPC portmap request for pcnfsd service (CVE-1999-0078, CVE-1999-0353, CVE-2002-0910), observing network service discovery via RPC portmapper enumeration. Candidate mapping requiring validation."
1269,17,PROTOCOL-RPC portmap rexd request TCP,T1046 - Network Service Discovery,llm_candidate,0.8,"Detects RPC portmap request for rexd service, observing network service discovery via RPC portmapper enumeration. Candidate mapping requiring validation."
1270,18,PROTOCOL-RPC portmap rstatd request TCP,T1046 - Network Service Discovery,llm_candidate,0.8,"Detects RPC portmap request for rstatd service, observing network service discovery via RPC portmapper enumeration. Candidate mapping requiring validation."
1271,21,PROTOCOL-RPC portmap rusers request TCP,T1046 - Network Service Discovery,llm_candidate,0.8,"Detects RPC portmap request for rusers service (CVE-1999-0626), observing network service discovery via RPC portmapper enumeration. Candidate mapping requiring validation."
1272,17,PROTOCOL-RPC portmap sadmind request TCP,T1046 - Network Service Discovery,llm_candidate,0.8,"Detects RPC portmap request for sadmind service, observing network service discovery via RPC portmapper enumeration. Candidate mapping requiring validation."
1273,17,PROTOCOL-RPC portmap selection_svc request TCP,T1046 - Network Service Discovery,llm_candidate,0.9,"Detects RPC portmap queries for the selection_svc service, indicating network service discovery. Candidate mapping requiring validation."
1274,26,PROTOCOL-RPC portmap ttdbserv request TCP,T1046 - Network Service Discovery,llm_candidate,0.9,"Detects RPC portmap queries for the ttdbserv service, indicating network service discovery. Candidate mapping requiring validation."
1275,17,PROTOCOL-RPC portmap yppasswd request TCP,T1046 - Network Service Discovery,llm_candidate,0.9,"Detects RPC portmap queries for the yppasswd service, indicating network service discovery. Candidate mapping requiring validation."
1276,21,PROTOCOL-RPC portmap ypserv request TCP,T1046 - Network Service Discovery,llm_candidate,0.9,"Detects RPC portmap queries for the ypserv service, indicating network service discovery. Candidate mapping requiring validation."
1277,23,PROTOCOL-RPC portmap ypupdated request UDP,T1046 - Network Service Discovery,llm_candidate,0.9,"Detects RPC portmap queries for the ypupdated service over UDP, indicating network service discovery. Candidate mapping requiring validation."
1279,28,PROTOCOL-RPC portmap snmpXdmi request UDP,T1046 - Network Service Discovery,llm_candidate,0.9,"Detects RPC portmap queries for the snmpXdmi service over UDP, indicating network service discovery. Candidate mapping requiring validation."
1280,18,PROTOCOL-RPC portmap listing UDP 111,T1046 - Network Service Discovery,llm_candidate,0.95,"Detects RPC portmap dump (listing) requests on UDP 111, a classic network service discovery technique. Candidate mapping requiring validation."
1281,15,PROTOCOL-RPC portmap listing UDP 32771,T1046 - Network Service Discovery,llm_candidate,0.95,"Detects RPC portmap dump (listing) requests on UDP 32771, a classic network service discovery technique. Candidate mapping requiring validation."
1283,21,SERVER-IIS Microsoft Office Outlook web dos,T1498.001 - Direct Network Flood,llm_candidate,0.7,"Detects a specific exploit against Outlook Web Access (mailbox parameter with %%% pattern) causing denial of service, consistent with direct network flood. Candidate mapping requiring validation."
1285,20,SERVER-IIS msdac access,T1046 - Network Service Discovery,llm_candidate,0.8,"Detects access to the /msdac/ directory, indicating web application reconnaissance and service discovery. Candidate mapping requiring validation."
1286,20,SERVER-IIS _mem_bin access,T1046 - Network Service Discovery,llm_candidate,0.8,"Detects access to the /_mem_bin/ directory, indicating web application reconnaissance and service discovery. Candidate mapping requiring validation."
1288,18,SERVER-OTHER Microsoft Frontpage /_vti_bin/ access,T1046 - Network Service Discovery,llm_candidate,0.8,"Detects access to Microsoft FrontPage /_vti_bin/ directory, indicating web application reconnaissance. Candidate mapping requiring validation."
1289,11,PROTOCOL-TFTP GET Admin.dll,T1105 - Ingress Tool Transfer,llm_candidate,0.85,"Detects TFTP GET request for Admin.dll, consistent with ingress tool transfer (e.g., Code Red worm downloading payload). Candidate mapping requiring validation."
1290,16,FILE-OTHER readme.eml autoload attempt,T1203 - Exploitation for Client Execution,llm_candidate,0.85,"Detects the Nimda worm's readme.eml auto-load attempt via MIME vulnerability, indicating exploitation for client execution. Candidate mapping requiring validation."
1291,15,SERVER-WEBAPP sml3com access,T1046 - Network Service Discovery,llm_candidate,0.8,"Detects access to 3Com SMU /graphics/sml3com path, indicating web application reconnaissance. Candidate mapping requiring validation."
1292,12,INDICATOR-COMPROMISE directory listing,T1083 - File and Directory Discovery,llm_candidate,0.8,"Detects 'Volume Serial Number' string in traffic, typical output of a directory listing command, indicating file and directory discovery. Candidate mapping requiring validation."
1300,18,SERVER-WEBAPP admin.php file upload attempt,T1041 - Exfiltration Over C2 Channel,improved_heuristic_candidate,0.58,Exfiltration indicator matched in msg context. Candidate mapping requiring validation.
1301,23,SERVER-WEBAPP admin.php access,T1046 - Network Service Discovery,llm_candidate,0.8,"Detects access to admin.php, indicating web application reconnaissance. Candidate mapping requiring validation."
1302,15,SERVER-WEBAPP console.exe access,T1046 - Network Service Discovery,llm_candidate,0.8,"Detects access to /cgi-bin/console.exe, indicating web application reconnaissance. Candidate mapping requiring validation."
1303,15,SERVER-WEBAPP cs.exe access,T1046 - Network Service Discovery,llm_candidate,0.8,"Detects access to /cgi-bin/cs.exe, indicating web application reconnaissance. Candidate mapping requiring validation."
1304,19,SERVER-WEBAPP txt2html.cgi access,T1046 - Network Service Discovery,llm_candidate,0.8,"Detects access to /txt2html.cgi, indicating web application reconnaissance. Candidate mapping requiring validation."
1305,15,SERVER-WEBAPP txt2html.cgi directory traversal attempt,T1190 - Exploit Public-Facing Application,improved_heuristic_candidate,0.62,Web-facing exploit indicator matched in msg context. Candidate mapping requiring validation.
1307,22,SERVER-WEBAPP store.cgi access,T1046 - Network Service Discovery,llm_candidate,0.8,"Detects access to /store.cgi, indicating web application reconnaissance. Candidate mapping requiring validation."
1308,20,SERVER-WEBAPP sendmessage.cgi access,T1046 - Network Service Discovery,llm_candidate,0.8,"Detects access to /sendmessage.cgi, indicating web application reconnaissance. Candidate mapping requiring validation."
1309,21,SERVER-WEBAPP zsh access,T1190 - Exploit Public-Facing Application,llm_candidate,0.4,"Rule detects HTTP requests for '/zsh' which may indicate exploitation of a web-accessible shell (CVE-1999-0509), but the pattern alone could also be benign reconnaissance. Candidate mapping requiring validation."
1323,10,SERVER-OTHER rwhoisd format string attempt,T1210 - Exploitation of Remote Services,llm_candidate,0.9,"Rule matches a format string exploit payload ('-soa %p') targeting the rwhoisd service, a clear remote service exploitation attempt. Candidate mapping requiring validation."
1324,12,INDICATOR-SHELLCODE ssh CRC32 overflow /bin/sh,T1210 - Exploitation of Remote Services,llm_candidate,0.95,"Rule detects '/bin/sh' string in SSH traffic, a classic indicator of shellcode for the SSH CRC32 overflow exploits (CVE-2001-0144, CVE-2001-0572). Candidate mapping requiring validation."
1325,14,INDICATOR-SHELLCODE ssh CRC32 overflow filler,T1210 - Exploitation of Remote Services,llm_candidate,0.9,"Rule matches a long sequence of null bytes used as filler in the SSH CRC32 overflow exploit, part of the same remote service exploitation. Candidate mapping requiring validation."
1326,13,INDICATOR-SHELLCODE ssh CRC32 overflow NOOP,T1210 - Exploitation of Remote Services,llm_candidate,0.9,"Rule detects a NOP sled (0x90 bytes) characteristic of shellcode for the SSH CRC32 overflow, indicating remote service exploitation. Candidate mapping requiring validation."
1327,14,INDICATOR-SHELLCODE ssh CRC32 overflow,T1210 - Exploitation of Remote Services,llm_candidate,0.95,"Rule matches specific byte patterns unique to the SSH CRC32 overflow exploit payload, a direct indicator of remote service exploitation. Candidate mapping requiring validation."
1374,15,SERVER-WEBAPP .htgroup access,T1083 - File and Directory Discovery,llm_candidate,0.7,"Rule detects access to '.htgroup' file via HTTP, which is a web-accessible sensitive file; this constitutes file and directory discovery over a public-facing application. Candidate mapping requiring validation."
1375,12,SERVER-WEBAPP sadmind worm access,T1190 - Exploit Public-Facing Application,llm_candidate,0.8,"Rule matches the malformed 'GET x HTTP/1.0' request used by the Sadmind/IIS worm to exploit IIS web servers, an exploit of a public-facing application. Candidate mapping requiring validation."
1376,13,SERVER-WEBAPP jrun directory browse attempt,T1083 - File and Directory Discovery,llm_candidate,0.75,"Rule detects '/?.jsp' pattern used for directory browsing against JRun, a file and directory discovery technique via web application. Candidate mapping requiring validation."
1377,24,PROTOCOL-FTP wu-ftp bad file completion attempt,T1210 - Exploitation of Remote Services,llm_candidate,0.9,"Rule matches '~' and '[' characters used to trigger the wu-ftp file completion vulnerability (CVE-2001-0550, CVE-2001-0886), a remote service exploitation. Candidate mapping requiring validation."
1378,24,PROTOCOL-FTP wu-ftp bad file completion attempt,T1210 - Exploitation of Remote Services,llm_candidate,0.9,"Rule matches '~' and '{' characters used for the same wu-ftp file completion vulnerability, another variant of remote service exploitation. Candidate mapping requiring validation."
1379,23,PROTOCOL-FTP STAT overflow attempt,T1210 - Exploitation of Remote Services,llm_candidate,0.95,"Rule uses a PCRE to detect overly long arguments to the FTP STAT command, a known buffer overflow in multiple FTP daemons (CVE-2001-0325, etc.), clearly remote service exploitation. Candidate mapping requiring validation."
1380,21,SERVER-IIS Form_VBScript.asp access,T1190 - Exploit Public-Facing Application,llm_candidate,0.95,"Rule detects access to '/Form_VBScript.asp', a known vulnerable IIS script (MS00-060), indicating exploitation of a public-facing web application. Candidate mapping requiring validation."
1381,13,SERVER-WEBAPP Trend Micro OfficeScan attempt,T1046 - Network Service Discovery,llm_candidate,0.6,Rule matches specific CGI parameters used by Trend Micro OfficeScan; this is likely reconnaissance scanning for the service rather than an exploit. Candidate mapping requiring validation.
1382,13,SERVER-OTHER CHAT IRC Ettercap parse overflow attempt,T1210 - Exploitation of Remote Services,llm_candidate,0.85,"Rule detects a long IRC PRIVMSG to nickserv IDENTIFY, targeting a buffer overflow in Ettercap's IRC parser, a remote service exploitation. Candidate mapping requiring validation."
1384,21,OS-WINDOWS Microsoft Windows UPnP malformed advertisement,T1210 - Exploitation of Remote Services,llm_candidate,0.8,"Rule matches malformed UPnP NOTIFY advertisements with LOCATION headers (CVE-2001-0876, CVE-2001-0877), an exploitation attempt against the UPnP service. Candidate mapping requiring validation."
1385,18,SERVER-WEBAPP mod-plsql administration access,T1046 - Network Service Discovery,llm_candidate,0.6,Rule detects access to '/admin_/' path used by mod-plsql administration interface; this is likely service discovery or unauthorized access reconnaissance. Candidate mapping requiring validation.
1386,15,SERVER-MSSQL raiserror possible buffer overflow,T1210 - Exploitation of Remote Services,llm_candidate,0.9,"Rule matches the Unicode-encoded 'raiserror' string used to trigger a buffer overflow in Microsoft SQL Server (CVE-2001-0542), a remote service exploitation. Candidate mapping requiring validation."
1387,13,SQL raiserror possible buffer overflow,T1210 - Exploitation of Remote Services,llm_candidate,0.9,Same as previous but generic SQL; detects the same raiserror overflow payload against SQL services. Candidate mapping requiring validation.
1388,23,OS-WINDOWS Microsoft Windows UPnP Location overflow attempt,T1210 - Exploitation of Remote Services,llm_candidate,0.95,"Rule uses a PCRE to detect overly long Location header values in UPnP traffic (CVE-2001-0876, CVE-2007-2386), a clear remote service exploitation. Candidate mapping requiring validation."
1390,17,INDICATOR-SHELLCODE x86 inc ebx NOOP,T1210 - Exploitation of Remote Services,llm_candidate,0.5,"Rule detects a series of 0xCC (INT3) bytes, a generic shellcode NOP/breakpoint pattern; while indicative of exploit payloads, it lacks protocol context for a specific technique. Candidate mapping requiring validation."
1392,22,SERVER-WEBAPP lastlines.cgi access,T1190 - Exploit Public-Facing Application,llm_candidate,0.9,"Rule detects access to '/lastlines.cgi', a CGI script with known vulnerabilities (CVE-2001-1205, CVE-2001-1206), indicating web application exploitation. Candidate mapping requiring validation."
1394,17,INDICATOR-SHELLCODE x86 inc ecx NOOP,T1210 - Exploitation of Remote Services,llm_candidate,0.5,"Rule detects a series of 0x41 ('A') bytes, a generic inc ecx NOP sled pattern; similar to rule 848, it suggests shellcode but lacks specific exploit context. Candidate mapping requiring validation."
1395,16,SERVER-WEBAPP zml.cgi attempt,T1190 - Exploit Public-Facing Application,llm_candidate,0.9,"Rule matches '/zml.cgi' with 'file=../' path traversal attempt (CVE-2001-1209), a direct exploitation of a web application vulnerability. Candidate mapping requiring validation."
1396,17,SERVER-WEBAPP zml.cgi access,T1046 - Network Service Discovery,llm_candidate,0.5,Rule detects access to '/zml.cgi' without the traversal payload; this may be reconnaissance for the vulnerable script rather than an active exploit. Candidate mapping requiring validation.
1397,16,SERVER-WEBAPP wayboard attempt,T1190 - Exploit Public-Facing Application,llm_candidate,0.85,"Rule detects a directory traversal exploit attempt against the wayboard.cgi web application, indicative of exploiting a public-facing application. Candidate mapping requiring validation."
1398,14,SERVER-OTHER CDE dtspcd exploit attempt,T1210 - Exploitation of Remote Services,llm_candidate,0.8,"Rule targets an exploit attempt against the CDE dtspcd remote service, matching exploitation of a remote service. Candidate mapping requiring validation."
1399,23,SERVER-WEBAPP PHP-Nuke remote file include attempt,T1190 - Exploit Public-Facing Application,llm_candidate,0.9,"Rule identifies a remote file inclusion (RFI) attempt via the file parameter in PHP-Nuke, a classic web application exploit. Candidate mapping requiring validation."
1400,18,SERVER-IIS /scripts/samples/ access,T1083 - File and Directory Discovery,llm_candidate,0.7,"Rule detects access to the default IIS /scripts/samples/ directory, which is commonly used for file and directory discovery. Candidate mapping requiring validation."
1401,20,SERVER-IIS /msadc/samples/ access,T1083 - File and Directory Discovery,llm_candidate,0.7,"Rule detects access to the IIS /msadc/samples/ directory, indicative of file and directory discovery. Candidate mapping requiring validation."
1402,19,SERVER-IIS iissamples access,T1083 - File and Directory Discovery,llm_candidate,0.7,"Rule detects access to the /iissamples/ directory, another default IIS sample path used for discovery. Candidate mapping requiring validation."
1405,17,SERVER-WEBAPP AHG search.cgi access,T1190 - Exploit Public-Facing Application,llm_candidate,0.75,"Rule detects access to AHG search.cgi with a template parameter, referencing a known vulnerability (CVE-2002-2113) suggesting exploit attempt. Candidate mapping requiring validation."
1406,23,SERVER-WEBAPP agora.cgi access,T1190 - Exploit Public-Facing Application,llm_candidate,0.8,"Rule detects access to agora.cgi, which has multiple CVEs associated, indicating an exploit attempt against a public-facing web application. Candidate mapping requiring validation."
1407,15,SERVER-WEBAPP smssend.php access,T1190 - Exploit Public-Facing Application,llm_candidate,0.8,"Rule detects access to smssend.php, linked to CVE-2002-0220, suggesting an exploit attempt. Candidate mapping requiring validation."
1408,17,SERVER-OTHER MSDTC attempt,T1499.002 - Service Exhaustion Flood,llm_candidate,0.6,"Rule is classified as attempted-dos against MSDTC with no payload content; likely a service exhaustion flood, but low confidence due to lack of observable network artifacts. Candidate mapping requiring validation."
1409,21,PROTOCOL-SNMP community string buffer overflow attempt,T1210 - Exploitation of Remote Services,llm_candidate,0.85,"Rule matches a specific SNMP community string buffer overflow pattern, directly indicating exploitation of a remote SNMP service. Candidate mapping requiring validation."
1410,16,SERVER-WEBAPP dcboard.cgi access,T1083 - File and Directory Discovery,llm_candidate,0.7,"Rule detects access to dcboard.cgi, classified as attempted-recon, consistent with file and directory discovery. Candidate mapping requiring validation."
1411,21,PROTOCOL-SNMP public access udp,T1046 - Network Service Discovery,llm_candidate,0.9,"Rule detects the default SNMP community string 'public' over UDP, a clear indicator of network service discovery. Candidate mapping requiring validation."
1412,23,PROTOCOL-SNMP public access tcp,T1046 - Network Service Discovery,llm_candidate,0.9,"Same as previous but over TCP, also network service discovery via SNMP. Candidate mapping requiring validation."
1413,19,PROTOCOL-SNMP private access udp,T1046 - Network Service Discovery,llm_candidate,0.9,"Detects the 'private' SNMP community string over UDP, another default credential used for service discovery. Candidate mapping requiring validation."
1414,20,PROTOCOL-SNMP private access tcp,T1046 - Network Service Discovery,llm_candidate,0.9,"Detects 'private' community string over TCP, same discovery activity. Candidate mapping requiring validation."
1415,18,PROTOCOL-SNMP Broadcast request,T1046 - Network Service Discovery,llm_candidate,0.8,"Detects SNMP broadcast requests, a method for discovering SNMP-enabled devices on the network. Candidate mapping requiring validation."
1416,18,PROTOCOL-SNMP broadcast trap,T1046 - Network Service Discovery,llm_candidate,0.8,"Detects SNMP broadcast traps, also used for network service discovery. Candidate mapping requiring validation."
1417,18,PROTOCOL-SNMP request udp,T1046 - Network Service Discovery,llm_candidate,0.8,"Generic SNMP request over UDP, indicative of network service discovery. Candidate mapping requiring validation."
1418,19,PROTOCOL-SNMP request tcp,T1046 - Network Service Discovery,llm_candidate,0.8,"Generic SNMP request over TCP, same discovery activity. Candidate mapping requiring validation."
1419,18,PROTOCOL-SNMP trap udp,T1046 - Network Service Discovery,llm_candidate,0.8,"SNMP trap over UDP, used for discovery. Candidate mapping requiring validation."
1420,19,PROTOCOL-SNMP trap tcp,T1046 - Network Service Discovery,llm_candidate,0.8,"SNMP trap over TCP, same. Candidate mapping requiring validation."
1421,19,PROTOCOL-SNMP AgentX/tcp request,T1046 - Network Service Discovery,llm_candidate,0.8,"SNMP AgentX request over TCP, a subagent protocol, still network service discovery. Candidate mapping requiring validation."
1422,21,PROTOCOL-SNMP community string buffer overflow attempt with evasion,T1210 - Exploitation of Remote Services,llm_candidate,0.85,"Rule matches an SNMP community string buffer overflow attempt with evasion, indicating exploitation of a remote SNMP service. Candidate mapping requiring validation."
1423,24,SERVER-WEBAPP content-disposition memchr overflow,T1190 - Exploit Public-Facing Application,llm_candidate,0.85,"Rule detects a Content-Disposition header pattern indicative of a memchr buffer overflow in a web application, exploiting a public-facing application. Candidate mapping requiring validation."
1425,22,SERVER-WEBAPP content-disposition file upload attempt,T1041 - Exfiltration Over C2 Channel,improved_heuristic_candidate,0.58,Exfiltration indicator matched in msg context. Candidate mapping requiring validation.
1426,14,PROTOCOL-SNMP PROTOS test-suite-req-app attempt,T1595.002 - Vulnerability Scanning,llm_candidate,0.8,"Matches PROTOS SNMP test suite request packets, indicating active vulnerability scanning against SNMP services. Candidate mapping requiring validation."
1427,13,PROTOCOL-SNMP PROTOS test-suite-trap-app attempt,T1595.002 - Vulnerability Scanning,llm_candidate,0.8,"Matches PROTOS SNMP trap test suite packets, indicating active vulnerability scanning against SNMP trap handling. Candidate mapping requiring validation."
1433,12,SERVER-WEBAPP .history access,T1083 - File and Directory Discovery,llm_candidate,0.7,"Detects web requests for /.history file, which is a file and directory discovery attempt via web application. Candidate mapping requiring validation."
1435,16,PROTOCOL-DNS named authors attempt,T1590.002 - DNS,llm_candidate,0.8,"Detects DNS query for authors.bind, a reconnaissance technique to gather DNS server version information. Candidate mapping requiring validation."
1441,11,PROTOCOL-TFTP GET nc.exe,T1105 - Ingress Tool Transfer,llm_candidate,0.8,"Detects TFTP GET request for nc.exe (netcat), a common tool transferred into compromised environments. Candidate mapping requiring validation."
1442,11,PROTOCOL-TFTP GET shadow,T1003.008 - /etc/passwd and /etc/shadow,llm_candidate,0.7,"Detects TFTP GET request for shadow file, indicating attempted access to Linux credential file (/etc/shadow). Candidate mapping requiring validation."
1443,12,PROTOCOL-TFTP GET passwd,T1003.008 - /etc/passwd and /etc/shadow,llm_candidate,0.7,"Detects TFTP GET request for passwd file, indicating attempted access to Linux credential file (/etc/passwd). Candidate mapping requiring validation."
1446,15,SERVER-MAIL vrfy root,T1087.001 - Local Account,llm_candidate,0.8,"Detects SMTP VRFY root command, used for local account enumeration. Candidate mapping requiring validation."
1447,20,POLICY-OTHER Microsoft Windows Terminal server RDP attempt,T1021.001 - Remote Desktop Protocol,improved_heuristic_candidate,0.65,"Remote Desktop Protocol indicator matched in msg, service context. Candidate mapping requiring validation."
1448,20,POLICY-OTHER Microsoft Windows Terminal server request attempt,T1021.001 - Remote Desktop Protocol,improved_heuristic_candidate,0.65,Remote Desktop Protocol indicator matched in service context. Candidate mapping requiring validation.
1450,13,SERVER-MAIL Vintra Mailserver expn *@,T1087.003 - Email Account,llm_candidate,0.8,"Detects SMTP EXPN *@ command, used to expand mailing lists and discover email accounts. Candidate mapping requiring validation."
1451,20,SERVER-WEBAPP NPH-maillist access,T1190 - Exploit Public-Facing Application,llm_candidate,0.8,"Detects access to vulnerable NPH-maillist.pl script (CVE-2001-0400), an exploit against a public-facing application. Candidate mapping requiring validation."
1452,19,SERVER-WEBAPP args.cmd access,T1190 - Exploit Public-Facing Application,llm_candidate,0.8,"Detects access to vulnerable args.cmd script (CVE-1999-1180), an exploit against a public-facing application. Candidate mapping requiring validation."
1453,17,SERVER-WEBAPP AT-generated.cgi access,T1190 - Exploit Public-Facing Application,llm_candidate,0.8,"Detects access to vulnerable AT-generated.cgi script (CVE-1999-1072), an exploit against a public-facing application. Candidate mapping requiring validation."
1454,18,SERVER-WEBAPP wwwwais access,T1190 - Exploit Public-Facing Application,llm_candidate,0.8,"Detects access to vulnerable wwwwais script (CVE-2001-0223), an exploit against a public-facing application. Candidate mapping requiring validation."
1455,18,SERVER-WEBAPP calendar.pl access,T1190 - Exploit Public-Facing Application,llm_candidate,0.8,"Detects access to vulnerable calendar.pl script (CVE-2000-0432), an exploit against a public-facing application. Candidate mapping requiring validation."
1456,17,SERVER-WEBAPP calender_admin.pl access,T1190 - Exploit Public-Facing Application,llm_candidate,0.8,"Detects access to vulnerable calender_admin.pl script (CVE-2000-0432), an exploit against a public-facing application. Candidate mapping requiring validation."
1457,18,SERVER-WEBAPP user_update_admin.pl access,T1590.002 - DNS,llm_candidate,0.8,Rule detects access to a specific CGI script (user_update_admin.pl) associated with known vulnerabilities; this behavior aligns with vulnerability scanning of web applications. Candidate mapping requiring validation.
1458,18,SERVER-WEBAPP user_update_passwd.pl access,T1590.002 - DNS,llm_candidate,0.8,"Rule detects access to user_update_passwd.pl, a script linked to CVE-2000-0627; indicative of vulnerability scanning activity. Candidate mapping requiring validation."
1459,19,SERVER-WEBAPP bb-histlog.sh access,T1590.002 - DNS,llm_candidate,0.8,"Rule triggers on access to bb-histlog.sh, a Big Brother monitoring script; such requests are typical of vulnerability scanning against known vulnerable CGI endpoints. Candidate mapping requiring validation."
1460,17,SERVER-WEBAPP bb-histsvc.sh access,T1590.002 - DNS,llm_candidate,0.8,Access to bb-histsvc.sh is a known reconnaissance target for vulnerability scanners; rule matches attempted-recon classtype. Candidate mapping requiring validation.
1461,17,SERVER-WEBAPP bb-rep.sh access,T1590.002 - DNS,llm_candidate,0.8,Request for bb-rep.sh is a common probe for vulnerable Big Brother installations; consistent with vulnerability scanning. Candidate mapping requiring validation.
1462,17,SERVER-WEBAPP bb-replog.sh access,T1590.002 - DNS,llm_candidate,0.8,Access to bb-replog.sh is another Big Brother script targeted by scanners; rule classtype is attempted-recon. Candidate mapping requiring validation.
1464,10,INDICATOR-COMPROMISE oracle one hour install,T1190 - Exploit Public-Facing Application,llm_candidate,0.6,"Rule matches the string 'Oracle Applications One-Hour Install' which is associated with a known exploit (Nessus 10737); may indicate exploitation of a public-facing Oracle application, but the signature is generic. Candidate mapping requiring validation."
1465,20,SERVER-WEBAPP auktion.cgi access,T1590.002 - DNS,llm_candidate,0.8,Access to auktion.cgi (CVE-2001-0212) is a typical vulnerability scanning probe; classtype web-application-activity supports reconnaissance intent. Candidate mapping requiring validation.
1466,20,SERVER-WEBAPP cgiforum.pl access,T1590.002 - DNS,llm_candidate,0.8,Request for cgiforum.pl (CVE-2000-1171) is a known vulnerable CGI; detection aligns with vulnerability scanning. Candidate mapping requiring validation.
1467,20,SERVER-WEBAPP directorypro.cgi access,T1590.002 - DNS,llm_candidate,0.8,Access to directorypro.cgi (CVE-2001-0780) is a common scanner target; rule classtype web-application-activity indicates reconnaissance. Candidate mapping requiring validation.
1468,18,SERVER-WEBAPP Web Shopper shopper.cgi attempt,T1190 - Exploit Public-Facing Application,llm_candidate,0.9,Rule includes directory traversal payload ('newpage=../') against shopper.cgi (CVE-2000-0922); this is an active exploitation attempt against a public-facing web application. Candidate mapping requiring validation.
1469,17,SERVER-WEBAPP Web Shopper shopper.cgi access,T1590.002 - DNS,llm_candidate,0.8,Simple access to shopper.cgi without attack payload suggests reconnaissance or vulnerability scanning. Candidate mapping requiring validation.
1470,20,SERVER-WEBAPP listrec.pl access,T1590.002 - DNS,llm_candidate,0.8,Access to listrec.pl (CVE-2001-0997) is a known vulnerable script; attempted-recon classtype indicates scanning. Candidate mapping requiring validation.
1471,20,SERVER-WEBAPP mailnews.cgi access,T1590.002 - DNS,llm_candidate,0.8,Request for mailnews.cgi (CVE-2001-0271) is typical of vulnerability scanning against web applications. Candidate mapping requiring validation.
1472,21,SERVER-WEBAPP book.cgi access,T1590.002 - DNS,llm_candidate,0.8,Access to book.cgi (CVE-2001-1114) is a reconnaissance probe for a known vulnerable CGI. Candidate mapping requiring validation.
1473,20,SERVER-WEBAPP newsdesk.cgi access,T1190 - Exploit Public-Facing Application,llm_candidate,0.9,"Rule matches both newsdesk.cgi and directory traversal ('../'), indicating an active exploitation attempt (CVE-2001-0232). Candidate mapping requiring validation."
1474,21,SERVER-WEBAPP cal_make.pl access,T1590.002 - DNS,llm_candidate,0.8,Access to cal_make.pl (CVE-2001-0463) is a vulnerability scanning indicator; classtype web-application-activity. Candidate mapping requiring validation.
1475,18,SERVER-WEBAPP mailit.pl access,T1590.002 - DNS,llm_candidate,0.8,Request for mailit.pl is a known reconnaissance target (Nessus 10417); attempted-recon classtype. Candidate mapping requiring validation.
1476,21,SERVER-WEBAPP sdbsearch.cgi access,T1590.002 - DNS,llm_candidate,0.8,Access to sdbsearch.cgi (CVE-2001-1130) is a common vulnerability scanning probe. Candidate mapping requiring validation.
1478,18,SERVER-WEBAPP Simple Web Counter URI Parameter Buffer Overflow attempt,T1190 - Exploit Public-Facing Application,llm_candidate,0.9,Rule detects a buffer overflow attempt via the 'ctr=' parameter in Simple Web Counter (Bugtraq 6581); this is an exploitation attempt against a public-facing web application. Candidate mapping requiring validation.
1479,16,SERVER-WEBAPP ttawebtop.cgi arbitrary file attempt,T1190 - Exploit Public-Facing Application,llm_candidate,0.9,"Rule includes directory traversal payload ('pg=../') against ttawebtop.cgi (CVE-2001-0805), indicating active exploitation. Candidate mapping requiring validation."
1480,21,SERVER-WEBAPP ttawebtop.cgi access,T1590.002 - DNS,llm_candidate,0.8,Simple access to ttawebtop.cgi without attack payload suggests vulnerability scanning. Candidate mapping requiring validation.
1481,16,SERVER-WEBAPP upload.cgi access,T1041 - Exfiltration Over C2 Channel,improved_heuristic_candidate,0.58,"Exfiltration indicator matched in msg, content context. Candidate mapping requiring validation."
1482,19,SERVER-WEBAPP view_source access,T1590.002 - DNS,llm_candidate,0.8,Request for view_source (CVE-1999-0174) is a known vulnerable CGI; attempted-recon classtype indicates scanning activity. Candidate mapping requiring validation.
1483,22,SERVER-WEBAPP ustorekeeper.pl access,T1190 - Exploit Public-Facing Application,llm_candidate,0.6,"Rule detects HTTP access to ustorekeeper.pl, a script with a known vulnerability (CVE-2001-0466); access may indicate exploitation of a public-facing web application. Candidate mapping requiring validation."
1485,21,SERVER-IIS mkilog.exe access,T1190 - Exploit Public-Facing Application,llm_candidate,0.5,"Rule matches requests for mkilog.exe on IIS, referenced by Nessus plugin 10359; likely targets a vulnerable executable, consistent with exploitation of a public-facing application. Candidate mapping requiring validation."
1486,18,SERVER-IIS ctss.idc access,T1190 - Exploit Public-Facing Application,llm_candidate,0.5,"Rule detects access to ctss.idc on IIS, referenced by Nessus 10359; may indicate exploitation of a known IIS vulnerability. Candidate mapping requiring validation."
1487,22,SERVER-IIS /iisadmpwd/aexp2.htr access,T1190 - Exploit Public-Facing Application,llm_candidate,0.7,Rule matches the specific vulnerable path /iisadmpwd/aexp2.htr associated with CVE-1999-0407 and CVE-2002-0421; direct exploitation of a public-facing IIS application. Candidate mapping requiring validation.
1488,19,SERVER-WEBAPP store.cgi directory traversal attempt,T1190 - Exploit Public-Facing Application,improved_heuristic_candidate,0.62,Web-facing exploit indicator matched in msg context. Candidate mapping requiring validation.
1489,16,SERVER-WEBAPP nobody access,T1046 - Network Service Discovery,llm_candidate,0.4,"Rule flags access to /~nobody, a user directory enumeration attempt; observable as network service discovery via web application. Candidate mapping requiring validation."
1490,15,SERVER-WEBAPP Phorum /support/common.php attempt,T1190 - Exploit Public-Facing Application,llm_candidate,0.8,"Rule matches a directory traversal payload (ForumLang=../) targeting Phorum's common.php, a known exploit (Bugtraq 1997). Candidate mapping requiring validation."
1491,18,SERVER-WEBAPP Phorum /support/common.php access,T1190 - Exploit Public-Facing Application,llm_candidate,0.6,"Rule detects access to Phorum's common.php, which has known vulnerabilities (CVE-2004-0034); access may indicate exploitation. Candidate mapping requiring validation."
1492,17,SERVER-WEBAPP RBS ISP /newuser  directory traversal attempt,T1190 - Exploit Public-Facing Application,improved_heuristic_candidate,0.62,Web-facing exploit indicator matched in msg context. Candidate mapping requiring validation.
1493,16,SERVER-WEBAPP RBS ISP /newuser access,T1190 - Exploit Public-Facing Application,llm_candidate,0.6,Rule matches access to the vulnerable RBS ISP newuser script (CVE-2000-1036); likely exploitation of a public-facing application. Candidate mapping requiring validation.
1494,15,SERVER-WEBAPP SIX webboard generate.cgi attempt,T1190 - Exploit Public-Facing Application,llm_candidate,0.8,Rule detects a directory traversal payload (content=../) in requests to generate.cgi (CVE-2001-1115). Candidate mapping requiring validation.
1495,15,SERVER-WEBAPP SIX webboard generate.cgi access,T1190 - Exploit Public-Facing Application,llm_candidate,0.6,"Rule flags access to generate.cgi, which has a known directory traversal vulnerability (CVE-2001-1115); may indicate exploitation. Candidate mapping requiring validation."
1496,15,SERVER-WEBAPP spin_client.cgi access,T1046 - Network Service Discovery,llm_candidate,0.4,Rule matches access to spin_client.cgi (Nessus 10393); likely reconnaissance or information gathering against a web application. Candidate mapping requiring validation.
1499,11,SERVER-WEBAPP SiteScope Service access,T1046 - Network Service Discovery,llm_candidate,0.4,Rule detects access to SiteScope's go.exe endpoint (Nessus 10778); observable as network service discovery. Candidate mapping requiring validation.
1500,23,SERVER-WEBAPP ExAir access,T1190 - Exploit Public-Facing Application,llm_candidate,0.6,"Rule matches the ExAir search path, which has known vulnerabilities (CVE-1999-0449); access may indicate exploitation. Candidate mapping requiring validation."
1501,17,SERVER-WEBAPP a1stats a1disp3.cgi directory traversal attempt,T1190 - Exploit Public-Facing Application,improved_heuristic_candidate,0.62,Web-facing exploit indicator matched in msg context. Candidate mapping requiring validation.
1502,15,SERVER-WEBAPP a1stats a1disp3.cgi access,T1190 - Exploit Public-Facing Application,llm_candidate,0.6,"Rule flags access to a1disp3.cgi, which is vulnerable to directory traversal (CVE-2001-0561); may indicate exploitation. Candidate mapping requiring validation."
1503,15,SERVER-WEBAPP admentor admin.asp access,T1190 - Exploit Public-Facing Application,llm_candidate,0.6,"Rule matches access to admentor's admin.asp, which has a known vulnerability (CVE-2002-0308); likely exploitation of a public-facing application. Candidate mapping requiring validation."
1505,16,SERVER-WEBAPP alchemy http server PRN arbitrary command execution attempt,T1190 - Exploit Public-Facing Application,llm_candidate,0.8,Rule detects a command execution attempt via PRN device and directory traversal (../../) against Alchemy HTTP server (CVE-2001-0871). Candidate mapping requiring validation.
1506,16,SERVER-WEBAPP alchemy http server NUL arbitrary command execution attempt,T1190 - Exploit Public-Facing Application,llm_candidate,0.8,Rule detects a similar command execution attempt via NUL device and directory traversal against Alchemy HTTP server (CVE-2001-0871). Candidate mapping requiring validation.
1507,18,SERVER-WEBAPP alibaba.pl arbitrary command execution attempt,T1190 - Exploit Public-Facing Application,llm_candidate,0.8,Rule matches a command injection attempt (pipe character |7C|) in alibaba.pl requests (CVE-1999-0885). Candidate mapping requiring validation.
1508,17,SERVER-WEBAPP alibaba.pl access,T1190 - Exploit Public-Facing Application,llm_candidate,0.6,"Rule flags access to alibaba.pl, which is vulnerable to command injection (CVE-1999-0885); may indicate exploitation. Candidate mapping requiring validation."
1509,17,SERVER-WEBAPP AltaVista Intranet Search directory traversal attempt,T1190 - Exploit Public-Facing Application,improved_heuristic_candidate,0.62,Web-facing exploit indicator matched in msg context. Candidate mapping requiring validation.
1510,16,SERVER-WEBAPP test.bat arbitrary command execution attempt,T1190 - Exploit Public-Facing Application,llm_candidate,0.8,Rule matches a command injection attempt (pipe character) in test.bat requests (CVE-1999-0947). Candidate mapping requiring validation.
1511,17,SERVER-WEBAPP test.bat access,T1595.002 - Vulnerability Scanning,llm_candidate,0.7,"Detects access to test.bat, a known vulnerable file in IIS (CVE-1999-0947), indicative of vulnerability scanning for exploitable web applications. Candidate mapping requiring validation."
1512,17,SERVER-WEBAPP input.bat arbitrary command execution attempt,T1190 - Exploit Public-Facing Application,llm_candidate,0.9,"Detects arbitrary command execution attempt via input.bat (pipe character), a direct exploit attempt against a public-facing web application. Candidate mapping requiring validation."
1513,17,SERVER-WEBAPP input.bat access,T1595.002 - Vulnerability Scanning,llm_candidate,0.7,"Detects access to input.bat, a file associated with known command execution vulnerabilities, consistent with vulnerability scanning. Candidate mapping requiring validation."
1514,17,SERVER-WEBAPP input2.bat arbitrary command execution attempt,T1190 - Exploit Public-Facing Application,llm_candidate,0.9,"Detects arbitrary command execution attempt via input2.bat (pipe character), a direct exploit attempt against a public-facing web application. Candidate mapping requiring validation."
1515,17,SERVER-WEBAPP input2.bat access,T1595.002 - Vulnerability Scanning,llm_candidate,0.7,"Detects access to input2.bat, a file linked to command execution flaws, indicative of vulnerability scanning. Candidate mapping requiring validation."
1516,18,SERVER-WEBAPP envout.bat arbitrary command execution attempt,T1190 - Exploit Public-Facing Application,llm_candidate,0.9,"Detects arbitrary command execution attempt via envout.bat (pipe character), a direct exploit attempt against a public-facing web application. Candidate mapping requiring validation."
1517,17,SERVER-WEBAPP envout.bat access,T1595.002 - Vulnerability Scanning,llm_candidate,0.7,"Detects access to envout.bat, a file associated with command execution vulnerabilities, consistent with vulnerability scanning. Candidate mapping requiring validation."
1518,13,SERVER-WEBAPP nstelemetry.adp access,T1595.002 - Vulnerability Scanning,llm_candidate,0.7,"Detects access to nstelemetry.adp, a file referenced in vulnerability databases (Nessus 10753), indicative of vulnerability scanning. Candidate mapping requiring validation."
1519,16,SERVER-WEBAPP apache ?M=D directory list attempt,T1595.002 - Vulnerability Scanning,llm_candidate,0.7,"Detects Apache directory listing attempt via '?M=D' parameter (CVE-2001-0731), a vulnerability scanning technique to enumerate web server directories. Candidate mapping requiring validation."
1520,14,SERVER-WEBAPP server-info access,T1595.002 - Vulnerability Scanning,llm_candidate,0.7,"Detects access to Apache server-info page, which discloses server configuration; commonly targeted during vulnerability scanning. Candidate mapping requiring validation."
1521,14,SERVER-WEBAPP server-status access,T1595.002 - Vulnerability Scanning,llm_candidate,0.7,"Detects access to Apache server-status page, which discloses server performance data; commonly targeted during vulnerability scanning. Candidate mapping requiring validation."
1522,19,SERVER-WEBAPP ans.pl attempt,T1190 - Exploit Public-Facing Application,llm_candidate,0.9,"Detects path traversal attempt in ans.pl (p=../../) exploiting CVE-2002-0306/0307, a direct exploit against a public-facing web application. Candidate mapping requiring validation."
1523,17,SERVER-WEBAPP ans.pl access,T1595.002 - Vulnerability Scanning,llm_candidate,0.7,"Detects access to ans.pl, a script with known path traversal vulnerabilities, indicative of vulnerability scanning. Candidate mapping requiring validation."
1524,17,SERVER-WEBAPP Axis Storpoint CD attempt,T1190 - Exploit Public-Facing Application,llm_candidate,0.9,"Detects path traversal attempt targeting Axis Storpoint CD (cd/../config/html/cnf_gi.htm) exploiting CVE-2000-0191, a direct exploit against a public-facing web application. Candidate mapping requiring validation."
1525,16,SERVER-WEBAPP Axis Storpoint CD access,T1595.002 - Vulnerability Scanning,llm_candidate,0.7,"Detects access to Axis Storpoint CD configuration file, a known vulnerable endpoint, indicative of vulnerability scanning. Candidate mapping requiring validation."
1526,16,SERVER-WEBAPP basilix sendmail.inc access,T1595.002 - Vulnerability Scanning,llm_candidate,0.7,"Detects access to basilix sendmail.inc include file, which may expose sensitive code; commonly targeted during vulnerability scanning. Candidate mapping requiring validation."
1527,15,SERVER-WEBAPP basilix mysql.class access,T1595.002 - Vulnerability Scanning,llm_candidate,0.7,"Detects access to basilix mysql.class file, which may expose database credentials; commonly targeted during vulnerability scanning. Candidate mapping requiring validation."
1528,15,SERVER-WEBAPP BBoard access,T1595.002 - Vulnerability Scanning,llm_candidate,0.7,"Detects access to BBoard servlet example, a known vulnerable component (CVE-2000-0629), indicative of vulnerability scanning. Candidate mapping requiring validation."
1529,17,PROTOCOL-FTP SITE overflow attempt,T1190 - Exploit Public-Facing Application,llm_candidate,0.8,"Detects FTP SITE command buffer overflow attempt (CVE-1999-0838, CVE-2001-0755, CVE-2001-0770), a direct exploit against a public-facing FTP service. Candidate mapping requiring validation."
1531,18,SERVER-WEBAPP bb-hist.sh attempt,T1190 - Exploit Public-Facing Application,llm_candidate,0.9,"Detects command injection attempt via bb-hist.sh (HISTFILE=../..), exploiting CVE-1999-1462, a direct exploit against a public-facing web application. Candidate mapping requiring validation."
1532,21,SERVER-WEBAPP bb-hostscv.sh attempt,T1190 - Exploit Public-Facing Application,llm_candidate,0.9,"Detects command injection attempt via bb-hostsvc.sh (HOSTSVC parameter with directory traversal), exploiting CVE-2000-0638, a direct exploit against a public-facing web application. Candidate mapping requiring validation."
1533,19,SERVER-WEBAPP bb-hostscv.sh access,T1595.002 - Vulnerability Scanning,llm_candidate,0.7,"Detects access to bb-hostsvc.sh, a script with known command injection vulnerabilities, indicative of vulnerability scanning. Candidate mapping requiring validation."
1534,20,SERVER-WEBAPP agora.cgi attempt,T1190 - Exploit Public-Facing Application,llm_candidate,0.9,"Detects cross-site scripting attempt via agora.cgi (cart_id=<SCRIPT>), exploiting CVE-2001-1199/CVE-2002-0215, a direct exploit against a public-facing web application. Candidate mapping requiring validation."
1535,21,SERVER-WEBAPP bizdbsearch access,T1595.002 - Vulnerability Scanning,llm_candidate,0.7,"Detects access to bizdb1-search.cgi, a CGI script with known vulnerabilities (CVE-2000-0287), indicative of vulnerability scanning. Candidate mapping requiring validation."
1536,19,SERVER-WEBAPP calendar_admin.pl arbitrary command execution attempt,T1190 - Exploit Public-Facing Application,llm_candidate,0.9,"Detects arbitrary command execution attempt via calendar_admin.pl (config=| pipe), exploiting CVE-2000-0432, a direct exploit against a public-facing web application. Candidate mapping requiring validation."
1537,15,SERVER-WEBAPP calendar_admin.pl access,T1046 - Network Service Discovery,llm_candidate,0.3,Rule detects access to a specific CGI script (calendar_admin.pl) associated with a known vulnerability; this is indicative of web application fingerprinting or vulnerability scanning rather than a confirmed exploit. Candidate mapping requiring validation.
1538,22,PROTOCOL-NNTP AUTHINFO USER overflow attempt,T1210 - Exploitation of Remote Services,llm_candidate,0.9,"PCRE matches an excessively long AUTHINFO USER argument in NNTP, a classic buffer overflow exploitation attempt against a remote network service. Candidate mapping requiring validation."
1539,19,SERVER-WEBAPP /cgi-bin/ls access,T1046 - Network Service Discovery,llm_candidate,0.3,"Access to /cgi-bin/ls may reveal directory listings; the rule only observes the request path, not a successful exploit, so it aligns with service discovery. Candidate mapping requiring validation."
1540,20,SERVER-OTHER Adobe Coldfusion ?Mode=debug attempt,T1046 - Network Service Discovery,llm_candidate,0.3,The Mode=debug parameter exposes debug information in ColdFusion; detection of this parameter suggests reconnaissance for misconfigurations. Candidate mapping requiring validation.
1541,9,PROTOCOL-FINGER version query,T1046 - Network Service Discovery,llm_candidate,0.8,"A 'version' query to the Finger service directly enumerates service version information, a clear network service discovery activity. Candidate mapping requiring validation."
1542,20,SERVER-WEBAPP cgimail access,T1046 - Network Service Discovery,llm_candidate,0.3,"Access to /cgimail is a known vulnerable script; the rule lacks exploit payload detection, so it is treated as service discovery. Candidate mapping requiring validation."
1543,24,SERVER-WEBAPP cgiwrap access,T1046 - Network Service Discovery,llm_candidate,0.3,Request for /cgiwrap indicates targeting a known CGI wrapper; without exploit payloads this is reconnaissance. Candidate mapping requiring validation.
1544,15,SERVER-WEBAPP Cisco Catalyst command execution attempt,T1190 - Exploit Public-Facing Application,llm_candidate,0.85,"The path /exec/show/config/cr is a specific exploit for Cisco Catalyst command execution via HTTP, matching exploitation of a public-facing web interface. Candidate mapping requiring validation."
1545,15,SERVER-OTHER Cisco denial of service attempt,T1498 - Network Denial of Service,llm_candidate,0.7,Detection of a raw carriage return (|13|) in HTTP traffic targets a Cisco DoS vulnerability; this is a network denial-of-service attempt. Candidate mapping requiring validation.
1546,18,SERVER-WEBAPP Cisco HTTP double-percent DOS attempt,T1498 - Network Denial of Service,llm_candidate,0.7,The double-percent sequence (/%%) triggers a Cisco HTTP parsing DoS; the rule observes a direct network flood/exploit attempt. Candidate mapping requiring validation.
1547,19,SERVER-WEBAPP csSearch.cgi arbitrary command execution attempt,T1190 - Exploit Public-Facing Application,llm_candidate,0.9,"The rule matches a command injection payload (backticks) in the setup parameter of csSearch.cgi, a clear web application exploitation attempt. Candidate mapping requiring validation."
1548,18,SERVER-WEBAPP csSearch.cgi access,T1046 - Network Service Discovery,llm_candidate,0.3,Simple access to /csSearch.cgi without exploit payloads suggests scanning or reconnaissance. Candidate mapping requiring validation.
1549,27,SERVER-MAIL HELO overflow attempt,T1210 - Exploitation of Remote Services,llm_candidate,0.9,An overly long HELO command in SMTP is a buffer overflow exploit against a remote mail service. Candidate mapping requiring validation.
1550,21,SERVER-MAIL ETRN overflow attempt,T1210 - Exploitation of Remote Services,llm_candidate,0.9,An overly long ETRN command in SMTP similarly exploits a remote service vulnerability. Candidate mapping requiring validation.
1551,14,SERVER-WEBAPP /CVS/Entries access,T1046 - Network Service Discovery,llm_candidate,0.3,Access to /CVS/Entries exposes version control metadata; this is information gathering rather than active exploitation. Candidate mapping requiring validation.
1552,12,SERVER-WEBAPP cvsweb version access,T1046 - Network Service Discovery,llm_candidate,0.3,Request for /cvsweb/version discloses software version; a service discovery action. Candidate mapping requiring validation.
1554,17,SERVER-WEBAPP dbman db.cgi access,T1046 - Network Service Discovery,llm_candidate,0.3,Access to /dbman/db.cgi targets a known vulnerable script; without payload detection it remains reconnaissance. Candidate mapping requiring validation.
1555,19,SERVER-WEBAPP DCShop access,T1046 - Network Service Discovery,llm_candidate,0.3,Access to /dcshop indicates targeting a known e-commerce vulnerability; rule only sees the path. Candidate mapping requiring validation.
1556,19,SERVER-WEBAPP DCShop orders.txt access,T1046 - Network Service Discovery,llm_candidate,0.3,"Request for /orders/orders.txt may expose sensitive order data; the rule detects access, not exfiltration, so it is treated as discovery. Candidate mapping requiring validation."
1557,19,SERVER-WEBAPP DCShop auth_user_file.txt access,T1552.001 - Credentials In Files,llm_candidate,0.6,"Access to /auth_data/auth_user_file.txt directly targets a file containing credentials, aligning with unsecured credentials in files. Candidate mapping requiring validation."
1558,12,SERVER-WEBAPP Delegate whois overflow attempt,T1190 - Exploit Public-Facing Application,llm_candidate,0.8,The 'whois://' pattern exploits a buffer overflow in the Delegate proxy's whois service via a web-accessible interface. Candidate mapping requiring validation.
1559,16,SERVER-WEBAPP /doc/packages access,T1046 - Network Service Discovery,llm_candidate,0.3,Access to /doc/packages reveals package documentation; this is service enumeration. Candidate mapping requiring validation.
1560,14,SERVER-WEBAPP /doc/ access,T1046 - Network Service Discovery,llm_candidate,0.3,Access to /doc/ directory listing is a common web server information disclosure used for reconnaissance. Candidate mapping requiring validation.
1562,18,PROTOCOL-FTP SITE CHOWN overflow attempt,T1210 - Exploitation of Remote Services,llm_candidate,0.9,The FTP SITE CHOWN command with an excessively long argument is a buffer overflow exploit against a remote FTP service. Candidate mapping requiring validation.
1563,14,SERVER-WEBAPP login.htm attempt,T1056 - Input Capture,improved_heuristic_candidate,0.68,Credential or input capture indicator matched in content context. Candidate mapping requiring validation.
1565,21,SERVER-WEBAPP eshop.pl arbitrary command execution attempt,T1190 - Exploit Public-Facing Application,llm_candidate,0.9,"Detects command injection attempt via 'seite=;' parameter in eshop.pl (CVE-2001-1014), directly exploiting a public-facing web application. Candidate mapping requiring validation."
1567,26,SERVER-IIS /exchange/root.asp attempt,T1190 - Exploit Public-Facing Application,llm_candidate,0.9,"Detects exploit attempt against IIS Exchange via '/exchange/root.asp?acs=anon' (CVE-2001-0660), targeting a public-facing application. Candidate mapping requiring validation."
1569,17,SERVER-WEBAPP loadpage.cgi directory traversal attempt,T1190 - Exploit Public-Facing Application,improved_heuristic_candidate,0.62,Web-facing exploit indicator matched in msg context. Candidate mapping requiring validation.
1571,16,SERVER-WEBAPP dcforum.cgi directory traversal attempt,T1190 - Exploit Public-Facing Application,improved_heuristic_candidate,0.62,Web-facing exploit indicator matched in msg context. Candidate mapping requiring validation.
1572,15,SERVER-WEBAPP commerce.cgi arbitrary file access attempt,T1190 - Exploit Public-Facing Application,llm_candidate,0.9,"Detects arbitrary file access attempt via 'page=' and '/../' in commerce.cgi (CVE-2001-0210), exploiting a public-facing web application. Candidate mapping requiring validation."
1573,18,SERVER-WEBAPP cgiforum.pl attempt,T1190 - Exploit Public-Facing Application,llm_candidate,0.9,"Detects directory traversal attempt via 'thesection=../..' in cgiforum.pl (CVE-2000-1171), exploiting a public-facing web application. Candidate mapping requiring validation."
1574,16,SERVER-WEBAPP directorypro.cgi attempt,T1190 - Exploit Public-Facing Application,llm_candidate,0.9,"Detects directory traversal attempt via 'show=' and '../..' in directorypro.cgi (CVE-2001-0780), exploiting a public-facing web application. Candidate mapping requiring validation."
1589,16,SERVER-WEBAPP musicat empower attempt,T1190 - Exploit Public-Facing Application,llm_candidate,0.7,"Rule detects HTTP request to /empower?DB= which is associated with CVE-2001-0224, a buffer overflow in a web-accessible component, indicating exploitation of a public-facing application. Candidate mapping requiring validation."
1590,18,SERVER-WEBAPP faqmanager.cgi arbitrary file access attempt,T1190 - Exploit Public-Facing Application,llm_candidate,0.8,"Rule matches directory traversal attempt via toc= parameter with null byte in faqmanager.cgi, exploiting CVE-2002-2033 for arbitrary file access. Candidate mapping requiring validation."
1593,21,SERVER-WEBAPP FormHandler.cgi external site redirection attempt,T1190 - Exploit Public-Facing Application,llm_candidate,0.75,"Rule detects open redirect exploit attempt via redirect=http parameter in FormHandler.cgi, exploiting CVE-1999-1050. Candidate mapping requiring validation."
1598,16,SERVER-WEBAPP Home Free search.cgi directory traversal attempt,T1190 - Exploit Public-Facing Application,improved_heuristic_candidate,0.62,Web-facing exploit indicator matched in msg context. Candidate mapping requiring validation.
1600,19,SERVER-WEBAPP htsearch arbitrary configuration file attempt,T1190 - Exploit Public-Facing Application,llm_candidate,0.75,"Rule detects attempt to specify arbitrary configuration file via -c parameter in htsearch, exploiting CVE-2001-0834. Candidate mapping requiring validation."
1601,21,SERVER-WEBAPP htsearch arbitrary file read attempt,T1190 - Exploit Public-Facing Application,llm_candidate,0.8,"Rule matches command injection attempt via backtick in exclude parameter in htsearch, exploiting CVE-2000-0208. Candidate mapping requiring validation."
1604,12,SERVER-WEBAPP iChat directory traversal attempt,T1190 - Exploit Public-Facing Application,improved_heuristic_candidate,0.62,Web-facing exploit indicator matched in msg context. Candidate mapping requiring validation.
1605,13,SERVER-OTHER iParty DOS attempt,T1498 - Network Denial of Service,llm_candidate,0.75,"Rule matches specific DoS payload (six 0xFF bytes) targeting iParty, exploiting CVE-1999-1566, indicating network denial of service. Candidate mapping requiring validation."
1608,19,SERVER-WEBAPP htmlscript attempt,T1190 - Exploit Public-Facing Application,llm_candidate,0.8,"Rule matches directory traversal attempt via ../.. in htmlscript parameter, exploiting CVE-1999-0264. Candidate mapping requiring validation."
1610,22,SERVER-WEBAPP formmail arbitrary command execution attempt,T1190 - Exploit Public-Facing Application,llm_candidate,0.85,"Rule detects command injection attempt via newline (%0a) in formmail, exploiting CVE-1999-0172 and CVE-2000-0411 for arbitrary command execution. Candidate mapping requiring validation."
1612,16,SERVER-WEBAPP ftp.pl attempt,T1190 - Exploit Public-Facing Application,llm_candidate,0.8,"Rule matches directory traversal attempt via dir=../.. in ftp.pl, exploiting CVE-2000-0674. Candidate mapping requiring validation."
1613,16,SERVER-WEBAPP handler attempt,T1190 - Exploit Public-Facing Application,llm_candidate,0.75,"Rule detects command injection attempt via pipe character (|7C|) in handler, exploiting CVE-1999-0148. Candidate mapping requiring validation."
1614,16,SERVER-WEBAPP Novell Groupwise gwweb.exe attempt,T1190 - Exploit Public-Facing Application,llm_candidate,0.7,"Rule detects exploit attempt against Novell Groupwise gwweb.exe via HELP= parameter, associated with CVE-1999-1005/1006 for arbitrary file read. Candidate mapping requiring validation."
1615,13,SERVER-WEBAPP htgrep attempt,T1190 - Exploit Public-Facing Application,llm_candidate,0.75,"Rule matches directory traversal attempt via hdr=/ in htgrep, exploiting CVE-2000-0832. Candidate mapping requiring validation."
1616,17,PROTOCOL-DNS named version attempt,T1046 - Network Service Discovery,llm_candidate,0.7,"The rule detects DNS version.bind queries, which are used for network service discovery to identify the DNS server version and type. Candidate mapping requiring validation."
1618,26,SERVER-IIS .asp chunked Transfer-Encoding,T1190 - Exploit Public-Facing Application,llm_candidate,0.9,"The rule detects chunked transfer encoding requests to .asp files, a known exploit vector for IIS vulnerabilities (CVE-2002-0071, CVE-2002-0079) targeting a public-facing web application. Candidate mapping requiring validation."
1621,20,PROTOCOL-FTP CMD overflow attempt,T1210 - Exploitation of Remote Services,llm_candidate,0.85,"The rule detects an FTP CMD command with an excessively long argument, indicating a buffer overflow exploit attempt against a remote FTP service. Candidate mapping requiring validation."
1622,14,PROTOCOL-FTP RNFR ././ attempt,T1210 - Exploitation of Remote Services,llm_candidate,0.8,"The rule detects an FTP RNFR command with a directory traversal sequence (././), which exploits a known vulnerability (CVE-1999-0081) in the remote FTP service. Candidate mapping requiring validation."
1624,18,PROTOCOL-FTP PWD overflow attempt,T1210 - Exploitation of Remote Services,llm_candidate,0.85,"The rule detects an FTP PWD command with a long argument, indicating a buffer overflow exploit attempt against the remote FTP service. Candidate mapping requiring validation."
1625,14,PROTOCOL-FTP SYST overflow attempt,T1210 - Exploitation of Remote Services,llm_candidate,0.85,"The rule detects an FTP SYST command with a long argument, indicating a buffer overflow exploit attempt against the remote FTP service. Candidate mapping requiring validation."
1628,19,SERVER-WEBAPP FormHandler.cgi directory traversal attempt,T1190 - Exploit Public-Facing Application,improved_heuristic_candidate,0.62,Web-facing exploit indicator matched in msg context. Candidate mapping requiring validation.
1634,25,PROTOCOL-POP PASS overflow attempt,T1210 - Exploitation of Remote Services,llm_candidate,0.85,"The rule detects a POP3 PASS command with an excessively long argument, indicating a buffer overflow exploit attempt against the remote POP3 service. Candidate mapping requiring validation."
1635,19,PROTOCOL-POP APOP overflow attempt,T1210 - Exploitation of Remote Services,llm_candidate,0.85,"The rule detects a POP3 APOP command with an excessively long argument, indicating a buffer overflow exploit attempt against the remote POP3 service. Candidate mapping requiring validation."
1636,14,SERVER-OTHER Xtramail Username overflow attempt,T1210 - Exploitation of Remote Services,llm_candidate,0.8,"The rule detects an overly long Username field in Xtramail, indicating a buffer overflow exploit attempt against the remote mail service. Candidate mapping requiring validation."
1641,16,SERVER-OTHER DB2 dos attempt,T1498 - Network Denial of Service,llm_candidate,0.6,"The rule is classified as a denial-of-service attempt against DB2 (CVE-2001-1143), indicating a network denial-of-service attack, though the specific mechanism is not visible in the rule contents. Candidate mapping requiring validation."
1644,25,SERVER-WEBAPP test-cgi attempt,T1190 - Exploit Public-Facing Application,llm_candidate,0.7,"The rule detects requests to /test-cgi with query parameters, a known test script often targeted for exploitation (CVE-1999-0070) against public-facing web applications. Candidate mapping requiring validation."
1648,21,SERVER-WEBAPP perl.exe command attempt,T1190 - Exploit Public-Facing Application,llm_candidate,0.85,The rule detects requests to /perl.exe? which is a known vulnerability (CVE-1999-0509) allowing command execution via a public-facing web application. Candidate mapping requiring validation.
1649,21,SERVER-WEBAPP perl command attempt,T1190 - Exploit Public-Facing Application,llm_candidate,0.85,The rule detects requests to /perl? which is a known vulnerability (CVE-1999-0509) allowing command execution via a public-facing web application. Candidate mapping requiring validation.
1651,17,SERVER-WEBAPP environ.pl access,T1082 - System Information Discovery,llm_candidate,0.5,"The rule detects access to /environ.pl, a script that may leak environment variables and system information, aligning with system information discovery, though the rule does not confirm successful data retrieval. Candidate mapping requiring validation."
1652,22,SERVER-WEBAPP campas attempt,T1190 - Exploit Public-Facing Application,llm_candidate,0.7,"Rule detects access to /campas? with line feed, referencing CVE-1999-0146 (ColdFusion vulnerability), indicating an exploitation attempt against a public-facing web application. Candidate mapping requiring validation."
1654,19,SERVER-WEBAPP cart32.exe access,T1595.002 - Vulnerability Scanning,llm_candidate,0.6,"Rule detects HTTP requests for /cart32.exe, a known vulnerable shopping cart executable, consistent with vulnerability scanning for outdated software. Candidate mapping requiring validation."
1655,18,SERVER-WEBAPP pfdispaly.cgi arbitrary command execution attempt,T1190 - Exploit Public-Facing Application,llm_candidate,0.8,"Rule matches /pfdispaly.cgi? followed by a single quote, a classic SQL/command injection probe against a public-facing CGI script. Candidate mapping requiring validation."
1656,19,SERVER-WEBAPP pfdispaly.cgi access,T1592.002 - Software,llm_candidate,0.6,"Rule alerts on access to /pfdispaly.cgi without injection payloads, indicating reconnaissance to identify the presence of a specific CGI application. Candidate mapping requiring validation."
1657,14,SERVER-WEBAPP pagelog.cgi directory traversal attempt,T1190 - Exploit Public-Facing Application,improved_heuristic_candidate,0.62,Web-facing exploit indicator matched in msg context. Candidate mapping requiring validation.
1658,19,SERVER-WEBAPP pagelog.cgi access,T1592.002 - Software,llm_candidate,0.6,"Rule triggers on access to /pagelog.cgi alone, suggesting discovery of a potentially vulnerable CGI script. Candidate mapping requiring validation."
1659,17,SERVER-OTHER Adobe Coldfusion sendmail.cfm access,T1592.002 - Software,llm_candidate,0.7,"Rule detects requests for /sendmail.cfm, a ColdFusion administrative script, indicating software version/service discovery. Candidate mapping requiring validation."
1660,19,SERVER-IIS trace.axd access,T1592.002 - Software,llm_candidate,0.7,"Rule matches access to /trace.axd, an ASP.NET trace viewer that discloses framework version and configuration details. Candidate mapping requiring validation."
1661,15,SERVER-IIS cmd32.exe access,T1190 - Exploit Public-Facing Application,llm_candidate,0.7,"Rule alerts on cmd32.exe access, a known IIS backdoor/exploit target, indicating an exploitation attempt against a public-facing IIS server. Candidate mapping requiring validation."
1662,13,SERVER-WEBAPP /~ftp access,T1083 - File and Directory Discovery,llm_candidate,0.6,"Rule detects requests for /~ftp, which enumerates user FTP directories via the web server, revealing file/directory structure. Candidate mapping requiring validation."
1663,17,SERVER-WEBAPP *%20.pl access,T1190 - Exploit Public-Facing Application,llm_candidate,0.6,"Rule uses a PCRE to find Perl scripts with a space before .pl (e.g., ""script .pl\)), an evasion technique often used in web application exploitation. Candidate mapping requiring validation."
1664,13,SERVER-WEBAPP mkplog.exe access,T1592.002 - Software,llm_candidate,0.5,"Rule detects access to /mkplog.exe, an executable that may indicate specific web application software, but the context is limited to presence discovery. Candidate mapping requiring validation."
1666,11,INDICATOR-COMPROMISE index of /cgi-bin/ response,T1083 - File and Directory Discovery,llm_candidate,0.8,"Rule matches the server response ""Index of /cgi-bin/\), a directory listing that discloses file and directory names on the web server. Candidate mapping requiring validation."
1667,15,SERVER-WEBAPP cross site scripting HTML Image tag set to javascript attempt,T1190 - Exploit Public-Facing Application,llm_candidate,0.8,"Rule detects ""img src=javascript"" pattern, a cross-site scripting (XSS) payload attempt against a public-facing web application. Candidate mapping requiring validation."
1668,14,SERVER-WEBAPP /cgi-bin/ access,T1592.002 - Software,llm_candidate,0.6,"Rule alerts on access to /cgi-bin/ directory, a common reconnaissance step to discover CGI scripts on a web server. Candidate mapping requiring validation."
1669,13,SERVER-WEBAPP /cgi-dos/ access,T1592.002 - Software,llm_candidate,0.6,"Rule detects access to /cgi-dos/ directory, another CGI directory enumeration attempt for software discovery. Candidate mapping requiring validation."
1670,14,SERVER-WEBAPP /home/ftp access,T1083 - File and Directory Discovery,llm_candidate,0.6,"Rule matches requests for /home/ftp, attempting to access the FTP root directory via web, revealing file system layout. Candidate mapping requiring validation."
1671,14,SERVER-WEBAPP /home/www access,T1083 - File and Directory Discovery,llm_candidate,0.6,"Rule detects requests for /home/www, a common web root path, indicating directory discovery on the server. Candidate mapping requiring validation."
1672,22,PROTOCOL-FTP CWD ~ attempt,T1046 - Network Service Discovery,llm_candidate,0.7,"Rule matches FTP CWD ~ command, which is used to enumerate user home directories on an FTP service, a form of network service discovery. Candidate mapping requiring validation."
1673,6,SERVER-ORACLE EXECUTE_SYSTEM attempt,T1190 - Exploit Public-Facing Application,llm_candidate,0.7,"Rule detects EXECUTE_SYSTEM in Oracle TNS traffic, a privileged command that can lead to OS command execution, indicating exploitation of a public-facing database service. Candidate mapping requiring validation."
1674,8,SERVER-ORACLE connect_data remote version detection attempt,T1592.002 - Software,llm_candidate,0.8,"Rule matches Oracle connect_data with command=version, a direct version detection query against the database listener. Candidate mapping requiring validation."
1676,7,SERVER-ORACLE select union attempt,T1190 - Exploit Public-Facing Application,llm_candidate,0.8,"Rule detects SQL UNION injection attempt (select ... union) in Oracle traffic, a classic exploitation of a public-facing database-driven application. Candidate mapping requiring validation."
1677,7,SERVER-ORACLE select like '%' attempt,T1190 - Exploit Public-Facing Application,llm_candidate,0.8,"Rule matches SQL LIKE '%' wildcard injection pattern (where ... like '%') in Oracle traffic, indicating SQL injection probing. Candidate mapping requiring validation."
1678,9,SERVER-ORACLE select like '%' attempt backslash escaped,T1190 - Exploit Public-Facing Application,llm_candidate,0.8,"Rule detects escaped single quotes in SQL LIKE pattern (like |22|%|22|), an evasion technique for SQL injection against Oracle. Candidate mapping requiring validation."
1679,8,SERVER-ORACLE describe attempt,T1083 - File and Directory Discovery,llm_candidate,0.7,"The rule detects the Oracle SQL DESCRIBE command which is used to enumerate database table structure, constituting file and directory discovery at the database layer. Candidate mapping requiring validation."
1680,7,SERVER-ORACLE all_constraints access,T1083 - File and Directory Discovery,llm_candidate,0.7,"Access to the ALL_CONSTRAINTS data dictionary view reveals database constraint metadata, which is a form of file and directory discovery within the database. Candidate mapping requiring validation."
1681,7,SERVER-ORACLE all_views access,T1083 - File and Directory Discovery,llm_candidate,0.7,"Querying ALL_VIEWS enumerates database views, constituting discovery of database objects analogous to file and directory discovery. Candidate mapping requiring validation."
1682,7,SERVER-ORACLE all_source access,T1083 - File and Directory Discovery,llm_candidate,0.7,"Access to ALL_SOURCE exposes stored procedure and function source code, representing discovery of database code objects. Candidate mapping requiring validation."
1683,7,SERVER-ORACLE all_tables access,T1083 - File and Directory Discovery,llm_candidate,0.7,"Querying ALL_TABLES lists accessible tables, a direct form of database object discovery. Candidate mapping requiring validation."
1684,7,SERVER-ORACLE all_tab_columns access,T1083 - File and Directory Discovery,llm_candidate,0.7,"Access to ALL_TAB_COLUMNS reveals column-level metadata for tables, constituting detailed database schema discovery. Candidate mapping requiring validation."
1685,8,SERVER-ORACLE all_tab_privs access,T1069.002 - Domain Groups,llm_candidate,0.75,"Querying ALL_TAB_PRIVS enumerates table-level privileges granted to users and roles, which is permission groups discovery in the database context. Candidate mapping requiring validation."
1686,7,SERVER-ORACLE dba_tablespace access,T1083 - File and Directory Discovery,llm_candidate,0.7,"Access to DBA_TABLESPACE reveals tablespace configuration, representing discovery of database storage structures. Candidate mapping requiring validation."
1687,7,SERVER-ORACLE dba_tables access,T1083 - File and Directory Discovery,llm_candidate,0.7,"Querying DBA_TABLES provides a comprehensive list of all database tables, a privileged form of database object discovery. Candidate mapping requiring validation."
1688,7,SERVER-ORACLE user_tablespace access,T1083 - File and Directory Discovery,llm_candidate,0.7,"Access to USER_TABLESPACE shows tablespace quotas for the current user, constituting discovery of database resource allocations. Candidate mapping requiring validation."
1689,7,SERVER-ORACLE sys.all_users access,T1087.002 - Domain Account,llm_candidate,0.8,"Querying SYS.ALL_USERS enumerates all database user accounts, directly mapping to domain account discovery. Candidate mapping requiring validation."
1690,7,SERVER-ORACLE grant attempt,T1098.007 - Additional Local or Domain Groups,llm_candidate,0.8,"The GRANT ... TO ... SQL command modifies user privileges or role memberships, which is account manipulation via addition of local/domain group privileges. Candidate mapping requiring validation."
1691,7,SERVER-ORACLE ALTER USER attempt,T1098 - Account Manipulation,llm_candidate,0.8,"ALTER USER ... IDENTIFIED BY changes a user's password, an account manipulation technique that modifies authentication credentials. Candidate mapping requiring validation."
1692,7,SERVER-ORACLE drop table attempt,T1485 - Data Destruction,llm_candidate,0.85,"DROP TABLE permanently deletes a table and its data, directly implementing data destruction. Candidate mapping requiring validation."
1694,7,SERVER-ORACLE alter table attempt,T1565.001 - Stored Data Manipulation,llm_candidate,0.75,"ALTER TABLE modifies table structure or data, which can be used for stored data manipulation. Candidate mapping requiring validation."
1695,7,SERVER-ORACLE truncate table attempt,T1485 - Data Destruction,llm_candidate,0.85,"TRUNCATE TABLE rapidly removes all rows from a table, a form of data destruction. Candidate mapping requiring validation."
1700,21,SERVER-WEBAPP imagemap.exe access,T1190 - Exploit Public-Facing Application,llm_candidate,0.9,Access to the known vulnerable imagemap.exe CGI script is a direct exploitation attempt against a public-facing web application. Candidate mapping requiring validation.
1701,18,SERVER-WEBAPP calendar-admin.pl access,T1190 - Exploit Public-Facing Application,llm_candidate,0.85,"Requesting calendar-admin.pl targets a historically vulnerable administrative script, indicating exploitation of a public-facing application. Candidate mapping requiring validation."
1702,17,SERVER-WEBAPP Amaya templates sendtemp.pl access,T1190 - Exploit Public-Facing Application,llm_candidate,0.85,"Access to sendtemp.pl exploits a known vulnerability in Amaya templates, constituting exploitation of a public-facing web application. Candidate mapping requiring validation."
1703,17,SERVER-WEBAPP auktion.cgi directory traversal attempt,T1190 - Exploit Public-Facing Application,improved_heuristic_candidate,0.62,Web-facing exploit indicator matched in msg context. Candidate mapping requiring validation.
1704,15,SERVER-WEBAPP cal_make.pl directory traversal attempt,T1190 - Exploit Public-Facing Application,improved_heuristic_candidate,0.62,Web-facing exploit indicator matched in msg context. Candidate mapping requiring validation.
1705,14,SERVER-WEBAPP echo.bat arbitrary command execution attempt,T1190 - Exploit Public-Facing Application,llm_candidate,0.9,The presence of a command separator (&) in a request to echo.bat indicates an arbitrary command execution attempt against a public-facing web application. Candidate mapping requiring validation.
1706,15,SERVER-WEBAPP echo.bat access,T1190 - Exploit Public-Facing Application,llm_candidate,0.7,"Detects HTTP requests for /echo.bat, a known vulnerable IIS script (CVE-2000-0213) that can lead to remote code execution; access may indicate exploitation or scanning of a public-facing web application. Candidate mapping requiring validation."
1707,14,SERVER-WEBAPP hello.bat arbitrary command execution attempt,T1190 - Exploit Public-Facing Application,llm_candidate,0.9,"Detects /hello.bat with command separator '&', a clear indicator of arbitrary command injection exploitation against a known vulnerable CGI script (CVE-2000-0213). Candidate mapping requiring validation."
1708,15,SERVER-WEBAPP hello.bat access,T1190 - Exploit Public-Facing Application,llm_candidate,0.7,"Detects access to /hello.bat, a script with a known command execution vulnerability (CVE-2000-0213); may represent exploitation or reconnaissance against a public-facing web application. Candidate mapping requiring validation."
1709,18,SERVER-WEBAPP ad.cgi access,T1190 - Exploit Public-Facing Application,llm_candidate,0.7,"Detects requests for /ad.cgi, which is associated with CVE-2001-0025; access to this vulnerable CGI script can indicate exploitation of a public-facing web application. Candidate mapping requiring validation."
1710,18,SERVER-WEBAPP bbs_forum.cgi access,T1190 - Exploit Public-Facing Application,llm_candidate,0.7,"Detects access to /bbs_forum.cgi, a script with a known vulnerability (CVE-2001-0123); such access may indicate exploitation of a public-facing web application. Candidate mapping requiring validation."
1711,18,SERVER-WEBAPP bsguest.cgi access,T1190 - Exploit Public-Facing Application,llm_candidate,0.7,"Detects requests for /bsguest.cgi, which has a known vulnerability (CVE-2001-0099); access may indicate exploitation of a public-facing web application. Candidate mapping requiring validation."
1712,18,SERVER-WEBAPP bslist.cgi access,T1190 - Exploit Public-Facing Application,llm_candidate,0.7,"Detects access to /bslist.cgi, associated with CVE-2001-0100; this can indicate exploitation of a vulnerable public-facing web application. Candidate mapping requiring validation."
1713,18,SERVER-WEBAPP cgforum.cgi access,T1190 - Exploit Public-Facing Application,llm_candidate,0.7,"Detects requests for /cgforum.cgi, which is vulnerable per CVE-2000-1132; access may indicate exploitation of a public-facing web application. Candidate mapping requiring validation."
1715,18,SERVER-WEBAPP register.cgi access,T1190 - Exploit Public-Facing Application,llm_candidate,0.7,"Detects access to /register.cgi, which has a known vulnerability (CVE-2001-0076); may indicate exploitation of a public-facing web application. Candidate mapping requiring validation."
1716,18,SERVER-WEBAPP gbook.cgi access,T1190 - Exploit Public-Facing Application,llm_candidate,0.7,"Detects requests for /gbook.cgi, associated with CVE-2000-1131; access can indicate exploitation of a vulnerable public-facing web application. Candidate mapping requiring validation."
1717,18,SERVER-WEBAPP simplestguest.cgi access,T1190 - Exploit Public-Facing Application,llm_candidate,0.7,"Detects access to /simplestguest.cgi, which has a known vulnerability (CVE-2001-0022); may indicate exploitation of a public-facing web application. Candidate mapping requiring validation."
1718,19,SERVER-WEBAPP statsconfig.pl access,T1190 - Exploit Public-Facing Application,llm_candidate,0.7,"Detects requests for /statsconfig.pl, associated with CVE-2001-0113; access may indicate exploitation of a public-facing web application. Candidate mapping requiring validation."
1719,14,SERVER-WEBAPP talkback.cgi directory traversal attempt,T1190 - Exploit Public-Facing Application,improved_heuristic_candidate,0.62,Web-facing exploit indicator matched in msg context. Candidate mapping requiring validation.
1720,18,SERVER-WEBAPP talkback.cgi access,T1190 - Exploit Public-Facing Application,llm_candidate,0.7,"Detects access to /talkbalk.cgi, which has a known directory traversal vulnerability (CVE-2001-0420); may indicate exploitation or scanning of a public-facing web application. Candidate mapping requiring validation."
1721,18,SERVER-WEBAPP adcycle access,T1190 - Exploit Public-Facing Application,llm_candidate,0.7,"Detects access to /adcycle, associated with CVE-2001-1226; may indicate exploitation of a vulnerable public-facing web application. Candidate mapping requiring validation."
1722,18,SERVER-WEBAPP MachineInfo access,T1190 - Exploit Public-Facing Application,llm_candidate,0.7,"Detects requests for /MachineInfo, which is linked to CVE-1999-1067 (IIS information disclosure); access may indicate exploitation of a public-facing web application to gather system information. Candidate mapping requiring validation."
1723,14,SERVER-WEBAPP emumail.cgi NULL attempt,T1190 - Exploit Public-Facing Application,llm_candidate,0.9,"Detects a null byte injection attempt (%00) against /emumail.cgi (CVE-2002-1526), a clear exploitation attempt against a public-facing web application. Candidate mapping requiring validation."
1724,18,SERVER-WEBAPP emumail.cgi access,T1190 - Exploit Public-Facing Application,llm_candidate,0.7,"Detects access to /emumail.cgi, which has a known null byte injection vulnerability (CVE-2002-1526); may indicate exploitation or scanning of a public-facing web application. Candidate mapping requiring validation."
1725,25,SERVER-IIS +.htr code fragment attempt,T1190 - Exploit Public-Facing Application,llm_candidate,0.9,"Detects a '.htr' code fragment attempt (with leading space), a known exploitation pattern for IIS .htr vulnerabilities (CVE-2000-0630, CVE-2001-0004) against a public-facing web application. Candidate mapping requiring validation."
1727,20,SERVER-WEBAPP SGI InfoSearch fname access,T1190 - Exploit Public-Facing Application,llm_candidate,0.7,"Detects requests for /infosrch.cgi, associated with CVE-2000-0207 (SGI InfoSearch vulnerability); may indicate exploitation of a public-facing web application. Candidate mapping requiring validation."
1730,16,SERVER-WEBAPP ustorekeeper.pl directory traversal attempt,T1190 - Exploit Public-Facing Application,improved_heuristic_candidate,0.62,Web-facing exploit indicator matched in msg context. Candidate mapping requiring validation.
1731,14,SERVER-WEBAPP a1stats access,T1190 - Exploit Public-Facing Application,llm_candidate,0.7,"Detects access to /a1stats/, which has a known vulnerability (CVE-2001-0561); may indicate exploitation or scanning of a public-facing web application. Candidate mapping requiring validation."
1732,18,PROTOCOL-RPC portmap rwalld request UDP,T1046 - Network Service Discovery,llm_candidate,0.8,"Rule detects RPC portmap requests for rwalld service, indicating network service discovery scanning. Candidate mapping requiring validation."
1733,16,PROTOCOL-RPC portmap rwalld request TCP,T1046 - Network Service Discovery,llm_candidate,0.8,"Rule detects RPC portmap requests for rwalld service over TCP, indicating network service discovery scanning. Candidate mapping requiring validation."
1734,50,PROTOCOL-FTP USER overflow attempt,T1190 - Exploit Public-Facing Application,llm_candidate,0.9,"Rule detects FTP USER command buffer overflow attempts, exploiting a public-facing FTP service. Candidate mapping requiring validation."
1735,13,BROWSER-OTHER Mozilla Netscape XMLHttpRequest local file read attempt,T1203 - Exploitation for Client Execution,llm_candidate,0.7,"Rule detects client-side XMLHttpRequest local file read attempts in browser, indicating client-side exploitation. Candidate mapping requiring validation."
1736,16,SERVER-WEBAPP squirrel mail spell-check arbitrary command attempt,T1190 - Exploit Public-Facing Application,llm_candidate,0.9,"Rule detects arbitrary command execution attempts via SquirrelMail spell-check module, exploiting a public-facing web application. Candidate mapping requiring validation."
1737,15,SERVER-WEBAPP squirrel mail theme arbitrary command attempt,T1190 - Exploit Public-Facing Application,llm_candidate,0.9,"Rule detects arbitrary command execution attempts via SquirrelMail theme parameter, exploiting a public-facing web application. Candidate mapping requiring validation."
1738,13,SERVER-WEBAPP global.inc access,T1083 - File and Directory Discovery,llm_candidate,0.6,"Rule detects access to global.inc file, which may indicate file and directory discovery on a web server. Candidate mapping requiring validation."
1739,15,SERVER-WEBAPP DNSTools administrator authentication bypass attempt,T1190 - Exploit Public-Facing Application,llm_candidate,0.8,"Rule detects authentication bypass attempt in DNSTools administrator interface, exploiting a public-facing web application. Candidate mapping requiring validation."
1740,16,SERVER-WEBAPP DNSTools authentication bypass attempt,T1190 - Exploit Public-Facing Application,llm_candidate,0.8,"Rule detects authentication bypass attempt in DNSTools, exploiting a public-facing web application. Candidate mapping requiring validation."
1741,17,SERVER-WEBAPP DNSTools access,T1083 - File and Directory Discovery,llm_candidate,0.5,"Rule detects access to DNSTools PHP page, which may indicate file and directory discovery. Candidate mapping requiring validation."
1742,17,SERVER-WEBAPP Blahz-DNS dostuff.php modify user attempt,T1098 - Account Manipulation,llm_candidate,0.7,"Rule detects attempt to modify user via Blahz-DNS dostuff.php, indicating account manipulation. Candidate mapping requiring validation."
1743,17,SERVER-WEBAPP Blahz-DNS dostuff.php access,T1083 - File and Directory Discovery,llm_candidate,0.5,"Rule detects access to Blahz-DNS dostuff.php page, which may indicate file and directory discovery. Candidate mapping requiring validation."
1744,9,SERVER-WEBAPP SecureSite authentication bypass attempt,T1190 - Exploit Public-Facing Application,llm_candidate,0.7,"Rule detects authentication bypass attempt in SecureSite, exploiting a public-facing web application. Candidate mapping requiring validation."
1745,15,SERVER-WEBAPP Messagerie supp_membre.php access,T1083 - File and Directory Discovery,llm_candidate,0.5,"Rule detects access to Messagerie supp_membre.php page, which may indicate file and directory discovery. Candidate mapping requiring validation."
1746,20,PROTOCOL-RPC portmap cachefsd request UDP,T1046 - Network Service Discovery,llm_candidate,0.8,"Rule detects RPC portmap requests for cachefsd service, indicating network service discovery scanning. Candidate mapping requiring validation."
1747,18,PROTOCOL-RPC portmap cachefsd request TCP,T1046 - Network Service Discovery,llm_candidate,0.8,"Rule detects RPC portmap requests for cachefsd service over TCP, indicating network service discovery scanning. Candidate mapping requiring validation."
1750,15,SERVER-IIS users.xml access,T1083 - File and Directory Discovery,llm_candidate,0.6,"Rule detects access to users.xml file on IIS, which may indicate file and directory discovery or account discovery. Candidate mapping requiring validation."
1751,12,SERVER-OTHER cachefsd buffer overflow attempt,T1210 - Exploitation of Remote Services,llm_candidate,0.8,"Rule detects buffer overflow attempt against cachefsd RPC service, exploiting a remote service. Candidate mapping requiring validation."
1753,15,SERVER-IIS as_web.exe access,T1190 - Exploit Public-Facing Application,llm_candidate,0.8,"Rule detects access to as_web.exe with known buffer overflow vulnerabilities, exploiting a public-facing IIS application. Candidate mapping requiring validation."
1754,15,SERVER-IIS as_web4.exe access,T1190 - Exploit Public-Facing Application,llm_candidate,0.8,"Rule detects access to as_web4.exe with known buffer overflow vulnerabilities, exploiting a public-facing IIS application. Candidate mapping requiring validation."
1755,24,PROTOCOL-IMAP partial body buffer overflow attempt,T1190 - Exploit Public-Facing Application,llm_candidate,0.9,"Rule detects IMAP PARTIAL BODY buffer overflow attempt, exploiting a public-facing IMAP service. Candidate mapping requiring validation."
1756,12,SERVER-IIS NewsPro administration authentication attempt,T1078 - Valid Accounts,llm_candidate,0.4,"Rule detects NewsPro administration authentication attempt, possibly indicating valid account usage or brute force. Candidate mapping requiring validation."
1757,14,SERVER-WEBAPP b2 arbitrary command execution attempt,T1190 - Exploit Public-Facing Application,llm_candidate,0.9,"Rule detects arbitrary command execution attempt in b2 web application, exploiting a public-facing web application. Candidate mapping requiring validation."
1759,10,SQL xp_cmdshell program execution 445,T1059.003 - Windows Command Shell,llm_candidate,0.7,"Rule detects xp_cmdshell execution string in SQL traffic over port 445, indicating Windows command shell usage via SQL. Candidate mapping requiring validation."
1762,27,SERVER-WEBAPP phf arbitrary command execution attempt,T1190 - Exploit Public-Facing Application,llm_candidate,0.9,"Rule detects PHF CGI script arbitrary command execution attempt, exploiting a public-facing web application. Candidate mapping requiring validation."
1763,16,SERVER-WEBAPP Nortel Contivity cgiproc DOS attempt,T1190 - Exploit Public-Facing Application,llm_candidate,0.8,"Rule detects a known exploit attempt (CVE-2000-0063/0064) against the Nortel Contivity cgiproc endpoint, which is a public-facing web application. Candidate mapping requiring validation."
1764,16,SERVER-WEBAPP Nortel Contivity cgiproc DOS attempt,T1190 - Exploit Public-Facing Application,llm_candidate,0.8,"Variant of the same Nortel Contivity cgiproc DoS exploit attempt, targeting a public-facing web application. Candidate mapping requiring validation."
1766,14,SERVER-WEBAPP search.dll directory listing attempt,T1190 - Exploit Public-Facing Application,llm_candidate,0.85,"Detects a directory listing exploit attempt (CVE-2000-0835) against search.dll, a public-facing web application component. Candidate mapping requiring validation."
1769,10,SERVER-WEBAPP .DS_Store access,T1083 - File and Directory Discovery,llm_candidate,0.4,"Access to .DS_Store files can reveal directory structure, aligning with file and directory discovery, but may also be benign. Candidate mapping requiring validation."
1770,10,SERVER-WEBAPP .FBCIndex access,T1083 - File and Directory Discovery,llm_candidate,0.4,"Access to .FBCIndex (FrontPage) files may disclose directory listings, consistent with file and directory discovery. Candidate mapping requiring validation."
1772,18,SERVER-IIS pbserver access,T1190 - Exploit Public-Facing Application,llm_candidate,0.7,References CVE-2000-1089 in IIS pbserver.dll; access to this vulnerable endpoint suggests exploit attempt against a public-facing application. Candidate mapping requiring validation.
1773,15,SERVER-WEBAPP php.exe access,T1190 - Exploit Public-Facing Application,llm_candidate,0.65,References a PHP CGI vulnerability; access to php.exe may indicate exploitation of a public-facing web application. Candidate mapping requiring validation.
1774,15,SERVER-WEBAPP bb_smilies.php access,T1190 - Exploit Public-Facing Application,llm_candidate,0.7,References a serious security hole in PHP-Nuke bb_smilies.php; access suggests exploit attempt against a public-facing application. Candidate mapping requiring validation.
1775,9,SERVER-MYSQL root login attempt,T1110.001 - Password Guessing,llm_candidate,0.9,"Detects a MySQL root login attempt via protocol pattern, indicative of password guessing/brute force. Candidate mapping requiring validation."
1776,9,SERVER-MYSQL show databases attempt,T1083 - File and Directory Discovery,llm_candidate,0.5,"Show databases command enumerates database structure, analogous to file and directory discovery. Candidate mapping requiring validation."
1777,19,PROTOCOL-FTP EXPLOIT STAT asterisk dos attempt,T1190 - Exploit Public-Facing Application,llm_candidate,0.85,"FTP STAT command with asterisk triggers a DoS (CVE-2002-0073), exploiting a public-facing FTP service and causing application exhaustion. Candidate mapping requiring validation."
1777,19,PROTOCOL-FTP EXPLOIT STAT asterisk dos attempt,T1499.004 - Application or System Exploitation,llm_candidate,0.85,"FTP STAT command with asterisk triggers a DoS (CVE-2002-0073), exploiting a public-facing FTP service and causing application exhaustion. Candidate mapping requiring validation."
1778,18,PROTOCOL-FTP EXPLOIT STAT ? dos attempt,T1190 - Exploit Public-Facing Application,llm_candidate,0.85,"FTP STAT command with question mark triggers same DoS vulnerability, exploiting public-facing FTP service. Candidate mapping requiring validation."
1778,18,PROTOCOL-FTP EXPLOIT STAT ? dos attempt,T1499.004 - Application or System Exploitation,llm_candidate,0.85,"FTP STAT command with question mark triggers same DoS vulnerability, exploiting public-facing FTP service. Candidate mapping requiring validation."
1787,15,SERVER-WEBAPP csPassword.cgi access,T1056 - Input Capture,improved_heuristic_candidate,0.68,"Credential or input capture indicator matched in msg, content context. Candidate mapping requiring validation."
1788,11,SERVER-WEBAPP csPassword password.cgi.tmp access,T1056 - Input Capture,improved_heuristic_candidate,0.68,"Credential or input capture indicator matched in msg, content context. Candidate mapping requiring validation."
1792,16,PROTOCOL-NNTP return code buffer overflow attempt,T1190 - Exploit Public-Facing Application,llm_candidate,0.8,"Detects NNTP return code buffer overflow attempt (CVE-2002-0909), exploiting a public-facing NNTP service. Candidate mapping requiring validation."
1802,20,SERVER-IIS .asa HTTP header buffer overflow attempt,T1190 - Exploit Public-Facing Application,llm_candidate,0.9,IIS .asa HTTP header buffer overflow attempt (CVE-2002-0150) directly exploits a public-facing web application. Candidate mapping requiring validation.
1803,21,SERVER-IIS .cer HTTP header buffer overflow attempt,T1190 - Exploit Public-Facing Application,llm_candidate,0.9,IIS .cer HTTP header buffer overflow attempt (CVE-2002-0150) exploits a public-facing web application. Candidate mapping requiring validation.
1804,21,SERVER-IIS .cdx HTTP header buffer overflow attempt,T1190 - Exploit Public-Facing Application,llm_candidate,0.9,IIS .cdx HTTP header buffer overflow attempt (CVE-2002-0150) exploits a public-facing web application. Candidate mapping requiring validation.
1805,12,SERVER-WEBAPP Oracle Reports CGI access,T1190 - Exploit Public-Facing Application,llm_candidate,0.75,Oracle Reports CGI access with setauth parameter (CVE-2002-0947) suggests exploit attempt against a public-facing application. Candidate mapping requiring validation.
1806,20,SERVER-IIS .htr chunked Transfer-Encoding,T1190 - Exploit Public-Facing Application,llm_candidate,0.85,IIS .htr chunked Transfer-Encoding exploit (CVE-2002-0364) targets a public-facing web application. Candidate mapping requiring validation.
1807,26,POLICY-OTHER Chunked-Encoding transfer with no data attempt,T1190 - Exploit Public-Facing Application,llm_candidate,0.7,"Detects malformed HTTP chunked encoding with no data, matching exploit patterns for Apache chunked-encoding vulnerabilities (CVE-2002-0071, CVE-2002-0079, CVE-2002-0386, CVE-2002-0392) that allow remote code execution or DoS against public-facing web servers. Candidate mapping requiring validation."
1808,17,SERVER-WEBAPP Apache chunked-encoding memory corruption exploit attempt,T1190 - Exploit Public-Facing Application,improved_heuristic_candidate,0.62,Web-facing exploit indicator matched in msg context. Candidate mapping requiring validation.
1809,20,SERVER-APACHE Apache chunked-encoding worm attempt,T1190 - Exploit Public-Facing Application,llm_candidate,0.9,"Detects the 'X-CCCCCCC' header characteristic of the Slapper worm exploiting Apache chunked-encoding vulnerabilities (CVE-2002-0071, CVE-2002-0079, CVE-2002-0392), constituting exploitation of a public-facing application. Candidate mapping requiring validation."
1810,19,SERVER-OTHER successful gobbles ssh exploit GOBBLE,T1210 - Exploitation of Remote Services,llm_candidate,0.9,"Detects the '*GOBBLE*' string indicating successful exploitation of the OpenSSH 'gobbles' vulnerabilities (CVE-2002-0390, CVE-2002-0640), which is exploitation of a remote service (SSH). Candidate mapping requiring validation."
1811,17,SERVER-OTHER successful gobbles ssh exploit uname,T1210 - Exploitation of Remote Services,llm_candidate,0.85,"Detects 'uname' command output after a successful gobbles SSH exploit, confirming post-exploitation command execution via the same remote service vulnerability. Candidate mapping requiring validation."
1812,13,SERVER-OTHER gobbles SSH exploit attempt,T1210 - Exploitation of Remote Services,llm_candidate,0.9,"Detects 'GOBBLES' string indicating an exploit attempt against the OpenSSH vulnerabilities (CVE-2002-0639), directly mapping to exploitation of a remote service. Candidate mapping requiring validation."
1814,15,SERVER-WEBAPP CISCO VoIP DOS ATTEMPT,T1498.001 - Direct Network Flood,llm_candidate,0.85,"Detects HTTP request to '/StreamingStatistics' triggering a DoS in Cisco VoIP (CVE-2002-0882), representing a direct network flood against a network service. Candidate mapping requiring validation."
1815,12,SERVER-WEBAPP directory.php arbitrary command attempt,T1190 - Exploit Public-Facing Application,llm_candidate,0.9,"Detects command injection attempt via 'dir=' parameter with semicolon in directory.php (CVE-2002-0434), exploiting a public-facing web application. Candidate mapping requiring validation."
1816,11,SERVER-WEBAPP directory.php access,T1190 - Exploit Public-Facing Application,llm_candidate,0.6,"Detects access to the vulnerable directory.php script (CVE-2002-0434); while access alone may be reconnaissance, it is a known exploit vector for the same web application. Candidate mapping requiring validation."
1818,15,SERVER-IIS MS Site Server admin attempt,T1021.002 - SMB/Windows Admin Shares,improved_heuristic_candidate,0.63,SMB or administrative share indicator matched in content context. Candidate mapping requiring validation.
1820,15,SERVER-WEBAPP IBM Net.Commerce orderdspc.d2w access,T1190 - Exploit Public-Facing Application,llm_candidate,0.85,"Detects access to IBM Net.Commerce orderdspc.d2w (CVE-2001-0319), a known vulnerable endpoint exploitable on public-facing web applications. Candidate mapping requiring validation."
1821,10,SERVER-OTHER LPD dvips remote command execution attempt,T1210 - Exploitation of Remote Services,llm_candidate,0.9,"Detects LPD dvips remote command execution attempt via backtick injection in 'psfile' parameter (CVE-2001-1002), exploiting a remote printing service. Candidate mapping requiring validation."
1822,16,SERVER-WEBAPP AlienForm alienform.cgi directory traversal attempt,T1190 - Exploit Public-Facing Application,improved_heuristic_candidate,0.62,Web-facing exploit indicator matched in msg context. Candidate mapping requiring validation.
1823,15,SERVER-WEBAPP AlienForm af.cgi directory traversal attempt,T1190 - Exploit Public-Facing Application,improved_heuristic_candidate,0.62,Web-facing exploit indicator matched in msg context. Candidate mapping requiring validation.
1824,15,SERVER-WEBAPP AlienForm alienform.cgi access,T1190 - Exploit Public-Facing Application,llm_candidate,0.5,"Detects access to alienform.cgi without traversal payload; may be reconnaissance or benign access, but the script is a known exploit target (CVE-2002-0934). Candidate mapping requiring validation."
1825,15,SERVER-WEBAPP AlienForm af.cgi access,T1190 - Exploit Public-Facing Application,llm_candidate,0.5,"Detects access to af.cgi without traversal payload; similar to rule 1224, lower confidence for active exploitation. Candidate mapping requiring validation."
1826,17,SERVER-WEBAPP WEB-INF access,T1083 - File and Directory Discovery,llm_candidate,0.75,"Detects access to '/WEB-INF' directory in Java web applications, which often contains sensitive configuration files; this is file and directory discovery via web requests. Candidate mapping requiring validation."
1827,16,SERVER-APACHE Apache Tomcat servlet mapping cross site scripting attempt,T1190 - Exploit Public-Facing Application,llm_candidate,0.8,"Detects cross-site scripting attempt via Apache Tomcat servlet mapping accessing '/org.apache.' (CVE-2002-0682), exploiting a public-facing web application. Candidate mapping requiring validation."
1828,16,SERVER-WEBAPP iPlanet Search directory traversal attempt,T1190 - Exploit Public-Facing Application,improved_heuristic_candidate,0.62,Web-facing exploit indicator matched in msg context. Candidate mapping requiring validation.
1829,15,SERVER-APACHE Apache Tomcat TroubleShooter servlet access,T1083 - File and Directory Discovery,llm_candidate,0.7,"Detects access to Apache Tomcat TroubleShooter servlet example, which can leak system information; this is file and directory discovery via web-accessible administrative interfaces. Candidate mapping requiring validation."
1830,15,SERVER-APACHE Apache Tomcat SnoopServlet servlet access,T1083 - File and Directory Discovery,llm_candidate,0.7,"Detects access to Apache Tomcat SnoopServlet example, similar to rule 1229, enabling information disclosure and directory discovery. Candidate mapping requiring validation."
1831,12,SERVER-WEBAPP jigsaw dos attempt,T1498.001 - Direct Network Flood,llm_candidate,0.85,"Detects DoS attempt against Jigsaw web server via '/servlet/con' (CVE-2002-1052), a direct network flood targeting a web service. Candidate mapping requiring validation."
1834,16,SERVER-WEBAPP PHP-Wiki cross site scripting attempt,T1190 - Exploit Public-Facing Application,llm_candidate,0.8,"Detects a cross-site scripting (XSS) exploit attempt against a PHP-Wiki web application, which constitutes exploitation of a public-facing application. Candidate mapping requiring validation."
1835,14,SERVER-WEBAPP Macromedia SiteSpring cross site scripting attempt,T1190 - Exploit Public-Facing Application,llm_candidate,0.8,"Detects an XSS exploit attempt against Macromedia SiteSpring, indicating exploitation of a public-facing web application. Candidate mapping requiring validation."
1838,14,SERVER-OTHER SSH server banner overflow,T1210 - Exploitation of Remote Services,llm_candidate,0.9,"Detects an SSH server banner buffer overflow attempt via an overly long banner string, which is direct exploitation of a remote service (SSH). Candidate mapping requiring validation."
1839,14,SERVER-WEBAPP mailman cross site scripting attempt,T1190 - Exploit Public-Facing Application,llm_candidate,0.8,"Detects an XSS exploit attempt against the Mailman web application, representing exploitation of a public-facing application. Candidate mapping requiring validation."
1840,15,FILE-JAVA Oracle Javascript document.domain attempt,T1189 - Drive-by Compromise,llm_candidate,0.7,"Detects a JavaScript document.domain manipulation attempt in HTTP traffic, consistent with a drive-by compromise delivery mechanism. Candidate mapping requiring validation."
1841,18,BROWSER-FIREFOX Mozilla 1.0 Javascript arbitrary cookie access attempt,T1539 - Steal Web Session Cookie,llm_candidate,0.85,"Detects a JavaScript attempt to access document.cookie, a technique used to steal web session cookies. Candidate mapping requiring validation."
1842,35,PROTOCOL-IMAP login buffer overflow attempt,T1210 - Exploitation of Remote Services,llm_candidate,0.9,"Detects an IMAP LOGIN command buffer overflow attempt, which is exploitation of a remote service (IMAP). Candidate mapping requiring validation."
1844,18,PROTOCOL-IMAP authenticate overflow attempt,T1210 - Exploitation of Remote Services,llm_candidate,0.9,"Detects an IMAP AUTHENTICATE command buffer overflow attempt, representing exploitation of a remote service. Candidate mapping requiring validation."
1845,24,PROTOCOL-IMAP list literal overflow attempt,T1210 - Exploitation of Remote Services,llm_candidate,0.9,"Detects an IMAP LIST literal buffer overflow attempt, which is exploitation of a remote service. Candidate mapping requiring validation."
1854,13,PROTOCOL-ICMP Stacheldraht handler->agent niggahbitch,T1095 - Non-Application Layer Protocol,llm_candidate,0.9,"Detects ICMP traffic containing ""niggahbitch"" used by Stacheldraht DDoS tool for handler-to-agent communication, which uses a non-application layer protocol (ICMP) for command and control. Candidate mapping requiring validation."
1855,13,PROTOCOL-ICMP Stacheldraht agent->handler skillz,T1095 - Non-Application Layer Protocol,llm_candidate,0.9,"Detects ICMP traffic containing ""skillz"" used by Stacheldraht for agent-to-handler communication, representing non-application layer protocol usage. Candidate mapping requiring validation."
1856,13,PROTOCOL-ICMP Stacheldraht handler->agent ficken,T1095 - Non-Application Layer Protocol,llm_candidate,0.9,"Detects ICMP traffic containing ""ficken"" used by Stacheldraht for handler-to-agent communication, indicating non-application layer protocol C2. Candidate mapping requiring validation."
1858,12,SERVER-WEBAPP CISCO PIX Firewall Manager directory traversal attempt,T1190 - Exploit Public-Facing Application,improved_heuristic_candidate,0.62,Web-facing exploit indicator matched in msg context. Candidate mapping requiring validation.
1862,14,SERVER-WEBAPP mrtg.cgi directory traversal attempt,T1190 - Exploit Public-Facing Application,improved_heuristic_candidate,0.62,Web-facing exploit indicator matched in msg context. Candidate mapping requiring validation.
1864,13,PROTOCOL-FTP SITE NEWER attempt,T1499.004 - Application or System Exploitation,llm_candidate,0.75,"Detects an FTP SITE NEWER command attempt that triggers a denial-of-service vulnerability, representing application exploitation for DoS. Candidate mapping requiring validation."
1865,12,SERVER-WEBAPP webdist.cgi arbitrary command attempt,T1190 - Exploit Public-Facing Application,llm_candidate,0.9,"Detects a command injection attempt via semicolon in webdist.cgi, exploiting a public-facing web application for arbitrary command execution. Candidate mapping requiring validation."
1866,26,PROTOCOL-POP USER overflow attempt,T1190 - Exploit Public-Facing Application,llm_candidate,0.9,"Detects a buffer overflow attempt in the POP3 USER command, which is an exploitation attempt against a public-facing email service. Candidate mapping requiring validation."
1867,6,X11 xdmcp info query,T1046 - Network Service Discovery,llm_candidate,0.85,"Detects an XDMCP information query, which is a network service discovery probe against the X11 display manager service. Candidate mapping requiring validation."
1868,13,SERVER-WEBAPP Interactive Story story.pl arbitrary file read attempt,T1190 - Exploit Public-Facing Application,llm_candidate,0.9,"Detects a path traversal attempt (next=../) against the story.pl CGI, indicating an exploit attempt against a vulnerable web application. Candidate mapping requiring validation."
1870,13,SERVER-WEBAPP siteUserMod.cgi access,T1190 - Exploit Public-Facing Application,llm_candidate,0.7,"Matches access to a known vulnerable CGI (siteUserMod.cgi, CVE-2000-0117); likely indicates an exploitation attempt but the rule lacks payload inspection. Candidate mapping requiring validation."
1871,12,SERVER-WEBAPP Oracle XSQLConfig.xml access,T1190 - Exploit Public-Facing Application,llm_candidate,0.6,"Detects access to Oracle XSQLConfig.xml, a sensitive configuration file; could indicate exploitation of a directory traversal or misconfiguration, but rule only matches URI. Candidate mapping requiring validation."
1872,11,SERVER-WEBAPP Oracle Dynamic Monitoring Services dms access,T1046 - Network Service Discovery,llm_candidate,0.6,"Detects access to Oracle Dynamic Monitoring Service (DMS) endpoint, which is a network service discovery or reconnaissance activity. Candidate mapping requiring validation."
1873,12,SERVER-WEBAPP globals.jsa access,T1005 - Data from Local System,llm_candidate,0.5,"Detects access to globals.jsa, an ASP global file that may contain sensitive data; could indicate data exposure but rule only matches URI. Candidate mapping requiring validation."
1874,9,SERVER-WEBAPP Oracle Java Process Manager access,T1046 - Network Service Discovery,llm_candidate,0.6,"Detects access to Oracle Java Process Manager status page, a management interface; indicative of service discovery. Candidate mapping requiring validation."
1875,13,SERVER-WEBAPP cgicso access,T1190 - Exploit Public-Facing Application,llm_candidate,0.7,"Matches access to cgicso, a known vulnerable CGI (CVE-2002-1652); suggests exploitation attempt but rule lacks payload details. Candidate mapping requiring validation."
1876,12,SERVER-WEBAPP nph-publish.cgi access,T1190 - Exploit Public-Facing Application,llm_candidate,0.7,"Detects access to nph-publish.cgi, a CGI with known vulnerabilities (CVE-1999-1177); likely exploit attempt. Candidate mapping requiring validation."
1877,15,SERVER-WEBAPP printenv access,T1082 - System Information Discovery,llm_candidate,0.8,"Detects access to printenv CGI, which leaks environment variables and system information; a classic system information discovery technique. Candidate mapping requiring validation."
1878,13,SERVER-WEBAPP sdbsearch.cgi access,T1082 - System Information Discovery,llm_candidate,0.7,"Detects access to sdbsearch.cgi, another CGI known to leak system information; similar to printenv. Candidate mapping requiring validation."
1879,16,SERVER-WEBAPP book.cgi arbitrary command execution attempt,T1190 - Exploit Public-Facing Application,llm_candidate,0.9,"Detects a command injection attempt (pipe character) against book.cgi, a clear exploitation attempt against a web application. Candidate mapping requiring validation."
1880,13,SERVER-WEBAPP oracle web application server access,T1046 - Network Service Discovery,llm_candidate,0.6,Matches access to Oracle Web Application Server directory (/ows-bin/); indicative of service discovery or reconnaissance. Candidate mapping requiring validation.
1881,13,SERVER-WEBAPP bad HTTP 1.1 request - potential worm attack,T1190 - Exploit Public-Facing Application,llm_candidate,0.7,Detects a malformed HTTP 1.1 request associated with worm activity; suggests an exploitation attempt against a web server. Candidate mapping requiring validation.
1882,20,INDICATOR-COMPROMISE id check returned userid,T1082 - System Information Discovery,llm_candidate,0.8,"Detects the output of the 'id' command (uid= gid=) in network traffic, indicating post-exploitation system information discovery. Candidate mapping requiring validation."
1887,9,SERVER-OTHER OpenSSL Worm traffic,T1190 - Exploit Public-Facing Application,llm_candidate,0.8,"Detects 'TERM=xterm' in SSL traffic, a signature of the OpenSSL worm exploiting a vulnerability in OpenSSL. Candidate mapping requiring validation."
1888,14,PROTOCOL-FTP SITE CPWD overflow attempt,T1210 - Exploitation of Remote Services,llm_candidate,0.9,"Detects a buffer overflow attempt in the FTP SITE CPWD command, an exploitation of a remote service. Candidate mapping requiring validation."
1889,10,MALWARE-CNC slapper worm admin traffic,T1095 - Non-Application Layer Protocol,llm_candidate,0.7,Detects Slapper worm command-and-control traffic over UDP using a non-standard protocol; matches non-application layer protocol communication. Candidate mapping requiring validation.
1890,18,PROTOCOL-RPC status GHBN format string attack,T1210 - Exploitation of Remote Services,llm_candidate,0.9,"Detects a format string attack against RPC status service (GHBN) over UDP, an exploitation of a remote service. Candidate mapping requiring validation."
1891,17,PROTOCOL-RPC status GHBN format string attack,T1210 - Exploitation of Remote Services,llm_candidate,0.9,Same format string attack against RPC status service but over TCP; exploitation of a remote service. Candidate mapping requiring validation.
1892,14,PROTOCOL-SNMP null community string attempt,T1046 - Network Service Discovery,llm_candidate,0.7,"Detects SNMP probes with a null community string, a common reconnaissance technique to discover network devices. Candidate mapping requiring validation."
1893,13,PROTOCOL-SNMP missing community string attempt,T1046 - Network Service Discovery,llm_candidate,0.7,"Detects SNMP probes missing the community string, another reconnaissance attempt against SNMP services. Candidate mapping requiring validation."
1894,14,INDICATOR-SHELLCODE kadmind buffer overflow attempt,T1210 - Exploitation of Remote Services,llm_candidate,0.9,"Detects shellcode for a kadmind buffer overflow (CVE-2002-1226), a direct exploitation attempt against a remote Kerberos administration service. Candidate mapping requiring validation."
1895,13,INDICATOR-SHELLCODE kadmind buffer overflow attempt,T1210 - Exploitation of Remote Services,llm_candidate,0.9,"Detects shellcode pattern indicative of a buffer overflow exploit against the kadmind Kerberos administration service, which is a remote service exploitation attempt. Candidate mapping requiring validation."
1896,12,INDICATOR-SHELLCODE kadmind buffer overflow attempt,T1210 - Exploitation of Remote Services,llm_candidate,0.9,"Detects a specific byte sequence associated with a kadmind buffer overflow exploit attempt, indicating exploitation of a remote RPC service. Candidate mapping requiring validation."
1897,12,INDICATOR-SHELLCODE kadmind buffer overflow attempt,T1210 - Exploitation of Remote Services,llm_candidate,0.9,Same as sid 1896; detects kadmind buffer overflow exploit traffic targeting a remote service. Candidate mapping requiring validation.
1898,12,INDICATOR-SHELLCODE kadmind buffer overflow attempt,T1210 - Exploitation of Remote Services,llm_candidate,0.9,"Detects obfuscated shellcode ('/shh//bi' for /bin/sh) used in kadmind buffer overflow exploits, indicating remote service exploitation. Candidate mapping requiring validation."
1899,12,INDICATOR-SHELLCODE kadmind buffer overflow attempt,T1210 - Exploitation of Remote Services,llm_candidate,0.9,Duplicate of sid 1898; detects shellcode payload for kadmind buffer overflow exploit. Candidate mapping requiring validation.
1900,15,SERVER-OTHER successful kadmind buffer overflow attempt,T1210 - Exploitation of Remote Services,llm_candidate,0.9,"Detects '*GOBBLE*' string indicating successful kadmind buffer overflow exploitation, confirming remote service compromise. Candidate mapping requiring validation."
1901,16,SERVER-OTHER successful kadmind buffer overflow attempt,T1210 - Exploitation of Remote Services,llm_candidate,0.9,Same as sid 1900; detects successful exploitation indicator for kadmind buffer overflow. Candidate mapping requiring validation.
1902,18,PROTOCOL-IMAP lsub literal overflow attempt,T1210 - Exploitation of Remote Services,llm_candidate,0.9,"Detects IMAP LSUB command literal overflow attempt, an exploitation of a remote IMAP service. Candidate mapping requiring validation."
1903,16,PROTOCOL-IMAP rename overflow attempt,T1210 - Exploitation of Remote Services,llm_candidate,0.9,"Detects IMAP RENAME command buffer overflow attempt, targeting a remote mail service. Candidate mapping requiring validation."
1904,16,PROTOCOL-IMAP find overflow attempt,T1210 - Exploitation of Remote Services,llm_candidate,0.9,"Detects IMAP FIND command buffer overflow attempt, exploiting a remote IMAP service. Candidate mapping requiring validation."
1905,15,PROTOCOL-RPC AMD UDP amqproc_mount plog overflow attempt,T1210 - Exploitation of Remote Services,llm_candidate,0.9,"Detects RPC AMD UDP amqproc_mount plog overflow attempt, exploiting a remote RPC service. Candidate mapping requiring validation."
1906,13,PROTOCOL-RPC AMD TCP amqproc_mount plog overflow attempt,T1210 - Exploitation of Remote Services,llm_candidate,0.9,Same vulnerability as sid 1905 but over TCP; detects exploitation of remote RPC service. Candidate mapping requiring validation.
1907,18,PROTOCOL-RPC CMSD UDP CMSD_CREATE buffer overflow attempt,T1210 - Exploitation of Remote Services,llm_candidate,0.9,"Detects CMSD_CREATE buffer overflow attempt against RPC CMSD service, a remote service exploitation. Candidate mapping requiring validation."
1908,14,PROTOCOL-RPC CMSD TCP CMSD_CREATE buffer overflow attempt,T1210 - Exploitation of Remote Services,llm_candidate,0.9,TCP version of CMSD_CREATE buffer overflow exploit against remote RPC service. Candidate mapping requiring validation.
1909,17,PROTOCOL-RPC CMSD TCP CMSD_INSERT buffer overflow attempt,T1210 - Exploitation of Remote Services,llm_candidate,0.9,Detects CMSD_INSERT buffer overflow attempt against RPC CMSD service over TCP. Candidate mapping requiring validation.
1910,17,PROTOCOL-RPC CMSD udp CMSD_INSERT buffer overflow attempt,T1210 - Exploitation of Remote Services,llm_candidate,0.9,UDP version of CMSD_INSERT buffer overflow exploit targeting remote RPC service. Candidate mapping requiring validation.
1911,20,PROTOCOL-RPC sadmind UDP NETMGT_PROC_SERVICE CLIENT_DOMAIN overflow attempt,T1210 - Exploitation of Remote Services,llm_candidate,0.9,"Detects sadmind NETMGT_PROC_SERVICE CLIENT_DOMAIN overflow attempt via UDP, exploiting remote RPC service. Candidate mapping requiring validation."
1912,16,PROTOCOL-RPC sadmind TCP NETMGT_PROC_SERVICE CLIENT_DOMAIN overflow attempt,T1210 - Exploitation of Remote Services,llm_candidate,0.9,TCP version of sadmind buffer overflow exploit against remote RPC service. Candidate mapping requiring validation.
1913,20,PROTOCOL-RPC STATD UDP stat mon_name format string exploit attempt,T1210 - Exploitation of Remote Services,llm_candidate,0.9,"Detects STATD stat mon_name format string exploit attempt via UDP, exploiting a remote RPC service. Candidate mapping requiring validation."
1914,18,PROTOCOL-RPC STATD TCP stat mon_name format string exploit attempt,T1210 - Exploitation of Remote Services,llm_candidate,0.9,TCP version of STATD format string exploit against remote RPC service. Candidate mapping requiring validation.
1915,19,PROTOCOL-RPC STATD UDP monitor mon_name format string exploit attempt,T1210 - Exploitation of Remote Services,llm_candidate,0.9,"Detects STATD monitor mon_name format string exploit via UDP, targeting remote RPC service. Candidate mapping requiring validation."
1916,17,PROTOCOL-RPC STATD TCP monitor mon_name format string exploit attempt,T1210 - Exploitation of Remote Services,llm_candidate,0.9,TCP version of STATD monitor format string exploit against remote RPC service. Candidate mapping requiring validation.
1918,10,PROTOCOL-ICMP SolarWinds IP scan attempt,T1595.001 - Scanning IP Blocks,llm_candidate,0.9,"Detects ICMP packets containing 'SolarWinds.Net' string, indicative of active IP scanning using SolarWinds tools. Candidate mapping requiring validation."
1919,31,PROTOCOL-FTP CWD overflow attempt,T1210 - Exploitation of Remote Services,llm_candidate,0.9,"Detects FTP CWD command buffer overflow attempt, exploiting a remote FTP service. Candidate mapping requiring validation."
1920,13,PROTOCOL-FTP SITE NEWER overflow attempt,T1210 - Exploitation of Remote Services,llm_candidate,0.9,"Detects FTP SITE NEWER command buffer overflow attempt, targeting a remote FTP service. Candidate mapping requiring validation."
1921,11,PROTOCOL-FTP SITE ZIPCHK overflow attempt,T1190 - Exploit Public-Facing Application,llm_candidate,0.85,"Detects buffer overflow exploit attempt against FTP SITE ZIPCHK command, indicating exploitation of a public-facing FTP service. Candidate mapping requiring validation."
1922,12,PROTOCOL-RPC portmap proxy attempt TCP,T1046 - Network Service Discovery,llm_candidate,0.75,Detects RPC portmap proxy requests which are used to discover available RPC services on a target system. Candidate mapping requiring validation.
1923,14,PROTOCOL-RPC portmap proxy attempt UDP,T1046 - Network Service Discovery,llm_candidate,0.75,Same as sid 1922 but over UDP; detects RPC portmap service discovery attempts. Candidate mapping requiring validation.
1924,14,PROTOCOL-RPC mountd UDP export request,T1046 - Network Service Discovery,llm_candidate,0.75,"Detects RPC mountd export requests used to enumerate NFS exports, a form of network service discovery. Candidate mapping requiring validation."
1925,12,PROTOCOL-RPC mountd TCP exportall request,T1046 - Network Service Discovery,llm_candidate,0.75,Detects RPC mountd exportall requests over TCP for NFS export enumeration. Candidate mapping requiring validation.
1926,14,PROTOCOL-RPC mountd UDP exportall request,T1046 - Network Service Discovery,llm_candidate,0.75,Detects RPC mountd exportall requests over UDP for NFS export enumeration. Candidate mapping requiring validation.
1927,8,PROTOCOL-FTP authorized_keys,T1005 - Data from Local System,llm_candidate,0.4,Detects FTP transfer of 'authorized_keys' file; may indicate collection of SSH key material but could also be benign administration. Candidate mapping requiring validation.
1928,11,PROTOCOL-FTP shadow retrieval attempt,T1003.008 - /etc/passwd and /etc/shadow,llm_candidate,0.95,"Explicitly detects RETR command for '/etc/shadow' file, directly targeting password hashes for credential dumping. Candidate mapping requiring validation."
1930,16,PROTOCOL-IMAP auth literal overflow attempt,T1190 - Exploit Public-Facing Application,llm_candidate,0.9,"Detects buffer overflow exploit attempt in IMAP AUTH command, targeting a public-facing email service. Candidate mapping requiring validation."
1931,12,SERVER-WEBAPP rpc-nlog.pl access,T1190 - Exploit Public-Facing Application,llm_candidate,0.85,"Detects access to vulnerable rpc-nlog.pl CGI script (CVE-1999-1278), indicating web application exploitation. Candidate mapping requiring validation."
1932,11,SERVER-WEBAPP rpc-smb.pl access,T1021.002 - SMB/Windows Admin Shares,improved_heuristic_candidate,0.63,"SMB or administrative share indicator matched in msg, content context. Candidate mapping requiring validation."
1933,13,SERVER-WEBAPP cart.cgi access,T1190 - Exploit Public-Facing Application,llm_candidate,0.85,"Detects access to vulnerable cart.cgi script (CVE-2000-0252), indicating web application exploitation. Candidate mapping requiring validation."
1936,14,PROTOCOL-POP AUTH overflow attempt,T1190 - Exploit Public-Facing Application,llm_candidate,0.9,"Detects buffer overflow exploit attempt in POP3 AUTH command, targeting a public-facing mail service. Candidate mapping requiring validation."
1937,13,PROTOCOL-POP LIST overflow attempt,T1190 - Exploit Public-Facing Application,llm_candidate,0.9,"Detects buffer overflow exploit attempt in POP3 LIST command, targeting a public-facing mail service. Candidate mapping requiring validation."
1938,10,PROTOCOL-POP XTND overflow attempt,T1190 - Exploit Public-Facing Application,llm_candidate,0.9,"Detects buffer overflow exploit attempt in POP3 XTND command, targeting a public-facing mail service. Candidate mapping requiring validation."
1939,10,SERVER-OTHER bootp hardware address length overflow,T1210 - Exploitation of Remote Services,llm_candidate,0.7,"Detects BOOTP hardware address length overflow, an exploitation attempt against a network boot service (remote service). Candidate mapping requiring validation."
1940,9,SERVER-OTHER bootp invalid hardware type,T1210 - Exploitation of Remote Services,llm_candidate,0.7,"Detects BOOTP invalid hardware type overflow, an exploitation attempt against a network boot service. Candidate mapping requiring validation."
1941,24,PROTOCOL-TFTP GET filename overflow attempt,T1190 - Exploit Public-Facing Application,llm_candidate,0.8,"Detects TFTP GET filename overflow attempts, exploiting a public-facing file transfer service. Candidate mapping requiring validation."
1942,13,PROTOCOL-FTP RMDIR overflow attempt,T1190 - Exploit Public-Facing Application,llm_candidate,0.85,"Detects buffer overflow exploit attempt in FTP RMDIR command, targeting a public-facing FTP service. Candidate mapping requiring validation."
1943,13,SERVER-WEBAPP /Carello/add.exe access,T1190 - Exploit Public-Facing Application,llm_candidate,0.85,"Detects access to vulnerable /Carello/add.exe script (CVE-2000-0396), indicating web application exploitation. Candidate mapping requiring validation."
1944,11,SERVER-WEBAPP /ecscripts/ecware.exe access,T1190 - Exploit Public-Facing Application,llm_candidate,0.85,"Detects access to vulnerable /ecscripts/ecware.exe script, indicating web application exploitation. Candidate mapping requiring validation."
1946,11,SERVER-WEBAPP answerbook2 admin attempt,T1190 - Exploit Public-Facing Application,llm_candidate,0.85,"Detects access to answerbook2 admin interface (CVE-2000-0696), indicating web application exploitation. Candidate mapping requiring validation."
1947,15,SERVER-WEBAPP answerbook2 arbitrary command execution attempt,T1190 - Exploit Public-Facing Application,llm_candidate,0.9,"Detects arbitrary command execution attempt via answerbook2 (CVE-2000-0697), a web application exploit. Candidate mapping requiring validation."
1948,20,PROTOCOL-DNS dns zone transfer via UDP detected,T1018 - Remote System Discovery,llm_candidate,0.85,"Detects DNS zone transfer (AXFR) over UDP, a classic reconnaissance technique for remote system discovery. Candidate mapping requiring validation."
1950,13,PROTOCOL-RPC portmap SET attempt UDP 111,T1046 - Network Service Discovery,llm_candidate,0.9,"Rule detects RPC portmap SET requests on UDP 111, which is active querying of the portmapper service to discover available RPC services — a clear network service discovery activity. Candidate mapping requiring validation."
1951,11,PROTOCOL-RPC mountd TCP mount request,T1046 - Network Service Discovery,llm_candidate,0.9,"Rule detects mountd mount requests over TCP, which enumerate NFS exports; this is network service discovery targeting NFS. Candidate mapping requiring validation."
1952,15,PROTOCOL-RPC mountd UDP mount request,T1046 - Network Service Discovery,llm_candidate,0.9,"Same as previous but over UDP; mountd requests reveal NFS service information, constituting network service discovery. Candidate mapping requiring validation."
1953,10,PROTOCOL-RPC AMD TCP pid request,T1046 - Network Service Discovery,llm_candidate,0.85,"AMD pid requests query the automounter daemon for process information, a form of RPC service enumeration. Candidate mapping requiring validation."
1954,12,PROTOCOL-RPC AMD UDP pid request,T1046 - Network Service Discovery,llm_candidate,0.85,UDP variant of AMD pid request; same service discovery behavior. Candidate mapping requiring validation.
1955,11,PROTOCOL-RPC AMD TCP version request,T1046 - Network Service Discovery,llm_candidate,0.85,"AMD version requests reveal the automounter daemon version, aiding service fingerprinting and discovery. Candidate mapping requiring validation."
1956,15,PROTOCOL-RPC AMD UDP version request,T1046 - Network Service Discovery,llm_candidate,0.85,UDP variant of AMD version request; same discovery intent. Candidate mapping requiring validation.
1957,16,PROTOCOL-RPC sadmind UDP PING,T1046 - Network Service Discovery,llm_candidate,0.85,"sadmind PING packets check for the presence of the distributed system administration daemon, a service discovery action. Candidate mapping requiring validation."
1958,15,PROTOCOL-RPC sadmind TCP PING,T1046 - Network Service Discovery,llm_candidate,0.85,TCP variant of sadmind PING; same service discovery. Candidate mapping requiring validation.
1959,14,PROTOCOL-RPC portmap NFS request UDP,T1046 - Network Service Discovery,llm_candidate,0.9,"Portmap NFS requests query the portmapper for NFS service ports, directly enumerating a network service. Candidate mapping requiring validation."
1960,13,PROTOCOL-RPC portmap NFS request TCP,T1046 - Network Service Discovery,llm_candidate,0.9,TCP variant of portmap NFS request; same service discovery. Candidate mapping requiring validation.
1961,14,PROTOCOL-RPC portmap RQUOTA request UDP,T1046 - Network Service Discovery,llm_candidate,0.9,"Portmap RQUOTA requests query for the remote quota service, another RPC service enumeration. Candidate mapping requiring validation."
1962,13,PROTOCOL-RPC portmap RQUOTA request TCP,T1046 - Network Service Discovery,llm_candidate,0.9,TCP variant of portmap RQUOTA request; same discovery. Candidate mapping requiring validation.
1963,15,PROTOCOL-RPC RQUOTA getquota overflow attempt UDP,T1190 - Exploit Public-Facing Application,llm_candidate,0.95,"Rule detects a buffer overflow attempt against the RQUOTA RPC service (CVE-1999-0974), which is exploitation of a public-facing RPC application. Candidate mapping requiring validation."
1964,18,PROTOCOL-RPC tooltalk UDP overflow attempt,T1190 - Exploit Public-Facing Application,llm_candidate,0.95,"ToolTalk UDP overflow attempt (CVE-1999-0003) targets a publicly accessible RPC service, constituting exploitation of a public-facing application. Candidate mapping requiring validation."
1965,17,PROTOCOL-RPC tooltalk TCP overflow attempt,T1190 - Exploit Public-Facing Application,llm_candidate,0.95,TCP variant of ToolTalk overflow; same exploitation of a public-facing RPC service. Candidate mapping requiring validation.
1966,11,SERVER-OTHER GlobalSunTech Access Point Information Disclosure attempt,T1190 - Exploit Public-Facing Application,llm_candidate,0.9,"GlobalSunTech Access Point information disclosure attempt (CVE-2002-2137) exploits a vulnerability in a network-accessible device, fitting exploitation of a public-facing application. Candidate mapping requiring validation."
1967,11,SERVER-WEBAPP phpbb quick-reply.php arbitrary command attempt,T1190 - Exploit Public-Facing Application,llm_candidate,0.95,"phpbb quick-reply.php arbitrary command attempt (CVE-2002-2287) is a web application exploit allowing command execution, clearly exploitation of a public-facing web application. Candidate mapping requiring validation."
1970,22,SERVER-IIS MDAC Content-Type overflow attempt,T1190 - Exploit Public-Facing Application,llm_candidate,0.95,"MDAC Content-Type overflow attempt (CVE-2002-1142) exploits a vulnerability in IIS's RDS component, a public-facing web application. Candidate mapping requiring validation."
1971,13,PROTOCOL-FTP SITE EXEC format string attempt,T1190 - Exploit Public-Facing Application,llm_candidate,0.9,"FTP SITE EXEC format string attempt (CVE-2000-0573) exploits a vulnerability in the FTP service, a public-facing application. Candidate mapping requiring validation."
1972,32,PROTOCOL-FTP PASS overflow attempt,T1190 - Exploit Public-Facing Application,llm_candidate,0.95,"FTP PASS overflow attempt detects buffer overflow in the password command across multiple FTP server vulnerabilities, exploiting a public-facing FTP service. Candidate mapping requiring validation."
1973,31,PROTOCOL-FTP MKD overflow attempt,T1190 - Exploit Public-Facing Application,llm_candidate,0.95,"FTP MKD overflow attempt targets the directory creation command in various FTP servers, exploiting a public-facing FTP service. Candidate mapping requiring validation."
1974,15,PROTOCOL-FTP REST overflow attempt,T1190 - Exploit Public-Facing Application,llm_candidate,0.9,"FTP REST overflow attempt exploits the restart command in FTP servers, a vulnerability in a public-facing FTP service. Candidate mapping requiring validation."
1975,27,PROTOCOL-FTP DELE overflow attempt,T1210 - Exploitation of Remote Services,llm_candidate,0.9,"Detects buffer overflow attempt in FTP DELE command, indicating exploitation of a remote FTP service. Candidate mapping requiring validation."
1976,23,PROTOCOL-FTP RMD overflow attempt,T1210 - Exploitation of Remote Services,llm_candidate,0.9,"Detects buffer overflow attempt in FTP RMD command, indicating exploitation of a remote FTP service. Candidate mapping requiring validation."
1977,8,SERVER-WEBAPP xp_regwrite attempt,T1190 - Exploit Public-Facing Application,llm_candidate,0.85,"Detects attempt to use SQL Server xp_regwrite extended procedure via web application, indicating exploitation of a public-facing application. Candidate mapping requiring validation."
1978,8,SERVER-WEBAPP xp_regdeletekey attempt,T1190 - Exploit Public-Facing Application,llm_candidate,0.85,"Detects attempt to use SQL Server xp_regdeletekey extended procedure via web application, indicating exploitation of a public-facing application. Candidate mapping requiring validation."
1979,11,SERVER-WEBAPP perl post attempt,T1190 - Exploit Public-Facing Application,llm_candidate,0.8,"Detects POST request to /perl/ directory, indicative of exploitation attempts against vulnerable Perl CGI scripts. Candidate mapping requiring validation."
1982,12,MALWARE-BACKDOOR DeepThroat 3.1 Server Response on port 3150,T1095 - Non-Application Layer Protocol,llm_candidate,0.65,"Detects a unique string response from DeepThroat backdoor on UDP port 3150, suggesting command and control over a non-standard protocol. Candidate mapping requiring validation."
1984,12,MALWARE-BACKDOOR DeepThroat 3.1 Server Response on port 4120,T1095 - Non-Application Layer Protocol,llm_candidate,0.65,"Detects a unique string response from DeepThroat backdoor on UDP port 4120, suggesting command and control over a non-standard protocol. Candidate mapping requiring validation."
1985,9,MALWARE-BACKDOOR Doly variant outbound connection attempt,T1071.001 - Web Protocols,llm_candidate,0.8,"Detects HTTP beaconing string from Doly trojan, indicating command and control over web protocols. Candidate mapping requiring validation."
1987,11,SERVER-OTHER xfs overflow attempt,T1210 - Exploitation of Remote Services,llm_candidate,0.85,"Detects buffer overflow attempt against XFS font server, indicating exploitation of a remote service. Candidate mapping requiring validation."
1992,14,PROTOCOL-FTP LIST directory traversal attempt,T1083 - File and Directory Discovery,llm_candidate,0.8,"Detects FTP LIST command with directory traversal sequences, indicating file and directory discovery. Candidate mapping requiring validation."
1993,24,PROTOCOL-IMAP login literal buffer overflow attempt,T1210 - Exploitation of Remote Services,llm_candidate,0.9,"Detects IMAP LOGIN literal buffer overflow attempt, indicating exploitation of a remote IMAP service. Candidate mapping requiring validation."
1994,11,SERVER-WEBAPP vpasswd.cgi access,T1190 - Exploit Public-Facing Application,llm_candidate,0.8,"Detects access to vpasswd.cgi, a known vulnerable web application component. Candidate mapping requiring validation."
1995,10,SERVER-WEBAPP alya.cgi access,T1190 - Exploit Public-Facing Application,llm_candidate,0.8,"Detects access to alya.cgi, a known vulnerable web application component. Candidate mapping requiring validation."
1996,13,SERVER-WEBAPP viralator.cgi access,T1190 - Exploit Public-Facing Application,llm_candidate,0.8,"Detects access to viralator.cgi, a known vulnerable web application component. Candidate mapping requiring validation."
1997,13,SERVER-WEBAPP read_body.php access attempt,T1190 - Exploit Public-Facing Application,llm_candidate,0.8,"Detects access to read_body.php, a known vulnerable web application component. Candidate mapping requiring validation."
1998,14,SERVER-WEBAPP calendar.php access,T1190 - Exploit Public-Facing Application,llm_candidate,0.8,"Detects access to calendar.php, a known vulnerable web application component. Candidate mapping requiring validation."
1999,13,SERVER-WEBAPP edit_image.php access,T1190 - Exploit Public-Facing Application,llm_candidate,0.8,"Detects access to edit_image.php, a known vulnerable web application component. Candidate mapping requiring validation."
2000,12,SERVER-WEBAPP readmsg.php access,T1190 - Exploit Public-Facing Application,llm_candidate,0.8,"Detects access to readmsg.php, a known vulnerable web application component. Candidate mapping requiring validation."
2001,11,SERVER-WEBAPP smartsearch.cgi access,T1190 - Exploit Public-Facing Application,llm_candidate,0.8,"Detects access to smartsearch.cgi, a known vulnerable web application component. Candidate mapping requiring validation."
2002,18,SERVER-WEBAPP remote include path attempt,T1190 - Exploit Public-Facing Application,llm_candidate,0.85,"Detects remote file inclusion attempt via path parameter, indicating exploitation of a public-facing web application. Candidate mapping requiring validation."
2003,16,SQL Worm propagation attempt,T1190 - Exploit Public-Facing Application,llm_candidate,0.9,"Detects the SQL Slammer worm propagation payload targeting the SQL Server Resolution Service (UDP 1434), which is an exploit against a public-facing database service. Candidate mapping requiring validation."
2004,15,SQL Worm propagation attempt OUTBOUND,T1190 - Exploit Public-Facing Application,llm_candidate,0.9,"Detects outbound SQL Slammer worm propagation attempts, indicating exploitation of a public-facing SQL Server. Candidate mapping requiring validation."
2005,22,PROTOCOL-RPC portmap kcms_server request UDP,T1046 - Network Service Discovery,llm_candidate,0.7,"Detects an RPC portmap request for the kcms_server program, which is a network service discovery activity. Candidate mapping requiring validation."
2006,18,PROTOCOL-RPC portmap kcms_server request TCP,T1046 - Network Service Discovery,llm_candidate,0.7,"Same as previous but over TCP; detects RPC portmap query for kcms_server, indicating service enumeration. Candidate mapping requiring validation."
2007,16,PROTOCOL-RPC kcms_server directory traversal attempt,T1210 - Exploitation of Remote Services,llm_candidate,0.8,"Detects a directory traversal attempt (/../) in an RPC kcms_server request, which exploits a vulnerability (CVE-2003-0027) in a remote RPC service. Candidate mapping requiring validation."
2008,9,INDICATOR-COMPROMISE CVS invalid user authentication response,T1110.001 - Password Guessing,llm_candidate,0.5,"Detects a CVS server response indicating an invalid user, which may signal password guessing or credential stuffing attempts against the CVS pserver. Candidate mapping requiring validation."
2009,7,INDICATOR-COMPROMISE CVS invalid repository response,T1110.001 - Password Guessing,llm_candidate,0.4,"Detects a CVS server response for an invalid repository, potentially indicating reconnaissance or brute-force activity against CVS repositories. Candidate mapping requiring validation."
2010,12,INDICATOR-COMPROMISE CVS double free exploit attempt response,T1190 - Exploit Public-Facing Application,llm_candidate,0.7,"Detects a CVS server response indicative of a double-free exploit attempt (CVE-2003-0015), which targets a public-facing CVS pserver. Candidate mapping requiring validation."
2016,13,PROTOCOL-RPC portmap status request TCP,T1046 - Network Service Discovery,llm_candidate,0.7,"Detects an RPC portmap status request, which is a network service discovery operation. Candidate mapping requiring validation."
2017,20,PROTOCOL-RPC portmap espd request UDP,T1210 - Exploitation of Remote Services,llm_candidate,0.8,"Detects an RPC portmap request for the espd program, which is associated with a known buffer overflow vulnerability (CVE-2001-0331) in a remote RPC service. Candidate mapping requiring validation."
2018,9,PROTOCOL-RPC mountd TCP dump request,T1018 - Remote System Discovery,llm_candidate,0.7,"Detects an RPC mountd dump request, which reveals exported filesystems and constitutes remote system discovery. Candidate mapping requiring validation."
2019,11,PROTOCOL-RPC mountd UDP dump request,T1018 - Remote System Discovery,llm_candidate,0.7,Same as previous but over UDP; mountd dump request enables discovery of remote NFS exports. Candidate mapping requiring validation.
2024,13,PROTOCOL-RPC RQUOTA getquota overflow attempt TCP,T1210 - Exploitation of Remote Services,llm_candidate,0.8,"Detects an RPC RQUOTA getquota request with an overflow attempt (CVE-1999-0974), exploiting a remote RPC service. Candidate mapping requiring validation."
2025,17,PROTOCOL-RPC yppasswd username overflow attempt UDP,T1210 - Exploitation of Remote Services,llm_candidate,0.8,"Detects an RPC yppasswd username overflow attempt (CVE-2001-0779), exploiting a remote RPC service. Candidate mapping requiring validation."
2026,15,PROTOCOL-RPC yppasswd username overflow attempt TCP,T1210 - Exploitation of Remote Services,llm_candidate,0.8,Same as previous but over TCP; exploits a remote yppasswd service via buffer overflow. Candidate mapping requiring validation.
2027,13,PROTOCOL-RPC yppasswd old password overflow attempt UDP,T1056 - Input Capture,improved_heuristic_candidate,0.68,Credential or input capture indicator matched in msg context. Candidate mapping requiring validation.
2028,11,PROTOCOL-RPC yppasswd old password overflow attempt TCP,T1056 - Input Capture,improved_heuristic_candidate,0.68,Credential or input capture indicator matched in msg context. Candidate mapping requiring validation.
2029,13,PROTOCOL-RPC yppasswd new password overflow attempt UDP,T1056 - Input Capture,improved_heuristic_candidate,0.68,Credential or input capture indicator matched in msg context. Candidate mapping requiring validation.
2030,12,PROTOCOL-RPC yppasswd new password overflow attempt TCP,T1056 - Input Capture,improved_heuristic_candidate,0.68,Credential or input capture indicator matched in msg context. Candidate mapping requiring validation.
2031,14,PROTOCOL-RPC yppasswd user update UDP,T1210 - Exploitation of Remote Services,llm_candidate,0.6,"Detects yppasswd user update RPC calls; the same signature is used for overflow attempts, suggesting possible exploitation of the remote service. Candidate mapping requiring validation."
2032,11,PROTOCOL-RPC yppasswd user update TCP,T1210 - Exploitation of Remote Services,llm_candidate,0.6,Detects yppasswd user update RPC calls over TCP; the signature matches known overflow exploits against the service. Candidate mapping requiring validation.
2033,16,PROTOCOL-RPC ypserv maplist request UDP,T1046 - Network Service Discovery,llm_candidate,0.7,"Detects a ypserv maplist request, which enumerates available NIS maps, constituting network service discovery. Candidate mapping requiring validation."
2034,13,PROTOCOL-RPC ypserv maplist request TCP,T1046 - Network Service Discovery,llm_candidate,0.7,"Detects a ypserv maplist request over TCP, indicating network service discovery via NIS. Candidate mapping requiring validation."
2035,14,PROTOCOL-RPC portmap network-status-monitor request UDP,T1046 - Network Service Discovery,llm_candidate,0.7,"Detects a portmap request for the network-status-monitor service, which is a form of network service discovery. Candidate mapping requiring validation."
2036,12,PROTOCOL-RPC portmap network-status-monitor request TCP,T1046 - Network Service Discovery,llm_candidate,0.7,"Detects a portmap request for the network-status-monitor service over TCP, indicating network service discovery. Candidate mapping requiring validation."
2037,12,PROTOCOL-RPC network-status-monitor mon-callback request UDP,T1210 - Exploitation of Remote Services,llm_candidate,0.7,"Detects a mon-callback request to the network-status-monitor (rpc.statd), a procedure often targeted in format string exploits against the remote service. Candidate mapping requiring validation."
2038,10,PROTOCOL-RPC network-status-monitor mon-callback request TCP,T1210 - Exploitation of Remote Services,llm_candidate,0.7,"Detects a mon-callback request to rpc.statd over TCP, a vector for remote service exploitation. Candidate mapping requiring validation."
2039,12,SERVER-OTHER bootp hostname format string attempt,T1210 - Exploitation of Remote Services,llm_candidate,0.9,"Detects a format string attack attempt against the BOOTP service via a malicious hostname field, directly exploiting a remote service vulnerability. Candidate mapping requiring validation."
2040,9,POLICY-OTHER xtacacs login attempt,T1110.001 - Password Guessing,llm_candidate,0.6,"Detects an XTACACS login attempt, which may indicate password guessing or brute-force authentication attempts. Candidate mapping requiring validation."
2042,9,POLICY-OTHER xtacacs accepted login response,T1078 - Valid Accounts,llm_candidate,0.5,"Detects an accepted XTACACS login response, indicating successful use of valid accounts for remote authentication. Candidate mapping requiring validation."
2045,21,PROTOCOL-RPC snmpXdmi overflow attempt UDP,T1210 - Exploitation of Remote Services,llm_candidate,0.9,"Detects a buffer overflow attempt in the snmpXdmi RPC service, a clear exploitation of a remote service vulnerability. Candidate mapping requiring validation."
2046,14,PROTOCOL-IMAP partial body.peek buffer overflow attempt,T1210 - Exploitation of Remote Services,llm_candidate,0.9,"Detects a buffer overflow attempt in the IMAP service via a malicious PARTIAL BODY.PEEK command, exploiting a remote service. Candidate mapping requiring validation."
2047,5,SERVER-OTHER rsyncd module list access,T1046 - Network Service Discovery,llm_candidate,0.7,"Detects an rsync module list request, which enumerates available rsync shares, constituting network service discovery. Candidate mapping requiring validation."
2049,9,SQL ping attempt,T1046 - Network Service Discovery,llm_candidate,0.7,"Detects a SQL ping probe, used to discover SQL server instances on the network. Candidate mapping requiring validation."
2050,19,SERVER-MSSQL version overflow attempt,T1210 - Exploitation of Remote Services,llm_candidate,0.9,"Detects a buffer overflow attempt against Microsoft SQL Server via a malformed version packet, exploiting a remote service. Candidate mapping requiring validation."
2051,11,SERVER-WEBAPP cached_feed.cgi moreover shopping cart access,T1190 - Exploit Public-Facing Application,llm_candidate,0.8,"Detects access to a vulnerable CGI (cached_feed.cgi) associated with CVE-2000-0906, indicating exploitation of a public-facing web application. Candidate mapping requiring validation."
2052,13,SERVER-WEBAPP overflow.cgi access,T1190 - Exploit Public-Facing Application,llm_candidate,0.8,"Detects access to overflow.cgi, a known vulnerable script (CVE-2002-1361), indicating web application exploitation. Candidate mapping requiring validation."
2053,16,SERVER-WEBAPP Bugtraq process_bug.cgi access,T1190 - Exploit Public-Facing Application,llm_candidate,0.8,"Detects access to Bugtraq's process_bug.cgi, which is linked to CVE-2002-0008, suggesting exploitation of a public-facing web application. Candidate mapping requiring validation."
2054,16,SERVER-WEBAPP Bugtraq enter_bug.cgi arbitrary command attempt,T1190 - Exploit Public-Facing Application,llm_candidate,0.9,"Detects a command injection attempt via enter_bug.cgi (semicolon in 'who=' parameter), a clear exploitation of a web application vulnerability. Candidate mapping requiring validation."
2055,15,SERVER-WEBAPP Bugtraq enter_bug.cgi access,T1190 - Exploit Public-Facing Application,llm_candidate,0.7,"Detects access to Bugtraq's enter_bug.cgi, a component with known vulnerabilities, indicating potential web application exploitation. Candidate mapping requiring validation."
2056,12,SERVER-WEBAPP TRACE attempt,T1595.002 - Vulnerability Scanning,llm_candidate,0.8,"Detects HTTP TRACE method requests, commonly used for web application reconnaissance and vulnerability scanning to identify server configuration and debug endpoints. Candidate mapping requiring validation."
2057,12,SERVER-WEBAPP helpout.exe access,T1190 - Exploit Public-Facing Application,llm_candidate,0.7,"Detects access to helpout.exe, a known vulnerable CGI script (CVE-2002-1169); access may indicate exploitation attempts against a public-facing web application. Candidate mapping requiring validation."
2058,8,SERVER-WEBAPP MsmMask.exe attempt,T1190 - Exploit Public-Facing Application,llm_candidate,0.85,"Detects requests to MsmMask.exe with the 'mask=' parameter, a signature of the Microsoft Content Management Server exploit (CVE-2002-0539), indicating active exploitation. Candidate mapping requiring validation."
2059,8,SERVER-WEBAPP MsmMask.exe access,T1595.002 - Vulnerability Scanning,llm_candidate,0.75,"Detects access to MsmMask.exe without exploit payloads, suggesting vulnerability scanning or reconnaissance for the known MsmMask vulnerability. Candidate mapping requiring validation."
2060,8,SERVER-WEBAPP DB4Web access,T1595.002 - Vulnerability Scanning,llm_candidate,0.7,"Detects access to the DB4Web database web interface, which is often targeted during vulnerability scanning for misconfigured or exploitable database front-ends. Candidate mapping requiring validation."
2061,13,SERVER-APACHE Apache Tomcat null byte directory listing attempt,T1190 - Exploit Public-Facing Application,llm_candidate,0.9,"Detects null byte injection in .jsp requests (CVE-2003-0042), a classic directory traversal exploit against Apache Tomcat, indicating active exploitation. Candidate mapping requiring validation."
2062,11,SERVER-WEBAPP iPlanet .perf access,T1595.002 - Vulnerability Scanning,llm_candidate,0.7,"Detects access to the iPlanet .perf performance endpoint, which can leak server information; typically seen during vulnerability scanning. Candidate mapping requiring validation."
2063,13,SERVER-WEBAPP Demarc SQL injection attempt,T1190 - Exploit Public-Facing Application,improved_heuristic_candidate,0.62,Web-facing exploit indicator matched in msg context. Candidate mapping requiring validation.
2068,9,SERVER-WEBAPP BitKeeper arbitrary command attempt,T1190 - Exploit Public-Facing Application,llm_candidate,0.9,"Detects command injection via shell metacharacters (;) in BitKeeper diffs requests, indicating active exploitation of a remote code execution vulnerability. Candidate mapping requiring validation."
2069,12,SERVER-WEBAPP chip.ini access,T1190 - Exploit Public-Facing Application,llm_candidate,0.8,"Detects access to chip.ini, a configuration file exposed via path traversal vulnerabilities (CVE-2001-0749, CVE-2001-0771), suggesting exploitation for information disclosure. Candidate mapping requiring validation."
2070,9,SERVER-WEBAPP post32.exe arbitrary command attempt,T1190 - Exploit Public-Facing Application,llm_candidate,0.9,"Detects pipe character injection in post32.exe requests, a signature of command injection exploitation against the Post32 CGI vulnerability. Candidate mapping requiring validation."
2071,8,SERVER-WEBAPP post32.exe access,T1595.002 - Vulnerability Scanning,llm_candidate,0.75,"Detects access to post32.exe without exploit payloads, indicative of vulnerability scanning for the known Post32 CGI vulnerability. Candidate mapping requiring validation."
2072,10,SERVER-WEBAPP lyris.pl access,T1595.002 - Vulnerability Scanning,llm_candidate,0.7,"Detects access to lyris.pl, a known vulnerable Lyris List Manager script (CVE-2000-0758); access alone suggests scanning activity. Candidate mapping requiring validation."
2073,10,SERVER-WEBAPP globals.pl access,T1595.002 - Vulnerability Scanning,llm_candidate,0.7,"Detects access to globals.pl, a vulnerable script (CVE-2001-0330); the rule triggers on access, typical of vulnerability scanning. Candidate mapping requiring validation."
2074,10,SERVER-WEBAPP Mambo uploadimage.php upload php file attempt,T1041 - Exfiltration Over C2 Channel,improved_heuristic_candidate,0.58,"Exfiltration indicator matched in msg, content context. Candidate mapping requiring validation."
2075,10,SERVER-WEBAPP Mambo upload.php upload php file attempt,T1041 - Exfiltration Over C2 Channel,improved_heuristic_candidate,0.58,"Exfiltration indicator matched in msg, content context. Candidate mapping requiring validation."
2076,11,SERVER-WEBAPP Mambo uploadimage.php access,T1041 - Exfiltration Over C2 Channel,improved_heuristic_candidate,0.58,"Exfiltration indicator matched in msg, content context. Candidate mapping requiring validation."
2077,11,SERVER-WEBAPP Mambo upload.php access,T1041 - Exfiltration Over C2 Channel,improved_heuristic_candidate,0.58,"Exfiltration indicator matched in msg, content context. Candidate mapping requiring validation."
2078,11,SERVER-WEBAPP phpBB privmsg.php access,T1595.002 - Vulnerability Scanning,llm_candidate,0.7,"Detects access to phpBB privmsg.php (CVE-2003-1530), a known vulnerable component; access suggests reconnaissance or scanning. Candidate mapping requiring validation."
2079,15,PROTOCOL-RPC portmap nlockmgr request UDP,T1595.002 - Vulnerability Scanning,llm_candidate,0.8,Detects RPC portmap nlockmgr requests (CVE-2000-0508) over UDP; the rule decodes the protocol and is typically triggered by scanning for vulnerable RPC services. Candidate mapping requiring validation.
2080,13,PROTOCOL-RPC portmap nlockmgr request TCP,T1595.002 - Vulnerability Scanning,llm_candidate,0.8,Same as previous but over TCP; detects RPC portmap nlockmgr requests used in vulnerability scanning for rpc.statd flaws. Candidate mapping requiring validation.
2081,17,PROTOCOL-RPC portmap rpc.xfsmd request UDP,T1190 - Exploit Public-Facing Application,llm_candidate,0.85,"Detects RPC portmap requests for rpc.xfsmd (CVE-2002-0359) over UDP, a specific request pattern associated with the xfsmd buffer overflow exploit. Candidate mapping requiring validation."
2082,15,PROTOCOL-RPC portmap rpc.xfsmd request TCP,T1190 - Exploit Public-Facing Application,llm_candidate,0.85,"TCP version of the rpc.xfsmd request detection, indicating exploitation attempts against the xfsmd vulnerability. Candidate mapping requiring validation."
2083,15,PROTOCOL-RPC rpc.xfsmd xfs_export attempt UDP,T1190 - Exploit Public-Facing Application,llm_candidate,0.9,"Detects the xfs_export procedure call within rpc.xfsmd (CVE-2002-0359) over UDP, a direct exploit attempt for the buffer overflow. Candidate mapping requiring validation."
2084,13,PROTOCOL-RPC rpc.xfsmd xfs_export attempt TCP,T1190 - Exploit Public-Facing Application,llm_candidate,0.9,"TCP counterpart of the xfs_export exploit attempt, indicating active exploitation of the rpc.xfsmd vulnerability. Candidate mapping requiring validation."
2085,17,SERVER-WEBAPP parse_xml.cgi access,T1190 - Exploit Public-Facing Application,llm_candidate,0.85,"Rule detects access to parse_xml.cgi, which is associated with multiple CVEs (2003-0050, 2003-0051, 2003-0052, 2003-0053, 2003-0423) indicating exploitation of a public-facing web application. Candidate mapping requiring validation."
2086,14,SERVER-WEBAPP streaming server parse_xml.cgi access,T1190 - Exploit Public-Facing Application,llm_candidate,0.85,"Rule detects access to parse_xml.cgi on a streaming server, referencing the same CVEs as sid 2085, indicating exploitation of a public-facing web application. Candidate mapping requiring validation."
2087,14,SERVER-MAIL From comment overflow attempt,T1190 - Exploit Public-Facing Application,llm_candidate,0.8,"Rule detects a buffer overflow attempt in the SMTP 'From' comment (CVE-2002-1337), which is an exploitation of a public-facing mail service. Candidate mapping requiring validation."
2088,17,PROTOCOL-RPC ypupdated arbitrary command attempt UDP,T1210 - Exploitation of Remote Services,llm_candidate,0.9,"Rule detects an arbitrary command attempt via the ypupdated RPC service (CVE-1999-0208) over UDP, which is exploitation of a remote service. Candidate mapping requiring validation."
2089,16,PROTOCOL-RPC ypupdated arbitrary command attempt TCP,T1210 - Exploitation of Remote Services,llm_candidate,0.9,"Rule detects an arbitrary command attempt via the ypupdated RPC service (CVE-1999-0208) over TCP, which is exploitation of a remote service. Candidate mapping requiring validation."
2090,22,SERVER-IIS WEBDAV exploit attempt,T1190 - Exploit Public-Facing Application,improved_heuristic_candidate,0.62,Web-facing exploit indicator matched in msg context. Candidate mapping requiring validation.
2091,16,SERVER-IIS WEBDAV nessus safe scan attempt,T1595.002 - Vulnerability Scanning,llm_candidate,0.85,"Rule detects a Nessus safe scan attempt against IIS WebDAV, which is vulnerability scanning activity. Candidate mapping requiring validation."
2092,14,PROTOCOL-RPC portmap proxy integer overflow attempt UDP,T1210 - Exploitation of Remote Services,llm_candidate,0.9,"Rule detects an integer overflow attempt in the RPC portmap proxy (CVE-2003-0028) over UDP, which is exploitation of a remote service. Candidate mapping requiring validation."
2093,13,PROTOCOL-RPC portmap proxy integer overflow attempt TCP,T1210 - Exploitation of Remote Services,llm_candidate,0.9,"Rule detects an integer overflow attempt in the RPC portmap proxy (CVE-2003-0028) over TCP, which is exploitation of a remote service. Candidate mapping requiring validation."
2094,18,PROTOCOL-RPC CMSD UDP CMSD_CREATE array buffer overflow attempt,T1210 - Exploitation of Remote Services,llm_candidate,0.9,"Rule detects a buffer overflow attempt in the CMSD_CREATE RPC procedure (CVE-2002-0391, CVE-2009-3699) over UDP, which is exploitation of a remote service. Candidate mapping requiring validation."
2095,14,PROTOCOL-RPC CMSD TCP CMSD_CREATE array buffer overflow attempt,T1210 - Exploitation of Remote Services,llm_candidate,0.9,"Rule detects a buffer overflow attempt in the CMSD_CREATE RPC procedure (CVE-2002-0391) over TCP, which is exploitation of a remote service. Candidate mapping requiring validation."
2100,13,MALWARE-BACKDOOR SubSeven 2.1 Gold server connection response,T1219 - Remote Access Tools,llm_candidate,0.7,"Rule detects a connection response from the SubSeven 2.1 Gold backdoor server, indicating the presence of a remote access tool on the network. Candidate mapping requiring validation."
2101,23,OS-WINDOWS Microsoft Windows SMB Trans Max Param/Count OS-WINDOWS attempt,T1021.002 - SMB/Windows Admin Shares,improved_heuristic_candidate,0.63,"SMB or administrative share indicator matched in msg, content context. Candidate mapping requiring validation."
2103,17,NETBIOS SMB Trans2 OPEN2 unicode maximum param count overflow attempt,T1021.002 - SMB/Windows Admin Shares,improved_heuristic_candidate,0.63,"SMB or administrative share indicator matched in msg, content context. Candidate mapping requiring validation."
2104,10,INDICATOR-COMPROMISE rexec username too long response,T1210 - Exploitation of Remote Services,llm_candidate,0.6,"Rule detects a 'username too long' response from a rexec service (CVE-2003-1097), which may indicate an attempted exploitation of a remote service. Candidate mapping requiring validation."
2105,16,PROTOCOL-IMAP authenticate literal overflow attempt,T1210 - Exploitation of Remote Services,llm_candidate,0.9,"Rule detects an IMAP AUTHENTICATE literal overflow attempt (CVE-1999-0042, CVE-2006-6424), which is exploitation of a remote service. Candidate mapping requiring validation."
2106,17,PROTOCOL-IMAP lsub overflow attempt,T1210 - Exploitation of Remote Services,llm_candidate,0.9,"Rule detects an IMAP LSUB overflow attempt (CVE-2000-0284, CVE-2005-3155), which is exploitation of a remote service. Candidate mapping requiring validation."
2107,11,PROTOCOL-IMAP create buffer overflow attempt,T1210 - Exploitation of Remote Services,llm_candidate,0.9,"Rule detects an IMAP CREATE buffer overflow attempt (CVE-2003-1470), which is exploitation of a remote service. Candidate mapping requiring validation."
2108,9,PROTOCOL-POP CAPA overflow attempt,T1210 - Exploitation of Remote Services,llm_candidate,0.8,"Rule detects a POP3 CAPA overflow attempt, which is exploitation of a remote service. Candidate mapping requiring validation."
2109,10,PROTOCOL-POP TOP overflow attempt,T1210 - Exploitation of Remote Services,llm_candidate,0.8,"Rule detects a POP3 TOP overflow attempt, which is exploitation of a remote service. Candidate mapping requiring validation."
2110,9,PROTOCOL-POP STAT overflow attempt,T1210 - Exploitation of Remote Services,llm_candidate,0.8,"Rule detects a POP3 STAT overflow attempt, which is exploitation of a remote service. Candidate mapping requiring validation."
2111,9,PROTOCOL-POP DELE overflow attempt,T1210 - Exploitation of Remote Services,llm_candidate,0.8,"Rule detects a POP3 DELE overflow attempt, which is exploitation of a remote service. Candidate mapping requiring validation."
2112,9,PROTOCOL-POP RSET overflow attempt,T1210 - Exploitation of Remote Services,llm_candidate,0.8,"Rule detects a POP3 RSET overflow attempt, which is exploitation of a remote service. Candidate mapping requiring validation."
2113,6,PROTOCOL-SERVICES rexec username overflow attempt,T1210 - Exploitation of Remote Services,llm_candidate,0.7,"Rule detects a rexec username overflow attempt, which is exploitation of a remote service. Candidate mapping requiring validation."
2114,6,PROTOCOL-SERVICES rexec password overflow attempt,T1056 - Input Capture,improved_heuristic_candidate,0.68,Credential or input capture indicator matched in msg context. Candidate mapping requiring validation.
2115,12,SERVER-WEBAPP album.pl access,T1595.002 - Vulnerability Scanning,llm_candidate,0.6,"Rule detects access to a specific vulnerable CGI script (album.pl) associated with CVE-2003-1456, indicative of vulnerability scanning against a web application. Candidate mapping requiring validation."
2116,17,SERVER-WEBAPP chipcfg.cgi access,T1595.002 - Vulnerability Scanning,llm_candidate,0.6,"Rule detects access to chipcfg.cgi, a known vulnerable component (CVE-2001-1341), consistent with vulnerability scanning activity. Candidate mapping requiring validation."
2117,18,SERVER-IIS Battleaxe Forum login.asp access,T1595.002 - Vulnerability Scanning,llm_candidate,0.6,"Rule detects access to a login page (myaccount/login.asp) of a vulnerable forum application (CVE-2003-0215), typical of vulnerability scanning or reconnaissance. Candidate mapping requiring validation."
2118,19,PROTOCOL-IMAP list overflow attempt,T1210 - Exploitation of Remote Services,llm_candidate,0.9,"Rule matches an IMAP LIST command with an oversized argument, a classic buffer overflow exploitation attempt against a remote IMAP service. Candidate mapping requiring validation."
2119,14,PROTOCOL-IMAP rename literal overflow attempt,T1210 - Exploitation of Remote Services,llm_candidate,0.9,"Rule detects an IMAP RENAME command with a literal overflow pattern, indicating an exploitation attempt against a remote IMAP service. Candidate mapping requiring validation."
2120,12,PROTOCOL-IMAP create literal buffer overflow attempt,T1210 - Exploitation of Remote Services,llm_candidate,0.9,"Rule matches an IMAP CREATE command with a literal buffer overflow pattern, indicative of exploitation of a remote IMAP service. Candidate mapping requiring validation."
2121,17,PROTOCOL-POP DELE negative argument attempt,T1210 - Exploitation of Remote Services,llm_candidate,0.9,"Rule detects a POP3 DELE command with a negative argument, a known exploitation technique against vulnerable POP3 servers. Candidate mapping requiring validation."
2122,17,PROTOCOL-POP UIDL negative argument attempt,T1210 - Exploitation of Remote Services,llm_candidate,0.9,"Rule matches a POP3 UIDL command with a negative argument, another exploitation attempt against a remote POP3 service. Candidate mapping requiring validation."
2123,12,INDICATOR-COMPROMISE Microsoft cmd.exe banner,T1059.003 - Windows Command Shell,improved_heuristic_candidate,0.74,Windows command shell indicator matched in msg context. Candidate mapping requiring validation.
2124,8,MALWARE-BACKDOOR Remote PC Access connection,T1219.002 - Remote Desktop Software,llm_candidate,0.8,"Rule matches a known byte signature of the Remote PC Access backdoor, a remote access tool that provides desktop control, aligning with Remote Desktop Software usage. Candidate mapping requiring validation."
2125,15,PROTOCOL-FTP CWD Root directory traversal attempt,T1210 - Exploitation of Remote Services,llm_candidate,0.9,"Rule detects an FTP CWD command attempting directory traversal (C:\\) to escape the root directory, an exploitation attempt against a remote FTP service. Candidate mapping requiring validation."
2126,16,OS-WINDOWS Microsoft Windows PPTP Start Control Request buffer overflow attempt,T1210 - Exploitation of Remote Services,llm_candidate,0.9,"Rule matches a PPTP Start Control Request buffer overflow pattern (CVE-2002-1214), indicating exploitation of a remote PPTP service. Candidate mapping requiring validation."
2127,13,SERVER-WEBAPP ikonboard.cgi access,T1595.002 - Vulnerability Scanning,llm_candidate,0.6,"Rule detects access to ikonboard.cgi, a vulnerable web application component, consistent with vulnerability scanning. Candidate mapping requiring validation."
2128,18,SERVER-WEBAPP swsrv.cgi access,T1595.002 - Vulnerability Scanning,llm_candidate,0.6,"Rule detects access to swsrv.cgi, a known vulnerable script (CVE-2003-0217), typical of vulnerability scanning activity. Candidate mapping requiring validation."
2129,26,SERVER-IIS nsiislog.dll access,T1190 - Exploit Public-Facing Application,llm_candidate,0.8,"Rule detects access to nsiislog.dll, which is associated with multiple IIS vulnerabilities (CVE-2003-0227, CVE-2003-0349) and is often targeted for exploitation of a public-facing web server. Candidate mapping requiring validation."
2130,17,SERVER-IIS IISProtect siteadmin.asp access,T1595.002 - Vulnerability Scanning,llm_candidate,0.6,"Rule detects access to an administrative page (SiteAdmin.asp) of IISProtect, indicative of vulnerability scanning or reconnaissance. Candidate mapping requiring validation."
2131,14,SERVER-IIS IISProtect access,T1595.002 - Vulnerability Scanning,llm_candidate,0.6,"Rule detects access to the IISProtect admin directory, consistent with vulnerability scanning for misconfigurations or known flaws. Candidate mapping requiring validation."
2132,14,SERVER-IIS Synchrologic Email Accelerator userid list access attempt,T1595.002 - Vulnerability Scanning,llm_candidate,0.6,"Rule detects access to an administrative aggregate page of Synchrologic Email Accelerator, typical of vulnerability scanning. Candidate mapping requiring validation."
2133,19,SERVER-IIS MS BizTalk server access,T1190 - Exploit Public-Facing Application,llm_candidate,0.8,"Rule detects access to biztalkhttpreceive.dll, a component with known vulnerabilities (CVE-2003-0117, CVE-2003-0118) that is exploited via public-facing web services. Candidate mapping requiring validation."
2134,14,SERVER-IIS register.asp access,T1595.002 - Vulnerability Scanning,llm_candidate,0.6,"Rule detects access to register.asp, a common page that may be probed during vulnerability scanning of web applications. Candidate mapping requiring validation."
2136,9,SERVER-WEBAPP philboard_admin.asp authentication bypass attempt,T1190 - Exploit Public-Facing Application,llm_candidate,0.8,"Rule matches a specific authentication bypass attempt (Cookie: philboard_admin=True) against a known vulnerable admin page, constituting exploitation of a public-facing web application. Candidate mapping requiring validation."
2137,9,SERVER-WEBAPP philboard_admin.asp access,T1595.002 - Vulnerability Scanning,llm_candidate,0.6,"Rule detects access to the philboard_admin.asp page without the bypass cookie, consistent with vulnerability scanning or reconnaissance. Candidate mapping requiring validation."
2139,12,SERVER-WEBAPP /*.shtml access,T1190 - Exploit Public-Facing Application,llm_candidate,0.8,"Rule detects access to *.shtml files, which is associated with a known Server Side Includes vulnerability (CVE-2000-0683) often exploited against public-facing web servers. Candidate mapping requiring validation."
2140,9,SERVER-WEBAPP p-news.php access,T1595.002 - Vulnerability Scanning,llm_candidate,0.6,"Rule detects access to a specific PHP file (p-news.php) associated with vulnerability scanning activity (Nessus reference), indicating active scanning for known vulnerabilities. Candidate mapping requiring validation."
2141,8,SERVER-WEBAPP shoutbox.php directory traversal attempt,T1190 - Exploit Public-Facing Application,improved_heuristic_candidate,0.62,Web-facing exploit indicator matched in msg context. Candidate mapping requiring validation.
2142,12,SERVER-WEBAPP shoutbox.php access,T1595.002 - Vulnerability Scanning,llm_candidate,0.6,"Rule detects access to shoutbox.php with a configuration parameter, consistent with vulnerability scanning probes for the same component flagged in the attack rule. Candidate mapping requiring validation."
2143,14,SERVER-WEBAPP b2 cafelog gm-2-b2.php remote file include attempt,T1190 - Exploit Public-Facing Application,llm_candidate,0.8,"Rule identifies remote file inclusion attempt via b2inc parameter with external protocol schemes, observing exploitation of a public-facing web application. Candidate mapping requiring validation."
2144,13,SERVER-WEBAPP b2 cafelog gm-2-b2.php access,T1595.002 - Vulnerability Scanning,llm_candidate,0.6,"Rule triggers on access to the gm-2-b2.php file without attack payloads, typical of scanner reconnaissance for the RFI vulnerability. Candidate mapping requiring validation."
2147,15,SERVER-WEBAPP BLNews objects.inc.php4 remote file include attempt,T1190 - Exploit Public-Facing Application,llm_candidate,0.8,"Rule detects remote file inclusion attempt via Server[path] parameter with external protocols, directly observing exploitation of a public-facing application. Candidate mapping requiring validation."
2148,11,SERVER-WEBAPP BLNews objects.inc.php4 access,T1595.002 - Vulnerability Scanning,llm_candidate,0.6,"Rule matches access to the vulnerable include file without malicious parameters, indicative of vulnerability scanning activity. Candidate mapping requiring validation."
2149,13,SERVER-WEBAPP Turba status.php access,T1595.002 - Vulnerability Scanning,llm_candidate,0.6,"Rule detects access to Turba status.php, a known information disclosure endpoint, consistent with active scanning for sensitive files. Candidate mapping requiring validation."
2150,20,SERVER-WEBAPP ttCMS header.php remote file include attempt,T1190 - Exploit Public-Facing Application,llm_candidate,0.8,"Rule identifies remote file inclusion attempt via admin_root parameter with external protocols, observing exploitation of a public-facing CMS. Candidate mapping requiring validation."
2151,12,SERVER-WEBAPP ttCMS header.php access,T1595.002 - Vulnerability Scanning,llm_candidate,0.6,"Rule triggers on access to the header.php template file without attack payloads, typical of scanner probes for the RFI vulnerability. Candidate mapping requiring validation."
2152,13,SERVER-WEBAPP test.php access,T1595.002 - Vulnerability Scanning,llm_candidate,0.6,"Rule detects access to test.php, a common leftover test script, often targeted by vulnerability scanners. Candidate mapping requiring validation."
2153,11,SERVER-WEBAPP autohtml.php directory traversal attempt,T1190 - Exploit Public-Facing Application,improved_heuristic_candidate,0.62,Web-facing exploit indicator matched in msg context. Candidate mapping requiring validation.
2154,8,SERVER-WEBAPP autohtml.php access,T1595.002 - Vulnerability Scanning,llm_candidate,0.6,"Rule detects access to autohtml.php without traversal sequences, consistent with scanning for the directory traversal vulnerability. Candidate mapping requiring validation."
2155,15,SERVER-WEBAPP ttforum remote file include attempt,T1190 - Exploit Public-Facing Application,llm_candidate,0.8,"Rule identifies remote file inclusion attempt via template parameter with external protocols, observing exploitation of a public-facing forum. Candidate mapping requiring validation."
2156,8,SERVER-WEBAPP mod_gzip_status access,T1595.002 - Vulnerability Scanning,llm_candidate,0.6,"Rule detects access to mod_gzip_status, an Apache module status page that can leak server information, typical of reconnaissance scanning. Candidate mapping requiring validation."
2157,14,SERVER-IIS IISProtect globaladmin.asp access,T1595.002 - Vulnerability Scanning,llm_candidate,0.6,"Rule triggers on access to IISProtect globaladmin.asp, an administrative interface often probed by vulnerability scanners. Candidate mapping requiring validation."
2158,12,SERVER-OTHER BGP invalid length,T1210 - Exploitation of Remote Services,llm_candidate,0.8,"Rule matches a malformed BGP packet (all 0xFF) associated with CVE-2002-1350, observing exploitation of a remote network service (BGP daemon). Candidate mapping requiring validation."
2159,15,SERVER-OTHER BGP invalid type 0,T1210 - Exploitation of Remote Services,llm_candidate,0.8,"Rule detects BGP packet with invalid type 0, another signature of the same BGP vulnerability exploitation against a remote service. Candidate mapping requiring validation."
2178,23,PROTOCOL-FTP USER format string attempt,T1210 - Exploitation of Remote Services,llm_candidate,0.8,"Rule identifies format string attack in FTP USER command, observing exploitation of a remote FTP service vulnerability. Candidate mapping requiring validation."
2179,16,PROTOCOL-FTP PASS format string attempt,T1210 - Exploitation of Remote Services,llm_candidate,0.8,"Rule detects format string attack in FTP PASS command, observing exploitation of a remote FTP service vulnerability. Candidate mapping requiring validation."
2183,16,SERVER-MAIL Sendmail Content-Transfer-Encoding overflow attempt,T1210 - Exploitation of Remote Services,llm_candidate,0.8,"Rule matches buffer overflow attempt in Sendmail Content-Transfer-Encoding header, observing exploitation of a remote SMTP service. Candidate mapping requiring validation."
2184,14,PROTOCOL-RPC mountd TCP mount path overflow attempt,T1210 - Exploitation of Remote Services,llm_candidate,0.8,"Rule detects RPC mountd path overflow attempt via specific byte sequences, observing exploitation of a remote RPC service. Candidate mapping requiring validation."
2190,6,NETBIOS DCERPC invalid bind attempt,T1210 - Exploitation of Remote Services,llm_candidate,0.5,"Rule identifies invalid DCERPC bind attempt, potentially exploiting a remote service vulnerability or causing denial of service; mapped to exploitation of remote services with lower confidence due to limited context. Candidate mapping requiring validation."
2191,6,NETBIOS SMB DCERPC invalid bind attempt,T1021.002 - SMB/Windows Admin Shares,improved_heuristic_candidate,0.63,"SMB or administrative share indicator matched in msg, content context. Candidate mapping requiring validation."
2194,18,SERVER-WEBAPP CSMailto.cgi access,T1190 - Exploit Public-Facing Application,llm_candidate,0.9,"Rule detects access to CSMailto.cgi, a known vulnerable CGI script (CVE-2002-0749), indicating exploitation attempt against a public-facing web application. Candidate mapping requiring validation."
2195,18,SERVER-WEBAPP alert.cgi access,T1190 - Exploit Public-Facing Application,llm_candidate,0.9,"Rule detects access to alert.cgi, a known vulnerable CGI script (CVE-2002-0346), indicating exploitation attempt against a public-facing web application. Candidate mapping requiring validation."
2196,18,SERVER-WEBAPP catgy.cgi access,T1190 - Exploit Public-Facing Application,llm_candidate,0.9,"Rule detects access to catgy.cgi, a known vulnerable CGI script (CVE-2001-1212), indicating exploitation attempt against a public-facing web application. Candidate mapping requiring validation."
2197,19,SERVER-WEBAPP cvsview2.cgi access,T1190 - Exploit Public-Facing Application,llm_candidate,0.9,"Rule detects access to cvsview2.cgi, a known vulnerable CGI script (CVE-2003-0153), indicating exploitation attempt against a public-facing web application. Candidate mapping requiring validation."
2198,18,SERVER-WEBAPP cvslog.cgi access,T1190 - Exploit Public-Facing Application,llm_candidate,0.9,"Rule detects access to cvslog.cgi, a known vulnerable CGI script (CVE-2003-0153), indicating exploitation attempt against a public-facing web application. Candidate mapping requiring validation."
2199,18,SERVER-WEBAPP multidiff.cgi access,T1190 - Exploit Public-Facing Application,llm_candidate,0.9,"Rule detects access to multidiff.cgi, a known vulnerable CGI script (CVE-2003-0153), indicating exploitation attempt against a public-facing web application. Candidate mapping requiring validation."
2200,18,SERVER-WEBAPP dnewsweb.cgi access,T1190 - Exploit Public-Facing Application,llm_candidate,0.9,"Rule detects access to dnewsweb.cgi, a known vulnerable CGI script (CVE-2000-0423), indicating exploitation attempt against a public-facing web application. Candidate mapping requiring validation."
2202,18,SERVER-WEBAPP Webmin Directory edit_action.cgi access,T1190 - Exploit Public-Facing Application,llm_candidate,0.9,"Rule detects access to edit_action.cgi, a known vulnerable CGI script (CVE-2001-1196), indicating exploitation attempt against a public-facing web application. Candidate mapping requiring validation."
2203,18,SERVER-WEBAPP Leif M. Wright everythingform.cgi access,T1190 - Exploit Public-Facing Application,llm_candidate,0.9,"Rule detects access to everythingform.cgi, a known vulnerable CGI script (CVE-2001-0023), indicating exploitation attempt against a public-facing web application. Candidate mapping requiring validation."
2204,18,SERVER-WEBAPP EasyBoard 2000 ezadmin.cgi access,T1190 - Exploit Public-Facing Application,llm_candidate,0.9,"Rule detects access to ezadmin.cgi, a known vulnerable CGI script (CVE-2002-0263), indicating exploitation attempt against a public-facing web application. Candidate mapping requiring validation."
2205,18,SERVER-WEBAPP EasyBoard 2000 ezboard.cgi access,T1190 - Exploit Public-Facing Application,llm_candidate,0.9,"Rule detects access to ezboard.cgi, a known vulnerable CGI script (CVE-2002-0263), indicating exploitation attempt against a public-facing web application. Candidate mapping requiring validation."
2206,18,SERVER-WEBAPP EasyBoard 2000 ezman.cgi access,T1190 - Exploit Public-Facing Application,llm_candidate,0.9,"Rule detects access to ezman.cgi, a known vulnerable CGI script (CVE-2002-0263), indicating exploitation attempt against a public-facing web application. Candidate mapping requiring validation."
2207,18,SERVER-WEBAPP FileSeek fileseek.cgi access,T1190 - Exploit Public-Facing Application,llm_candidate,0.9,"Rule detects access to fileseek.cgi, a known vulnerable CGI script (CVE-2002-0611), indicating exploitation attempt against a public-facing web application. Candidate mapping requiring validation."
2208,17,SERVER-WEBAPP Faq-O-Matic fom.cgi access,T1190 - Exploit Public-Facing Application,llm_candidate,0.9,"Rule detects access to fom.cgi, a known vulnerable CGI script (CVE-2002-0230), indicating exploitation attempt against a public-facing web application. Candidate mapping requiring validation."
2209,19,SERVER-WEBAPP Infonautics getdoc.cgi access,T1190 - Exploit Public-Facing Application,llm_candidate,0.9,"Rule detects access to getdoc.cgi, a known vulnerable CGI script (CVE-2000-0288), indicating exploitation attempt against a public-facing web application. Candidate mapping requiring validation."
2210,17,SERVER-WEBAPP Multiple Vendors global.cgi access,T1190 - Exploit Public-Facing Application,llm_candidate,0.9,"Rule detects access to global.cgi, a known vulnerable CGI script (CVE-2000-0952), indicating exploitation attempt against a public-facing web application. Candidate mapping requiring validation."
2211,17,SERVER-WEBAPP Lars Ellingsen guestserver.cgi access,T1190 - Exploit Public-Facing Application,llm_candidate,0.9,"Rule detects access to guestserver.cgi, a known vulnerable CGI script (CVE-2001-0180), indicating exploitation attempt against a public-facing web application. Candidate mapping requiring validation."
2212,18,SERVER-WEBAPP cgiCentral WebStore imageFolio.cgi access,T1190 - Exploit Public-Facing Application,llm_candidate,0.9,"Rule detects access to imageFolio.cgi, a known vulnerable CGI script (CVE-2002-1334), indicating exploitation attempt against a public-facing web application. Candidate mapping requiring validation."
2213,18,SERVER-WEBAPP Oatmeal Studios Mail File mailfile.cgi access,T1190 - Exploit Public-Facing Application,llm_candidate,0.9,"Rule detects access to mailfile.cgi, a known vulnerable CGI script (CVE-2000-0977), indicating exploitation attempt against a public-facing web application. Candidate mapping requiring validation."
2214,18,SERVER-WEBAPP 3R Soft MailStudio 2000 mailview.cgi access,T1190 - Exploit Public-Facing Application,llm_candidate,0.9,"Rule detects access to mailview.cgi, a known vulnerable CGI script (CVE-2000-0526), indicating exploitation attempt against a public-facing web application. Candidate mapping requiring validation."
2215,18,SERVER-WEBAPP Alabanza Control Panel nsManager.cgi access,T1190 - Exploit Public-Facing Application,llm_candidate,0.9,"Rule detects access to nsManager.cgi, a known vulnerable CGI script (CVE-2000-1023), indicating exploitation attempt against a public-facing web application. Candidate mapping requiring validation."
2216,18,SERVER-WEBAPP Ipswitch IMail readmail.cgi access,T1190 - Exploit Public-Facing Application,llm_candidate,0.9,"Rule detects access to readmail.cgi, a known vulnerable CGI script (CVE-2001-1283), indicating exploitation attempt against a public-facing web application. Candidate mapping requiring validation."
2217,18,SERVER-WEBAPP Ipswitch IMail printmail.cgi access,T1190 - Exploit Public-Facing Application,llm_candidate,0.9,"Rule detects access to printmail.cgi, a known vulnerable CGI script (CVE-2001-1283), indicating exploitation attempt against a public-facing web application. Candidate mapping requiring validation."
2218,18,SERVER-WEBAPP Oracle Cobalt RaQ service.cgi access,T1190 - Exploit Public-Facing Application,llm_candidate,0.9,"Rule detects access to service.cgi, a known vulnerable CGI script (CVE-2002-0346), indicating exploitation attempt against a public-facing web application. Candidate mapping requiring validation."
2219,18,SERVER-WEBAPP Trend Micro Interscan VirusWall setpasswd.cgi access,T1595.002 - Vulnerability Scanning,llm_candidate,0.65,"Rule detects access to a known vulnerable CGI script (setpasswd.cgi) associated with Trend Micro Interscan VirusWall, indicative of vulnerability scanning or reconnaissance against web applications. Candidate mapping requiring validation."
2220,18,SERVER-WEBAPP Leif M. Wright simplestmail.cgi access,T1595.002 - Vulnerability Scanning,llm_candidate,0.65,"Rule detects access to simplestmail.cgi, a known vulnerable mail CGI script, consistent with vulnerability scanning activity against web applications. Candidate mapping requiring validation."
2221,18,SERVER-WEBAPP cgiCentral WebStore ws_mail.cgi access,T1595.002 - Vulnerability Scanning,llm_candidate,0.65,"Rule detects access to ws_mail.cgi from cgiCentral WebStore, a historically vulnerable component, suggesting vulnerability scanning behavior. Candidate mapping requiring validation."
2222,20,SERVER-WEBAPP Infinity CGI exploit scanner nph-exploitscanget.cgi access,T1190 - Exploit Public-Facing Application,improved_heuristic_candidate,0.62,"Web-facing exploit indicator matched in msg, content context. Candidate mapping requiring validation."
2223,18,SERVER-WEBAPP CGIScript.net csNews.cgi access,T1595.002 - Vulnerability Scanning,llm_candidate,0.65,"Rule detects access to csNews.cgi, a vulnerable news script, consistent with web application vulnerability scanning. Candidate mapping requiring validation."
2224,13,SERVER-WEBAPP Psunami Bulletin Board psunami.cgi access,T1595.002 - Vulnerability Scanning,llm_candidate,0.65,"Rule detects access to psunami.cgi, a bulletin board CGI with known vulnerabilities, indicative of scanning for vulnerable web applications. Candidate mapping requiring validation."
2225,15,SERVER-WEBAPP Linksys BEFSR41 gozila.cgi access,T1595.002 - Vulnerability Scanning,llm_candidate,0.65,"Rule detects access to gozila.cgi on Linksys BEFSR41 devices, a known vulnerable endpoint, suggesting vulnerability scanning. Candidate mapping requiring validation."
2226,19,SERVER-WEBAPP pmachine remote file include attempt,T1190 - Exploit Public-Facing Application,llm_candidate,0.8,"Rule detects a remote file inclusion (RFI) attempt via the pm_path parameter with a PCRE matching protocol handlers (http, ftp, php), which is an active exploitation attempt against a public-facing web application. Candidate mapping requiring validation."
2227,9,SERVER-WEBAPP forum_details.php access,T1190 - Exploit Public-Facing Application,llm_candidate,0.7,"Rule classified as web-application-attack targeting forum_details.php, suggesting an exploitation attempt against a known vulnerable forum component. Candidate mapping requiring validation."
2228,16,SERVER-WEBAPP phpMyAdmin db_details_importdocsql.php access,T1190 - Exploit Public-Facing Application,llm_candidate,0.7,"Rule classified as web-application-attack targeting phpMyAdmin's db_details_importdocsql.php, indicating an exploitation attempt against a public-facing database administration interface. Candidate mapping requiring validation."
2229,15,SERVER-WEBAPP viewtopic.php access,T1190 - Exploit Public-Facing Application,llm_candidate,0.7,"Rule classified as web-application-attack targeting viewtopic.php with a 'days=' parameter, consistent with exploitation of known forum vulnerabilities. Candidate mapping requiring validation."
2231,13,SERVER-WEBAPP register.dll access,T1595.002 - Vulnerability Scanning,llm_candidate,0.65,"Rule detects access to register.dll, a known vulnerable ISAPI extension, indicative of vulnerability scanning against web servers. Candidate mapping requiring validation."
2232,13,SERVER-WEBAPP ContentFilter.dll access,T1595.002 - Vulnerability Scanning,llm_candidate,0.65,"Rule detects access to ContentFilter.dll, a vulnerable ISAPI component, suggesting vulnerability scanning activity. Candidate mapping requiring validation."
2233,13,SERVER-WEBAPP SFNofitication.dll access,T1595.002 - Vulnerability Scanning,llm_candidate,0.65,"Rule detects access to SFNofitication.dll, a known vulnerable ISAPI extension, consistent with web application vulnerability scanning. Candidate mapping requiring validation."
2234,13,SERVER-WEBAPP TOP10.dll access,T1595.002 - Vulnerability Scanning,llm_candidate,0.65,"Rule detects access to TOP10.dll, a vulnerable ISAPI component, indicative of scanning for known vulnerable web server extensions. Candidate mapping requiring validation."
2235,13,SERVER-WEBAPP SpamExcp.dll access,T1595.002 - Vulnerability Scanning,llm_candidate,0.65,"Rule detects access to SpamExcp.dll, a known vulnerable ISAPI extension, suggesting vulnerability reconnaissance. Candidate mapping requiring validation."
2236,13,SERVER-WEBAPP spamrule.dll access,T1595.002 - Vulnerability Scanning,llm_candidate,0.65,"Rule detects access to spamrule.dll, a vulnerable ISAPI component, consistent with vulnerability scanning against web servers. Candidate mapping requiring validation."
2237,13,SERVER-WEBAPP cgiWebupdate.exe access,T1595.002 - Vulnerability Scanning,llm_candidate,0.65,"Rule detects access to cgiWebupdate.exe, a known vulnerable executable, indicative of vulnerability scanning activity. Candidate mapping requiring validation."
2238,13,SERVER-WEBAPP WebLogic ConsoleHelp view source attempt,T1190 - Exploit Public-Facing Application,llm_candidate,0.75,"Rule classified as web-application-attack detecting a WebLogic ConsoleHelp view source attempt (.jsp), which is an exploitation attempt to disclose source code of a public-facing application. Candidate mapping requiring validation."
2239,12,SERVER-WEBAPP redirect.exe access,T1595.002 - Vulnerability Scanning,llm_candidate,0.65,"Rule detects access to redirect.exe, a known vulnerable executable, suggesting vulnerability scanning against web servers. Candidate mapping requiring validation."
2240,12,SERVER-WEBAPP changepw.exe access,T1595.002 - Vulnerability Scanning,llm_candidate,0.65,"Rule detects access to changepw.exe, a password change executable with known vulnerabilities, indicative of vulnerability scanning. Candidate mapping requiring validation."
2241,13,SERVER-WEBAPP cwmail.exe access,T1595.002 - Vulnerability Scanning,llm_candidate,0.65,"Rule detects access to cwmail.exe, a vulnerable web mail executable, consistent with vulnerability scanning activity. Candidate mapping requiring validation."
2242,12,SERVER-WEBAPP ddicgi.exe access,T1595.002 - Vulnerability Scanning,llm_candidate,0.65,"Rule detects access to ddicgi.exe, a known vulnerable CGI executable, suggesting vulnerability reconnaissance. Candidate mapping requiring validation."
2243,13,SERVER-WEBAPP ndcgi.exe access,T1595.002 - Vulnerability Scanning,llm_candidate,0.65,"Rule detects access to ndcgi.exe, a vulnerable CGI component, indicative of web application vulnerability scanning. Candidate mapping requiring validation."
2244,12,SERVER-WEBAPP VsSetCookie.exe access,T1595.002 - Vulnerability Scanning,llm_candidate,0.65,"Rule detects access to VsSetCookie.exe, a known vulnerable executable, consistent with vulnerability scanning against web servers. Candidate mapping requiring validation."
2245,13,SERVER-WEBAPP Webnews.exe access,T1190 - Exploit Public-Facing Application,llm_candidate,0.7,"Rule detects HTTP requests to /Webnews.exe, a known vulnerable component (CVE-2002-0290). Access to this executable is indicative of exploitation attempts against a public-facing web application. Candidate mapping requiring validation."
2246,14,SERVER-WEBAPP webadmin.dll access,T1190 - Exploit Public-Facing Application,llm_candidate,0.7,"Rule detects HTTP requests to /webadmin.dll, associated with CVE-2003-0471. This suggests exploitation attempts against a vulnerable web application component. Candidate mapping requiring validation."
2247,16,SERVER-IIS UploadScript11.asp access,T1041 - Exfiltration Over C2 Channel,improved_heuristic_candidate,0.58,"Exfiltration indicator matched in msg, content context. Candidate mapping requiring validation."
2248,15,SERVER-IIS DirectoryListing.asp access,T1190 - Exploit Public-Facing Application,llm_candidate,0.7,"Rule detects access to /DirectoryListing.asp, also linked to CVE-2001-0938. Requests to this script indicate attempts to exploit a directory traversal or information disclosure vulnerability in IIS. Candidate mapping requiring validation."
2249,15,SERVER-IIS /pcadmin/login.asp access,T1190 - Exploit Public-Facing Application,llm_candidate,0.5,"Rule detects access to /pcadmin/login.asp (Bugtraq 8103). While this may be a vulnerable login page, the rule only matches the URL path without exploit payloads, making attribution to exploitation less certain. Candidate mapping requiring validation."
2250,12,PROTOCOL-POP USER format string attempt,T1190 - Exploit Public-Facing Application,llm_candidate,0.9,"Rule uses a PCRE to detect format string specifiers (%n, %s, etc.) in the POP3 USER command, a clear indicator of an active format string exploitation attempt against a public-facing mail service (CVE-2003-0391). Candidate mapping requiring validation."
2252,22,OS-WINDOWS Microsoft Windows SMB-DS DCERPC Remote Activation bind attempt,T1021.002 - SMB/Windows Admin Shares,improved_heuristic_candidate,0.63,"SMB or administrative share indicator matched in msg, content context. Candidate mapping requiring validation."
2253,20,SERVER-MAIL XEXCH50 overflow attempt,T1190 - Exploit Public-Facing Application,llm_candidate,0.9,"Rule detects the XEXCH50 command with a negative length argument, a signature of the Exchange 2000 buffer overflow (CVE-2003-0714, MS03-046). This exploits a public-facing SMTP service. Candidate mapping requiring validation."
2255,13,PROTOCOL-RPC sadmind query with root credentials attempt TCP,T1056 - Input Capture,improved_heuristic_candidate,0.68,Credential or input capture indicator matched in msg context. Candidate mapping requiring validation.
2256,12,PROTOCOL-RPC sadmind query with root credentials attempt UDP,T1056 - Input Capture,improved_heuristic_candidate,0.68,Credential or input capture indicator matched in msg context. Candidate mapping requiring validation.
2257,16,OS-WINDOWS DCERPC Messenger Service buffer overflow attempt,T1210 - Exploitation of Remote Services,llm_candidate,0.9,"Rule detects a DCERPC packet pattern associated with the Messenger Service buffer overflow (CVE-2003-0717, MS03-043), a remote service exploitation. Candidate mapping requiring validation."
2258,17,OS-WINDOWS Microsoft Windows SMB-DS DCERPC Messenger Service buffer overflow attempt,T1021.002 - SMB/Windows Admin Shares,improved_heuristic_candidate,0.63,"SMB or administrative share indicator matched in msg, content context. Candidate mapping requiring validation."
2259,17,SERVER-MAIL EXPN overflow attempt,T1190 - Exploit Public-Facing Application,llm_candidate,0.9,"Rule detects an overly long EXPN SMTP command (CVE-2002-1337, CVE-2003-0161), a buffer overflow exploitation against a public-facing mail server. Candidate mapping requiring validation."
2260,17,SERVER-MAIL VRFY overflow attempt,T1190 - Exploit Public-Facing Application,llm_candidate,0.9,"Rule detects an overly long VRFY SMTP command (same CVEs), another buffer overflow exploitation against a public-facing mail server. Candidate mapping requiring validation."
2261,16,SERVER-MAIL Sendmail SEND FROM prescan too many addresses overflow,T1190 - Exploit Public-Facing Application,llm_candidate,0.9,"Rule matches a Sendmail SEND FROM command with excessive nested addresses (prescan overflow, CVE-2002-1337), exploiting a public-facing SMTP service. Candidate mapping requiring validation."
2262,16,SERVER-MAIL Sendmail SEND FROM prescan too long addresses overflow,T1190 - Exploit Public-Facing Application,llm_candidate,0.9,"Rule detects a Sendmail SEND FROM command with excessively long address strings (CVE-2003-0161), a buffer overflow exploitation against a public-facing mail server. Candidate mapping requiring validation."
2263,16,SERVER-MAIL Sendmail SAML FROM prescan too many addresses overflow,T1190 - Exploit Public-Facing Application,llm_candidate,0.9,"Rule matches a Sendmail SAML FROM command with excessive nested addresses (CVE-2002-1337), exploiting a public-facing SMTP service. Candidate mapping requiring validation."
2264,16,SERVER-MAIL Sendmail SAML FROM prescan too long addresses overflow,T1190 - Exploit Public-Facing Application,llm_candidate,0.9,"Rule detects a Sendmail SAML FROM command with excessively long address strings (CVE-2003-0161), a buffer overflow exploitation against a public-facing mail server. Candidate mapping requiring validation."
2265,14,SERVER-MAIL Sendmail SOML FROM prescan too many addresses overflow,T1190 - Exploit Public-Facing Application,llm_candidate,0.9,"Rule matches a Sendmail SOML FROM command with excessive nested addresses (CVE-2002-1337), exploiting a public-facing SMTP service. Candidate mapping requiring validation."
2266,16,SERVER-MAIL Sendmail SOML FROM prescan too long addresses overflow,T1190 - Exploit Public-Facing Application,llm_candidate,0.9,"Rule detects a Sendmail SOML FROM command with excessively long address strings (CVE-2003-0161), a buffer overflow exploitation against a public-facing mail server. Candidate mapping requiring validation."
2267,15,SERVER-MAIL Sendmail MAIL FROM prescan too many addresses overflow,T1190 - Exploit Public-Facing Application,llm_candidate,0.9,"Rule matches a Sendmail MAIL FROM command with excessive nested addresses (CVE-2002-1337), exploiting a public-facing SMTP service. Candidate mapping requiring validation."
2268,16,SERVER-MAIL Sendmail MAIL FROM prescan too long addresses overflow,T1190 - Exploit Public-Facing Application,llm_candidate,0.9,"Rule detects a Sendmail MAIL FROM command with excessively long address strings (CVE-2003-0161), a buffer overflow exploitation against a public-facing mail server. Candidate mapping requiring validation."
2269,15,SERVER-MAIL Sendmail RCPT TO prescan too many addresses overflow,T1190 - Exploit Public-Facing Application,llm_candidate,0.9,"Rule matches a Sendmail RCPT TO command with excessive nested addresses (CVE-2002-1337), exploiting a public-facing SMTP service. Candidate mapping requiring validation."
2270,18,SERVER-MAIL Sendmail RCPT TO prescan too long addresses overflow,T1190 - Exploit Public-Facing Application,llm_candidate,0.9,"Rule detects a Sendmail RCPT TO command with excessively long address strings (CVE-2003-0161, CVE-2003-0694), a buffer overflow exploitation against a public-facing mail server. Candidate mapping requiring validation."
2271,7,MALWARE-BACKDOOR FsSniffer connection attempt,T1056 - Input Capture,improved_heuristic_candidate,0.68,Credential or input capture indicator matched in content context. Candidate mapping requiring validation.
2272,13,PROTOCOL-FTP LIST integer overflow attempt,T1210 - Exploitation of Remote Services,llm_candidate,0.8,"The rule detects an FTP LIST command crafted to trigger an integer overflow, which is an exploitation attempt against a remote FTP service. Candidate mapping requiring validation."
2278,36,SERVER-WEBAPP HTTP request with negative Content-Length attempt,T1190 - Exploit Public-Facing Application,llm_candidate,0.9,"The rule detects an HTTP request with a negative Content-Length header, a clear exploitation attempt against a public-facing web application. Candidate mapping requiring validation."
2284,13,SERVER-WEBAPP rolis guestbook remote file include attempt,T1190 - Exploit Public-Facing Application,llm_candidate,0.8,"The rule matches a remote file inclusion attempt (path= parameter) against a known vulnerable guestbook component, indicating exploitation of a public-facing web application. Candidate mapping requiring validation."
2293,17,SERVER-WEBAPP Advanced Poll admin_password.php access,T1056 - Input Capture,improved_heuristic_candidate,0.68,"Credential or input capture indicator matched in msg, content context. Candidate mapping requiring validation."
2300,17,SERVER-WEBAPP Advanced Poll admin_tpl_new.php access,T1590.002 - DNS,llm_candidate,0.6,"Rule detects access to a known vulnerable PHP file (admin_tpl_new.php) associated with multiple CVEs, indicative of vulnerability scanning for Advanced Poll weaknesses. Candidate mapping requiring validation."
2301,17,SERVER-WEBAPP Advanced Poll booth.php access,T1590.002 - DNS,llm_candidate,0.6,"Rule detects access to a known vulnerable PHP file (booth.php) associated with multiple CVEs, indicative of vulnerability scanning for Advanced Poll weaknesses. Candidate mapping requiring validation."
2302,17,SERVER-WEBAPP Advanced Poll poll_ssi.php access,T1590.002 - DNS,llm_candidate,0.6,"Rule detects access to a known vulnerable PHP file (poll_ssi.php) associated with multiple CVEs, indicative of vulnerability scanning for Advanced Poll weaknesses. Candidate mapping requiring validation."
2303,16,SERVER-WEBAPP Advanced Poll popup.php access,T1190 - Exploit Public-Facing Application,llm_candidate,0.7,"Rule detects access to popup.php with include_path parameter, a known vector for remote file inclusion exploits in Advanced Poll (CVE-2003-1178 etc.). Candidate mapping requiring validation."
2304,15,SERVER-WEBAPP files.inc.php access,T1590.002 - DNS,llm_candidate,0.6,"Access to files.inc.php linked to CVE-2003-1153, likely vulnerability scanning for a file inclusion flaw. Candidate mapping requiring validation."
2305,15,SERVER-WEBAPP chatbox.php access,T1590.002 - DNS,llm_candidate,0.6,"Access to chatbox.php linked to CVE-2003-1191, likely vulnerability scanning for a web application flaw. Candidate mapping requiring validation."
2306,14,SERVER-WEBAPP gallery remote file include attempt,T1190 - Exploit Public-Facing Application,llm_candidate,0.9,"Explicitly detects remote file include attempt via GALLERY_BASEDIR parameter with URL schemes, matching CVE-2003-1227 exploitation. Candidate mapping requiring validation."
2307,15,SERVER-WEBAPP PayPal Storefront remote file include attempt,T1190 - Exploit Public-Facing Application,llm_candidate,0.9,"Detects RFI attempt via page parameter with URL schemes in PayPal Storefront, indicating exploitation attempt. Candidate mapping requiring validation."
2317,10,INDICATOR-COMPROMISE CVS non-relative path error response,T1190 - Exploit Public-Facing Application,llm_candidate,0.7,"Detects CVS server error response revealing internal paths after a non-relative path traversal attempt (CVE-2003-0977), indicating successful or attempted exploitation. Candidate mapping requiring validation."
2318,8,SERVER-OTHER CVS non-relative path access attempt,T1190 - Exploit Public-Facing Application,llm_candidate,0.8,Detects client-side CVS non-relative path access attempt (directory traversal) matching CVE-2003-0977 exploitation. Candidate mapping requiring validation.
2319,7,SERVER-OTHER ebola PASS overflow attempt,T1210 - Exploitation of Remote Services,llm_candidate,0.8,"Detects buffer overflow attempt in PASS command of ebola service (long string >49 chars), indicative of remote service exploitation. Candidate mapping requiring validation."
2320,7,SERVER-OTHER ebola USER overflow attempt,T1210 - Exploitation of Remote Services,llm_candidate,0.8,"Detects buffer overflow attempt in USER command of ebola service, indicative of remote service exploitation. Candidate mapping requiring validation."
2321,13,SERVER-IIS foxweb.exe access,T1190 - Exploit Public-Facing Application,llm_candidate,0.7,"Rule detects HTTP access to foxweb.exe, a known vulnerable component in FoxWeb (referenced by Nessus 11939), indicative of exploitation attempts against a public-facing web application. Candidate mapping requiring validation."
2322,13,SERVER-IIS foxweb.dll access,T1190 - Exploit Public-Facing Application,llm_candidate,0.7,"Rule detects HTTP access to foxweb.dll, a known vulnerable component in FoxWeb, indicative of exploitation attempts against a public-facing web application. Candidate mapping requiring validation."
2323,14,SERVER-WEBAPP iSoft-Solutions QuickStore shopping cart quickstore.cgi access,T1190 - Exploit Public-Facing Application,llm_candidate,0.7,"Rule detects HTTP access to quickstore.cgi, a vulnerable shopping cart script (Bugtraq 9282), indicative of exploitation attempts against a public-facing web application. Candidate mapping requiring validation."
2324,14,SERVER-IIS VP-ASP shopsearch.asp access,T1190 - Exploit Public-Facing Application,llm_candidate,0.7,"Rule detects HTTP access to shopsearch.asp, a vulnerable component in VP-ASP (Bugtraq 9133, 9134), indicative of exploitation attempts against a public-facing web application. Candidate mapping requiring validation."
2325,14,SERVER-IIS VP-ASP ShopDisplayProducts.asp access,T1190 - Exploit Public-Facing Application,llm_candidate,0.7,"Rule detects HTTP access to ShopDisplayProducts.asp, a vulnerable component in VP-ASP, indicative of exploitation attempts against a public-facing web application. Candidate mapping requiring validation."
2326,15,SERVER-IIS sgdynamo.exe access,T1190 - Exploit Public-Facing Application,llm_candidate,0.8,"Rule detects HTTP access to sgdynamo.exe, a vulnerable executable in Spectra (CVE-2002-0375), indicative of exploitation attempts against a public-facing web application. Candidate mapping requiring validation."
2327,10,SERVER-WEBAPP bsml.pl access,T1190 - Exploit Public-Facing Application,llm_candidate,0.7,"Rule detects HTTP access to bsml.pl, a vulnerable Perl script (Bugtraq 9311), indicative of exploitation attempts against a public-facing web application. Candidate mapping requiring validation."
2328,15,SERVER-WEBAPP authentication_index.php access,T1190 - Exploit Public-Facing Application,llm_candidate,0.8,"Rule detects HTTP access to authentication_index.php, a vulnerable PHP script (CVE-2004-0032), indicative of exploitation attempts against a public-facing web application. Candidate mapping requiring validation."
2329,15,SERVER-MSSQL probe response overflow attempt,T1190 - Exploit Public-Facing Application,llm_candidate,0.9,"Rule detects a buffer overflow attempt in the MSSQL probe response (UDP 1434) matching exploit patterns for CVE-2003-0903, indicative of exploitation of a public-facing database service. Candidate mapping requiring validation."
2330,11,PROTOCOL-IMAP auth overflow attempt,T1190 - Exploit Public-Facing Application,llm_candidate,0.9,"Rule detects an IMAP AUTH command buffer overflow attempt (CVE-2003-1177), indicative of exploitation of a public-facing email service. Candidate mapping requiring validation."
2331,17,SERVER-WEBAPP MatrikzGB privilege escalation attempt,T1068 - Exploitation for Privilege Escalation,llm_candidate,0.8,"Rule detects a web request parameter 'new_rights=admin' used in a known privilege escalation exploit for MatrikzGB, indicative of exploitation for privilege escalation. Candidate mapping requiring validation."
2332,10,PROTOCOL-FTP MKD format string attempt,T1190 - Exploit Public-Facing Application,llm_candidate,0.9,"Rule detects a format string exploit attempt in the FTP MKD command (Bugtraq 9262), indicative of exploitation of a public-facing FTP service. Candidate mapping requiring validation."
2333,9,PROTOCOL-FTP RENAME format string attempt,T1190 - Exploit Public-Facing Application,llm_candidate,0.9,"Rule detects a format string exploit attempt in the FTP RENAME command (Bugtraq 9262), indicative of exploitation of a public-facing FTP service. Candidate mapping requiring validation."
2335,10,PROTOCOL-FTP RMD / attempt,T1210 - Exploitation of Remote Services,llm_candidate,0.85,"Detects FTP RMD command targeting root directory, an exploitation attempt against a remote FTP service that could lead to denial of service or unauthorized filesystem modification. Candidate mapping requiring validation."
2337,23,PROTOCOL-TFTP PUT filename overflow attempt,T1210 - Exploitation of Remote Services,llm_candidate,0.9,"Detects TFTP PUT filename buffer overflow attempts, a direct exploitation of a remote TFTP service vulnerability. Candidate mapping requiring validation."
2338,35,PROTOCOL-FTP LIST buffer overflow attempt,T1210 - Exploitation of Remote Services,llm_candidate,0.9,Detects FTP LIST command with excessively long argument indicative of buffer overflow exploitation against the FTP service. Candidate mapping requiring validation.
2339,9,PROTOCOL-TFTP NULL command attempt,T1498.001 - Direct Network Flood,llm_candidate,0.8,Detects TFTP NULL command (opcode 0) which is a known denial-of-service vector against TFTP servers. Candidate mapping requiring validation.
2340,15,PROTOCOL-FTP SITE CHMOD overflow attempt,T1210 - Exploitation of Remote Services,llm_candidate,0.9,"Detects FTP SITE CHMOD command with oversized argument, a buffer overflow exploit targeting the FTP service. Candidate mapping requiring validation."
2341,13,SERVER-WEBAPP DCP-Portal remote file include editor script attempt,T1190 - Exploit Public-Facing Application,llm_candidate,0.9,"Detects remote file inclusion attempt against DCP-Portal editor.php, exploiting a public-facing web application. Candidate mapping requiring validation."
2342,13,SERVER-WEBAPP DCP-Portal remote file include lib script attempt,T1190 - Exploit Public-Facing Application,llm_candidate,0.9,"Detects remote file inclusion attempt against DCP-Portal lib.php, exploiting a public-facing web application. Candidate mapping requiring validation."
2343,14,PROTOCOL-FTP STOR overflow attempt,T1210 - Exploitation of Remote Services,llm_candidate,0.9,"Detects FTP STOR command with overflow payload, an exploitation attempt against the FTP service. Candidate mapping requiring validation."
2344,12,PROTOCOL-FTP XCWD overflow attempt,T1210 - Exploitation of Remote Services,llm_candidate,0.9,Detects FTP XCWD command with long argument indicative of buffer overflow exploitation. Candidate mapping requiring validation.
2345,14,SERVER-WEBAPP PhpGedView search.php access,T1190 - Exploit Public-Facing Application,llm_candidate,0.85,"Detects access to PhpGedView search.php with parameters associated with CVE-2004-0032 exploit, targeting a public-facing web application. Candidate mapping requiring validation."
2346,14,SERVER-WEBAPP myPHPNuke chatheader.php access,T1190 - Exploit Public-Facing Application,llm_candidate,0.8,"Detects access to myPHPNuke chatheader.php, a component with known vulnerabilities that could be exploited via public-facing web application. Candidate mapping requiring validation."
2347,14,SERVER-WEBAPP myPHPNuke partner.php access,T1190 - Exploit Public-Facing Application,llm_candidate,0.8,"Detects access to myPHPNuke partner.php, a component with known vulnerabilities exploitable via public-facing web application. Candidate mapping requiring validation."
2353,11,SERVER-WEBAPP IdeaBox cord.php file include,T1190 - Exploit Public-Facing Application,llm_candidate,0.9,"Detects file inclusion attempt (cord.php) via IdeaBox index.php, exploiting a public-facing web application. Candidate mapping requiring validation."
2354,11,SERVER-WEBAPP IdeaBox notification.php file include,T1190 - Exploit Public-Facing Application,llm_candidate,0.9,"Detects file inclusion attempt (notification.php) via IdeaBox index.php, exploiting a public-facing web application. Candidate mapping requiring validation."
2355,13,SERVER-WEBAPP Invision Board emailer.php file include,T1190 - Exploit Public-Facing Application,llm_candidate,0.9,"Detects file inclusion attempt (emailer.php) via Invision Board ad_member.php, exploiting a public-facing web application. Candidate mapping requiring validation."
2356,12,SERVER-WEBAPP WebChat db_mysql.php file include,T1190 - Exploit Public-Facing Application,llm_candidate,0.9,"Detects file inclusion attempt (db_mysql.php) via WebChat defines.php, exploiting a public-facing web application. Candidate mapping requiring validation."
2357,12,SERVER-WEBAPP WebChat english.php file include,T1190 - Exploit Public-Facing Application,llm_candidate,0.9,"Detects file inclusion attempt (english.php) via WebChat defines.php, exploiting a public-facing web application. Candidate mapping requiring validation."
2358,13,SERVER-WEBAPP Typo3 translations.php file include,T1190 - Exploit Public-Facing Application,llm_candidate,0.9,"Detects file inclusion attempt via Typo3 translations.php with ONLY= parameter, exploiting a public-facing web application. Candidate mapping requiring validation."
2359,12,SERVER-WEBAPP Invision Board ipchat.php file include,T1190 - Exploit Public-Facing Application,llm_candidate,0.9,"Detects file inclusion attempt (conf_global.php) via Invision Board ipchat.php, exploiting a public-facing web application. Candidate mapping requiring validation."
2360,11,SERVER-WEBAPP myphpPagetool pt_config.inc file include,T1190 - Exploit Public-Facing Application,llm_candidate,0.9,"Detects file inclusion attempt (pt_config.inc) via myphpPagetool, exploiting a public-facing web application. Candidate mapping requiring validation."
2361,13,SERVER-WEBAPP news.php file include,T1190 - Exploit Public-Facing Application,llm_candidate,0.9,"Detects file inclusion attempt via news.php template parameter, exploiting a public-facing web application. Candidate mapping requiring validation."
2362,12,SERVER-WEBAPP YaBB SE packages.php file include,T1190 - Exploit Public-Facing Application,llm_candidate,0.9,"Detects file inclusion attempt (packer.php) via YaBB SE packages.php, exploiting a public-facing web application. Candidate mapping requiring validation."
2363,14,SERVER-WEBAPP Cyboards default_header.php access,T1190 - Exploit Public-Facing Application,llm_candidate,0.75,"Detects access to Cyboards default_header.php, a component with known vulnerabilities in a public-facing web application. Candidate mapping requiring validation."
2364,14,SERVER-WEBAPP Cyboards options_form.php access,T1190 - Exploit Public-Facing Application,llm_candidate,0.75,"Detects access to Cyboards options_form.php, a component with known vulnerabilities in a public-facing web application. Candidate mapping requiring validation."
2365,12,SERVER-WEBAPP newsPHP Language file include attempt,T1190 - Exploit Public-Facing Application,llm_candidate,0.9,"Detects language file inclusion attempt via newsPHP nphpd.php, exploiting a public-facing web application. Candidate mapping requiring validation."
2366,12,SERVER-WEBAPP PhpGedView PGV authentication_index.php base directory manipulation attempt,T1190 - Exploit Public-Facing Application,llm_candidate,0.9,"Rule detects HTTP requests attempting to exploit a PHP file inclusion vulnerability (CVE-2004-0030) in PhpGedView by manipulating the PGV_BASE_DIRECTORY parameter, which is direct exploitation of a public-facing web application. Candidate mapping requiring validation."
2367,12,SERVER-WEBAPP PhpGedView PGV functions.php base directory manipulation attempt,T1190 - Exploit Public-Facing Application,llm_candidate,0.9,"Rule detects HTTP requests targeting functions.php in PhpGedView with the same PGV_BASE_DIRECTORY manipulation attempt (CVE-2004-0030), indicating exploitation of a public-facing web application. Candidate mapping requiring validation."
2368,12,SERVER-WEBAPP PhpGedView PGV config_gedcom.php base directory manipulation attempt,T1190 - Exploit Public-Facing Application,llm_candidate,0.9,"Rule detects HTTP requests targeting config_gedcom.php in PhpGedView with PGV_BASE_DIRECTORY manipulation (CVE-2004-0030), consistent with exploitation of a public-facing web application. Candidate mapping requiring validation."
2369,10,SERVER-WEBAPP ISAPISkeleton.dll access,T1190 - Exploit Public-Facing Application,llm_candidate,0.8,"Rule detects access to ISAPISkeleton.dll (CVE-2004-2128), a sample/debug ISAPI extension in IIS that can be exploited to execute code, representing exploitation of a public-facing web server. Candidate mapping requiring validation."
2370,11,SERVER-WEBAPP BugPort config.conf file access,T1190 - Exploit Public-Facing Application,llm_candidate,0.8,"Rule detects HTTP requests for config.conf in BugPort (CVE-2004-2353), which exposes sensitive configuration data; this is an exploitation of a public-facing web application to retrieve files. Candidate mapping requiring validation."
2371,10,SERVER-WEBAPP Sample_showcode.html access,T1190 - Exploit Public-Facing Application,llm_candidate,0.7,"Rule detects access to Sample_showcode.html with fname parameter (CVE-2004-2170), a sample script that can disclose source code; this is exploitation of a public-facing web application for information disclosure. Candidate mapping requiring validation."
2372,15,SERVER-WEBAPP Photopost PHP Pro showphoto.php access,T1190 - Exploit Public-Facing Application,llm_candidate,0.7,"Rule detects access to showphoto.php in Photopost PHP Pro (CVE-2004-0239, CVE-2004-0250), which has known vulnerabilities allowing arbitrary file access or SQL injection, indicating exploitation of a public-facing web application. Candidate mapping requiring validation."
2373,13,PROTOCOL-FTP XMKD overflow attempt,T1210 - Exploitation of Remote Services,llm_candidate,0.9,"Rule detects FTP XMKD command with overly long argument (CVE-2000-0133, CVE-2001-1021), a buffer overflow in the FTP service, which is exploitation of a remote service. Candidate mapping requiring validation."
2374,19,PROTOCOL-FTP NLST overflow attempt,T1210 - Exploitation of Remote Services,llm_candidate,0.9,"Rule detects FTP NLST command with overly long argument (multiple CVEs), a buffer overflow in the FTP service, representing exploitation of a remote service. Candidate mapping requiring validation."
2375,9,MALWARE-CNC DoomJuice/mydoom.a backdoor upload/execute,T1041 - Exfiltration Over C2 Channel,improved_heuristic_candidate,0.58,Exfiltration indicator matched in msg context. Candidate mapping requiring validation.
2376,9,SERVER-OTHER ISAKMP first payload certificate request length overflow attempt,T1105 - Ingress Tool Transfer,improved_heuristic_candidate,0.64,Tool transfer indicator matched in msg context. Candidate mapping requiring validation.
2377,9,SERVER-OTHER ISAKMP second payload certificate request length overflow attempt,T1105 - Ingress Tool Transfer,improved_heuristic_candidate,0.64,Tool transfer indicator matched in msg context. Candidate mapping requiring validation.
2378,10,SERVER-OTHER ISAKMP third payload certificate request length overflow attempt,T1105 - Ingress Tool Transfer,improved_heuristic_candidate,0.64,Tool transfer indicator matched in msg context. Candidate mapping requiring validation.
2379,10,SERVER-OTHER ISAKMP forth payload certificate request length overflow attempt,T1105 - Ingress Tool Transfer,improved_heuristic_candidate,0.64,Tool transfer indicator matched in msg context. Candidate mapping requiring validation.
2380,10,SERVER-OTHER ISAKMP fifth payload certificate request length overflow attempt,T1105 - Ingress Tool Transfer,improved_heuristic_candidate,0.64,Tool transfer indicator matched in msg context. Candidate mapping requiring validation.
2386,23,SERVER-IIS NTLM ASN1 vulnerability scan attempt,T1595.002 - Vulnerability Scanning,llm_candidate,0.9,"Rule detects HTTP requests with specific NTLM ASN.1 headers used to scan for the IIS NTLM ASN.1 vulnerability (MS04-007), which is active vulnerability scanning. Candidate mapping requiring validation."
2388,17,SERVER-WEBAPP Apple QuickTime streaming server view_broadcast.cgi access,T1190 - Exploit Public-Facing Application,llm_candidate,0.8,"Rule detects access to view_broadcast.cgi in Apple QuickTime Streaming Server (CVE-2003-0422), a known vulnerability allowing arbitrary file access, indicating exploitation of a public-facing web application. Candidate mapping requiring validation."
2389,21,PROTOCOL-FTP RNTO overflow attempt,T1210 - Exploitation of Remote Services,llm_candidate,0.9,"Rule detects FTP RNTO command with overly long argument (multiple CVEs), a buffer overflow in the FTP service, representing exploitation of a remote service. Candidate mapping requiring validation."
2390,12,PROTOCOL-FTP STOU overflow attempt,T1210 - Exploitation of Remote Services,llm_candidate,0.9,"Rule detects FTP STOU command with overly long argument (CVE-2003-0466), a buffer overflow in the FTP service, exploitation of a remote service. Candidate mapping requiring validation."
2391,17,PROTOCOL-FTP APPE overflow attempt,T1210 - Exploitation of Remote Services,llm_candidate,0.9,"Rule detects FTP APPE command with overly long argument (multiple CVEs), a buffer overflow in the FTP service, exploitation of a remote service. Candidate mapping requiring validation."
2392,22,PROTOCOL-FTP RETR overflow attempt,T1210 - Exploitation of Remote Services,llm_candidate,0.9,"Rule detects FTP RETR command with overly long argument (multiple CVEs), a buffer overflow in the FTP service, exploitation of a remote service. Candidate mapping requiring validation."
2393,14,SERVER-WEBAPP /_admin access,T1190 - Exploit Public-Facing Application,llm_candidate,0.7,"Rule detects HTTP requests for /_admin/ path (CVE-2007-1156), which is an administrative interface that may be exploited or used for reconnaissance; classified as exploitation of a public-facing web application. Candidate mapping requiring validation."
2394,8,SERVER-WEBAPP Compaq web-based management agent denial of service attempt,T1498.001 - Direct Network Flood,llm_candidate,0.7,"Rule detects a denial-of-service attempt against Compaq web-based management agent by sending malformed data (""<!"" and """" pattern), which is a direct network flood targeting a service. Candidate mapping requiring validation."
2395,11,SERVER-WEBAPP InteractiveQuery.jsp access,T1190 - Exploit Public-Facing Application,llm_candidate,0.8,"Rule detects access to InteractiveQuery.jsp (CVE-2003-0624), a vulnerable JSP script that can execute arbitrary SQL, indicating exploitation of a public-facing web application. Candidate mapping requiring validation."
2396,16,SERVER-WEBAPP CCBill whereami.cgi arbitrary command execution attempt,T1190 - Exploit Public-Facing Application,llm_candidate,0.9,"Rule detects HTTP requests to whereami.cgi with g= parameter attempting arbitrary command execution (CVE-2003-0624), which is direct exploitation of a public-facing web application. Candidate mapping requiring validation."
2397,16,SERVER-WEBAPP CCBill whereami.cgi access,T1595.002 - Vulnerability Scanning,llm_candidate,0.6,Rule detects access to a specific CGI script (whereami.cgi) associated with a known vulnerability; this behavior is consistent with vulnerability scanning of web applications. Candidate mapping requiring validation.
2398,9,SERVER-WEBAPP WAnewsletter newsletter.php file include attempt,T1190 - Exploit Public-Facing Application,llm_candidate,0.9,"Rule matches a file include attempt (newsletter.php, waroot, start.php) in WAnewsletter, indicating an active exploitation attempt against a public-facing web application. Candidate mapping requiring validation."
2399,13,SERVER-WEBAPP WAnewsletter db_type.php access,T1595.002 - Vulnerability Scanning,llm_candidate,0.6,Rule detects access to a specific PHP file (db_type.php) linked to a known vulnerability; likely part of vulnerability scanning activity. Candidate mapping requiring validation.
2400,10,SERVER-WEBAPP edittag.pl access,T1595.002 - Vulnerability Scanning,llm_candidate,0.6,"Rule triggers on access to edittag.pl, a script with a known command execution vulnerability (CVE-2003-1351); consistent with vulnerability scanning. Candidate mapping requiring validation."
2401,13,NETBIOS SMB Session Setup andx username overflow attempt,T1021.002 - SMB/Windows Admin Shares,improved_heuristic_candidate,0.63,"SMB or administrative share indicator matched in msg, content context. Candidate mapping requiring validation."
2402,10,NETBIOS SMB-DS Session Setup andx username overflow attempt,T1021.002 - SMB/Windows Admin Shares,improved_heuristic_candidate,0.63,"SMB or administrative share indicator matched in msg, content context. Candidate mapping requiring validation."
2403,14,NETBIOS SMB Session Setup unicode username overflow attempt,T1021.002 - SMB/Windows Admin Shares,improved_heuristic_candidate,0.63,"SMB or administrative share indicator matched in msg, content context. Candidate mapping requiring validation."
2404,11,NETBIOS SMB-DS Session Setup unicode andx username overflow attempt,T1021.002 - SMB/Windows Admin Shares,improved_heuristic_candidate,0.63,"SMB or administrative share indicator matched in msg, content context. Candidate mapping requiring validation."
2405,14,SERVER-WEBAPP phptest.php access,T1595.002 - Vulnerability Scanning,llm_candidate,0.6,"Access to phptest.php, a script with a known vulnerability (CVE-2004-2374); indicative of vulnerability scanning. Candidate mapping requiring validation."
2407,10,SERVER-WEBAPP util.pl access,T1595.002 - Vulnerability Scanning,llm_candidate,0.6,"Access to util.pl, associated with a vulnerability (CVE-2004-2379); likely vulnerability scanning. Candidate mapping requiring validation."
2408,9,SERVER-WEBAPP Invision Power Board search.pl access,T1595.002 - Vulnerability Scanning,llm_candidate,0.6,"Access to search.pl with parameter 'st=' in Invision Power Board, linked to SQL injection (CVE-2004-0338); consistent with vulnerability scanning. Candidate mapping requiring validation."
2409,11,PROTOCOL-POP APOP USER overflow attempt,T1210 - Exploitation of Remote Services,llm_candidate,0.9,"Rule detects an APOP USER buffer overflow attempt in POP3 (CVE-2004-2375), which is exploitation of a remote service. Candidate mapping requiring validation."
2410,14,SERVER-WEBAPP IGeneric Free Shopping Cart page.php access,T1595.002 - Vulnerability Scanning,llm_candidate,0.6,"Access to page.php in IGeneric Free Shopping Cart, referenced in a vulnerability advisory; likely vulnerability scanning. Candidate mapping requiring validation."
2411,16,SERVER-WEBAPP RealNetworks RealSystem Server DESCRIBE buffer overflow attempt,T1190 - Exploit Public-Facing Application,llm_candidate,0.9,"Rule matches a long DESCRIBE command with directory traversal in RealNetworks RealSystem Server, indicating an active buffer overflow exploit attempt against a public-facing application. Candidate mapping requiring validation."
2413,16,SERVER-OTHER ISAKMP delete hash with empty hash attempt,T1210 - Exploitation of Remote Services,llm_candidate,0.9,"ISAKMP delete hash with empty hash attempt (CVE-2004-0164) targets the IKE service, an exploitation of a remote service. Candidate mapping requiring validation."
2414,16,SERVER-OTHER ISAKMP initial contact notification without SPI attempt,T1210 - Exploitation of Remote Services,llm_candidate,0.9,ISAKMP initial contact notification without SPI (CVE-2004-0164) exploits a remote VPN service. Candidate mapping requiring validation.
2415,16,SERVER-OTHER ISAKMP second payload initial contact notification without SPI attempt,T1105 - Ingress Tool Transfer,improved_heuristic_candidate,0.64,Tool transfer indicator matched in msg context. Candidate mapping requiring validation.
2416,13,PROTOCOL-FTP invalid MDTM command attempt,T1210 - Exploitation of Remote Services,llm_candidate,0.9,"Invalid MDTM command format string attempt in FTP (CVE-2001-1021, CVE-2004-0330) exploits a remote FTP service. Candidate mapping requiring validation."
2417,17,PROTOCOL-FTP format string attempt,T1210 - Exploitation of Remote Services,llm_candidate,0.9,"FTP format string attempt (multiple CVEs) targets the FTP service, an exploitation of a remote service. Candidate mapping requiring validation."
2424,13,PROTOCOL-NNTP sendsys overflow attempt,T1210 - Exploitation of Remote Services,llm_candidate,0.9,NNTP sendsys command buffer overflow (CVE-2004-0045) exploits a remote NNTP service. Candidate mapping requiring validation.
2425,13,PROTOCOL-NNTP senduuname overflow attempt,T1210 - Exploitation of Remote Services,llm_candidate,0.9,NNTP senduuname command buffer overflow (CVE-2004-0045) exploits a remote NNTP service. Candidate mapping requiring validation.
2426,13,PROTOCOL-NNTP version overflow attempt,T1210 - Exploitation of Remote Services,llm_candidate,0.9,NNTP version command buffer overflow (CVE-2004-0045) exploits a remote NNTP service. Candidate mapping requiring validation.
2427,13,PROTOCOL-NNTP checkgroups overflow attempt,T1210 - Exploitation of Remote Services,llm_candidate,0.9,NNTP checkgroups command buffer overflow (CVE-2004-0045) exploits a remote NNTP service. Candidate mapping requiring validation.
2428,13,PROTOCOL-NNTP ihave overflow attempt,T1210 - Exploitation of Remote Services,llm_candidate,0.9,NNTP ihave command buffer overflow (CVE-2004-0045) exploits a remote NNTP service. Candidate mapping requiring validation.
2429,13,PROTOCOL-NNTP sendme overflow attempt,T1190 - Exploit Public-Facing Application,llm_candidate,0.8,"Detects a buffer overflow attempt in the NNTP 'sendme' command, which is an exploitation of a public-facing network service. Candidate mapping requiring validation."
2430,15,PROTOCOL-NNTP newgroup overflow attempt,T1190 - Exploit Public-Facing Application,llm_candidate,0.8,"Detects a buffer overflow attempt in the NNTP 'newgroup' command, indicating exploitation of a public-facing NNTP service. Candidate mapping requiring validation."
2431,15,PROTOCOL-NNTP rmgroup overflow attempt,T1190 - Exploit Public-Facing Application,llm_candidate,0.8,"Detects a buffer overflow attempt in the NNTP 'rmgroup' command, consistent with exploitation of a public-facing application. Candidate mapping requiring validation."
2432,10,PROTOCOL-NNTP article post without path attempt,T1190 - Exploit Public-Facing Application,llm_candidate,0.6,"Detects an NNTP article post missing the required Path header, which may indicate an attempt to exploit the NNTP service via protocol violation. Candidate mapping requiring validation."
2433,13,SERVER-WEBAPP MDaemon form2raw.cgi overflow attempt,T1190 - Exploit Public-Facing Application,llm_candidate,0.9,"Detects a buffer overflow attempt against the MDaemon form2raw.cgi web application, a clear exploitation of a public-facing web application. Candidate mapping requiring validation."
2438,24,FILE-MULTIMEDIA RealNetworks RealPlayer playlist file URL overflow attempt,T1204.002 - Malicious File,llm_candidate,0.7,"Detects an overly long file:// URL in a RealPlayer playlist file, which exploits a client-side vulnerability when the user opens the malicious file. Candidate mapping requiring validation."
2439,24,FILE-MULTIMEDIA RealNetworks RealPlayer playlist http URL overflow attempt,T1204.002 - Malicious File,llm_candidate,0.7,"Detects an overly long http:// URL in a RealPlayer playlist file, indicating a malicious file designed to exploit the client application. Candidate mapping requiring validation."
2440,24,FILE-MULTIMEDIA RealNetworks RealPlayer playlist rtsp URL overflow attempt,T1204.002 - Malicious File,llm_candidate,0.7,"Detects an overly long rtsp:// URL in a RealPlayer playlist file, consistent with a malicious file exploiting a client-side vulnerability. Candidate mapping requiring validation."
2441,14,SERVER-WEBAPP NetObserve authentication bypass attempt,T1190 - Exploit Public-Facing Application,llm_candidate,0.8,"Detects an authentication bypass attempt (login=0) against the NetObserve web application, which is an exploitation of a public-facing application. Candidate mapping requiring validation."
2446,16,SERVER-OTHER ICQ SRV_MULTI/SRV_META_USER overflow attempt - ISS Witty Worm,T1210 - Exploitation of Remote Services,llm_candidate,0.9,"Detects the ICQ SRV_MULTI/SRV_META_USER overflow used by the Witty Worm, which exploits a remote service vulnerability. Candidate mapping requiring validation."
2449,12,PROTOCOL-FTP ALLO overflow attempt,T1190 - Exploit Public-Facing Application,llm_candidate,0.8,"Detects a buffer overflow attempt in the FTP ALLO command, exploiting a public-facing FTP service. Candidate mapping requiring validation."
2462,10,SERVER-OTHER Ethereal IGMP IGAP account overflow attempt,T1203 - Exploitation for Client Execution,llm_candidate,0.7,"Rule detects exploitation attempt against Ethereal IGMP dissector via malicious network packets, indicating client-side exploitation. Candidate mapping requiring validation."
2463,10,SERVER-OTHER Ethereal IGMP IGAP message overflow attempt,T1203 - Exploitation for Client Execution,llm_candidate,0.7,"Rule detects exploitation attempt against Ethereal IGMP dissector via malicious network packets, indicating client-side exploitation. Candidate mapping requiring validation."
2464,10,SERVER-OTHER Ethereal EIGRP prefix length overflow attempt,T1203 - Exploitation for Client Execution,llm_candidate,0.7,"Rule detects exploitation attempt against Ethereal EIGRP dissector via malicious network packets, indicating client-side exploitation. Candidate mapping requiring validation."
2474,10,NETBIOS SMB-DS ADMIN$ share access,T1021.002 - SMB/Windows Admin Shares,improved_heuristic_candidate,0.63,"SMB or administrative share indicator matched in msg, content context. Candidate mapping requiring validation."
2484,9,SERVER-WEBAPP source.jsp access,T1590.002 - DNS,llm_candidate,0.6,"Rule detects access to a specific JSP file often targeted by vulnerability scanners, indicating web application vulnerability scanning. Candidate mapping requiring validation."
2485,19,BROWSER-PLUGINS Symantec Norton Internet Security 2004 ActiveX clsid access,T1189 - Drive-by Compromise,llm_candidate,0.7,Rule detects network traffic containing a malicious ActiveX CLSID used in drive-by compromise attacks via web browsers. Candidate mapping requiring validation.
2486,14,SERVER-OTHER ISAKMP invalid identification payload attempt,T1105 - Ingress Tool Transfer,improved_heuristic_candidate,0.64,Tool transfer indicator matched in msg context. Candidate mapping requiring validation.
2487,17,SERVER-MAIL WinZip MIME content-type buffer overflow,T1203 - Exploitation for Client Execution,llm_candidate,0.7,"Rule detects buffer overflow exploit in WinZip MIME parsing delivered via email, representing client-side exploitation. Candidate mapping requiring validation."
2488,18,SERVER-MAIL WinZip MIME content-disposition buffer overflow,T1203 - Exploitation for Client Execution,llm_candidate,0.7,"Rule detects buffer overflow exploit in WinZip MIME content-disposition parsing delivered via email, representing client-side exploitation. Candidate mapping requiring validation."
2489,9,SERVER-OTHER esignal STREAMQUOTE buffer overflow attempt,T1190 - Exploit Public-Facing Application,llm_candidate,0.7,"Rule detects buffer overflow attempt against esignal STREAMQUOTE service, exploiting a public-facing application. Candidate mapping requiring validation."
2490,7,SERVER-OTHER esignal SNAPQUOTE buffer overflow attempt,T1190 - Exploit Public-Facing Application,llm_candidate,0.7,"Rule detects buffer overflow attempt against esignal SNAPQUOTE service, exploiting a public-facing application. Candidate mapping requiring validation."
2508,24,OS-WINDOWS DCERPC NCACN-IP-TCP lsass DsRolerUpgradeDownlevelServer overflow attempt,T1210 - Exploitation of Remote Services,llm_candidate,0.95,"Rule detects the MS04-011 LSASS DsRolerUpgradeDownlevelServer overflow over DCERPC/TCP, a classic remote service exploitation. Candidate mapping requiring validation."
2511,22,OS-WINDOWS DCERPC NCADG-IP-UDP lsass DsRolerUpgradeDownlevelServer overflow attempt,T1210 - Exploitation of Remote Services,llm_candidate,0.95,"Rule detects the MS04-011 LSASS overflow over DCERPC/UDP, a remote service exploitation attempt. Candidate mapping requiring validation."
2523,15,SERVER-OTHER BGP spoofed connection reset attempt,T1498 - Network Denial of Service,llm_candidate,0.8,"Rule detects spoofed BGP connection reset packets used to disrupt routing, a network denial-of-service technique. Candidate mapping requiring validation."
2545,7,SERVER-OTHER AFP FPLoginExt username buffer overflow attempt,T1210 - Exploitation of Remote Services,llm_candidate,0.8,"Rule detects buffer overflow in AFP FPLoginExt username field, exploiting a remote file service. Candidate mapping requiring validation."
2546,14,PROTOCOL-FTP MDTM overflow attempt,T1210 - Exploitation of Remote Services,llm_candidate,0.8,"Rule detects FTP MDTM command buffer overflow, exploiting a remote FTP service. Candidate mapping requiring validation."
2547,11,SERVER-OTHER HP Web JetAdmin remote file upload attempt,T1041 - Exfiltration Over C2 Channel,improved_heuristic_candidate,0.58,"Exfiltration indicator matched in msg, content context. Candidate mapping requiring validation."
2548,10,SERVER-OTHER HP Web JetAdmin setinfo access attempt,T1190 - Exploit Public-Facing Application,llm_candidate,0.6,"Rule detects access to a vulnerable HP Web JetAdmin setinfo script, likely exploiting a public-facing web application. Candidate mapping requiring validation."
2549,7,SERVER-OTHER HP Web JetAdmin file write attempt,T1190 - Exploit Public-Facing Application,llm_candidate,0.7,"Rule detects file write attempt via HP Web JetAdmin script, exploiting a public-facing web application. Candidate mapping requiring validation."
2550,10,FILE-OTHER Nullsoft Winamp XM file buffer overflow attempt,T1203 - Exploitation for Client Execution,llm_candidate,0.8,"Rule detects malicious XM file targeting Winamp buffer overflow, a client-side exploitation via file transfer. Candidate mapping requiring validation."
2551,8,SERVER-OTHER Oracle Web Cache GET overflow attempt,T1190 - Exploit Public-Facing Application,llm_candidate,0.8,"Rule detects overly long HTTP GET request targeting Oracle Web Cache buffer overflow, exploiting a public-facing web application. Candidate mapping requiring validation."
2552,8,SERVER-OTHER Oracle Web Cache HEAD overflow attempt,T1190 - Exploit Public-Facing Application,llm_candidate,0.8,"Rule detects overly long HTTP HEAD request targeting Oracle Web Cache buffer overflow, exploiting a public-facing web application. Candidate mapping requiring validation."
2553,8,SERVER-OTHER Oracle Web Cache PUT overflow attempt,T1190 - Exploit Public-Facing Application,llm_candidate,0.8,"Rule detects overly long HTTP PUT request targeting Oracle Web Cache buffer overflow, exploiting a public-facing web application. Candidate mapping requiring validation."
2554,8,SERVER-OTHER Oracle Web Cache POST overflow attempt,T1190 - Exploit Public-Facing Application,llm_candidate,0.8,"Rule detects overly long HTTP POST request targeting Oracle Web Cache buffer overflow, exploiting a public-facing web application. Candidate mapping requiring validation."
2555,8,SERVER-OTHER Oracle Web Cache TRACE overflow attempt,T1190 - Exploit Public-Facing Application,llm_candidate,0.8,"Rule detects overly long HTTP TRACE request targeting Oracle Web Cache buffer overflow, exploiting a public-facing web application. Candidate mapping requiring validation."
2556,8,SERVER-OTHER Oracle Web Cache DELETE overflow attempt,T1190 - Exploit Public-Facing Application,llm_candidate,0.9,"Detects buffer overflow attempt in Oracle Web Cache via DELETE method (CVE-2004-0385), indicating exploitation of a public-facing web application. Candidate mapping requiring validation."
2557,8,SERVER-OTHER Oracle Web Cache LOCK overflow attempt,T1190 - Exploit Public-Facing Application,llm_candidate,0.9,"Detects buffer overflow attempt in Oracle Web Cache via LOCK method (CVE-2004-0385), indicating exploitation of a public-facing web application. Candidate mapping requiring validation."
2558,8,SERVER-OTHER Oracle Web Cache MKCOL overflow attempt,T1190 - Exploit Public-Facing Application,llm_candidate,0.9,"Detects buffer overflow attempt in Oracle Web Cache via MKCOL method (CVE-2004-0385), indicating exploitation of a public-facing web application. Candidate mapping requiring validation."
2559,8,SERVER-OTHER Oracle Web Cache COPY overflow attempt,T1190 - Exploit Public-Facing Application,llm_candidate,0.9,"Detects buffer overflow attempt in Oracle Web Cache via COPY method (CVE-2004-0385), indicating exploitation of a public-facing web application. Candidate mapping requiring validation."
2560,8,SERVER-OTHER Oracle Web Cache MOVE overflow attempt,T1190 - Exploit Public-Facing Application,llm_candidate,0.9,"Detects buffer overflow attempt in Oracle Web Cache via MOVE method (CVE-2004-0385), indicating exploitation of a public-facing web application. Candidate mapping requiring validation."
2561,8,SERVER-OTHER rsync backup-dir directory traversal attempt,T1190 - Exploit Public-Facing Application,llm_candidate,0.85,"Detects directory traversal attempt via rsync --backup-dir parameter (CVE-2004-0426), exploiting a public-facing file synchronization service. Candidate mapping requiring validation."
2562,9,SERVER-WEBAPP McAfee ePO file upload attempt,T1041 - Exfiltration Over C2 Channel,improved_heuristic_candidate,0.58,Exfiltration indicator matched in msg context. Candidate mapping requiring validation.
2563,8,NETBIOS NS lookup response name overflow attempt,T1210 - Exploitation of Remote Services,llm_candidate,0.9,"Detects buffer overflow in NetBIOS Name Service response (CVE-2004-0444), exploiting a remote service (NetBIOS) for unauthorized access. Candidate mapping requiring validation."
2564,8,NETBIOS NS lookup short response attempt,T1210 - Exploitation of Remote Services,llm_candidate,0.9,"Detects short response exploit in NetBIOS Name Service (CVE-2004-0444), exploiting a remote service (NetBIOS) for unauthorized access. Candidate mapping requiring validation."
2565,14,SERVER-WEBAPP modules.php access,T1190 - Exploit Public-Facing Application,llm_candidate,0.8,"Detects access to vulnerable modules.php in PHP-Nuke (CVE-2004-1817), indicating potential exploitation of a public-facing web application. Candidate mapping requiring validation."
2566,14,SERVER-WEBAPP PHPBB viewforum.php access,T1190 - Exploit Public-Facing Application,llm_candidate,0.8,"Detects access to vulnerable viewforum.php in phpBB (CVE-2004-1809), indicating potential exploitation of a public-facing web application. Candidate mapping requiring validation."
2567,16,SERVER-WEBAPP Emumail init.emu access,T1190 - Exploit Public-Facing Application,llm_candidate,0.8,"Detects access to vulnerable init.emu in Emumail (CVE-2004-2334, CVE-2004-2385), indicating potential exploitation of a public-facing web application. Candidate mapping requiring validation."
2568,16,SERVER-WEBAPP Emumail emumail.fcgi access,T1190 - Exploit Public-Facing Application,llm_candidate,0.8,"Detects access to vulnerable emumail.fcgi in Emumail (CVE-2004-2334, CVE-2004-2385), indicating potential exploitation of a public-facing web application. Candidate mapping requiring validation."
2569,10,SERVER-WEBAPP cPanel resetpass access,T1190 - Exploit Public-Facing Application,llm_candidate,0.8,"Detects access to vulnerable resetpass in cPanel (CVE-2004-1769), indicating potential exploitation of a public-facing web application. Candidate mapping requiring validation."
2570,25,SERVER-WEBAPP invalid HTTP version string,T1190 - Exploit Public-Facing Application,llm_candidate,0.85,"Detects invalid HTTP version strings (CVE-2009-0478), indicating an attempt to exploit HTTP parsing vulnerabilities in a public-facing web server. Candidate mapping requiring validation."
2571,15,SERVER-IIS SmarterTools SmarterMail frmGetAttachment.aspx access,T1190 - Exploit Public-Facing Application,llm_candidate,0.8,"Detects access to vulnerable frmGetAttachment.aspx in SmarterMail (CVE-2004-2585), indicating potential exploitation of a public-facing web application. Candidate mapping requiring validation."
2572,12,SERVER-IIS SmarterTools SmarterMail login.aspx buffer overflow attempt,T1190 - Exploit Public-Facing Application,llm_candidate,0.9,"Detects buffer overflow attempt in SmarterMail login.aspx (CVE-2004-2585), exploiting a public-facing web application. Candidate mapping requiring validation."
2573,15,SERVER-IIS SmarterTools SmarterMail frmCompose.asp access,T1190 - Exploit Public-Facing Application,llm_candidate,0.8,"Detects access to vulnerable frmCompose.aspx in SmarterMail (CVE-2004-2585), indicating potential exploitation of a public-facing web application. Candidate mapping requiring validation."
2574,9,PROTOCOL-FTP RETR format string attempt,T1190 - Exploit Public-Facing Application,llm_candidate,0.9,"Detects format string attack in FTP RETR command (CVE-2004-1883), exploiting a public-facing FTP service. Candidate mapping requiring validation."
2575,11,SERVER-WEBAPP Opt-X header.php remote file include attempt,T1190 - Exploit Public-Facing Application,llm_candidate,0.9,"Detects remote file inclusion attempt via systempath parameter in Opt-X header.php (CVE-2004-2368), exploiting a public-facing web application. Candidate mapping requiring validation."
2576,9,SERVER-ORACLE dbms_repcat.generate_replication_support buffer overflow attempt,T1190 - Exploit Public-Facing Application,llm_candidate,0.85,"Detects buffer overflow in Oracle dbms_repcat.generate_replication_support procedure, exploiting a public-facing database service. Candidate mapping requiring validation."
2580,12,SERVER-WEBAPP server negative Content-Length attempt,T1190 - Exploit Public-Facing Application,llm_candidate,0.9,"Detects negative Content-Length header attack (CVE-2004-0492), exploiting a vulnerability in mod_proxy on a public-facing web server. Candidate mapping requiring validation."
2581,11,SERVER-WEBAPP SAP Crystal Reports crystalimagehandler.aspx access,T1190 - Exploit Public-Facing Application,llm_candidate,0.8,"Detects access to vulnerable crystalimagehandler.aspx in SAP Crystal Reports (CVE-2004-0204), indicating potential exploitation of a public-facing web application. Candidate mapping requiring validation."
2582,18,OS-WINDOWS SAP Crystal Reports crystalImageHandler.asp directory traversal attempt,T1190 - Exploit Public-Facing Application,improved_heuristic_candidate,0.62,Web-facing exploit indicator matched in msg context. Candidate mapping requiring validation.
2583,9,SERVER-OTHER CVS Max-dotdot integer overflow attempt,T1190 - Exploit Public-Facing Application,llm_candidate,0.9,"Detects exploitation attempt against CVS server (CVE-2004-0417), a public-facing application, matching Exploit Public-Facing Application. Candidate mapping requiring validation."
2584,10,SERVER-OTHER eMule buffer overflow attempt,T1203 - Exploitation for Client Execution,llm_candidate,0.85,"Detects buffer overflow in eMule client via malicious PRIVMSG/SENDLINK packet, indicating exploitation of a client application. Candidate mapping requiring validation."
2585,9,SERVER-WEBAPP nessus 2.x 404 probe,T1595.002 - Vulnerability Scanning,llm_candidate,0.95,"Detects Nessus vulnerability scanner probing for 404 pages, directly mapping to Vulnerability Scanning. Candidate mapping requiring validation."
2588,10,SERVER-WEBAPP TUTOS path disclosure attempt,T1190 - Exploit Public-Facing Application,llm_candidate,0.85,"Detects path disclosure exploit attempt against TUTOS web application, an exploitation of a public-facing web app. Candidate mapping requiring validation."
2589,20,OS-WINDOWS Microsoft Windows Content-Disposition CLSID command attempt,T1190 - Exploit Public-Facing Application,llm_candidate,0.9,"Detects exploit for MS04-024 (CVE-2004-0420) via malicious Content-Disposition header, targeting a public-facing web server. Candidate mapping requiring validation."
2597,16,SERVER-WEBAPP Samba SWAT Authorization overflow attempt,T1190 - Exploit Public-Facing Application,llm_candidate,0.9,"Detects buffer overflow in Samba SWAT web interface (CVE-2004-0600), an internet-facing management service. Candidate mapping requiring validation."
2598,14,SERVER-WEBAPP Samba SWAT Authorization port 901 overflow attempt,T1190 - Exploit Public-Facing Application,llm_candidate,0.9,"Same SWAT overflow on alternate port 901, also exploitation of a public-facing web service. Candidate mapping requiring validation."
2599,7,SERVER-ORACLE dbms_repcat.add_grouped_column buffer overflow attempt,T1190 - Exploit Public-Facing Application,llm_candidate,0.85,Detects Oracle dbms_repcat PL/SQL buffer overflow attempt against exposed database service. Candidate mapping requiring validation.
2601,7,SERVER-ORACLE dbms_repcat.drop_master_repgroup buffer overflow attempt,T1190 - Exploit Public-Facing Application,llm_candidate,0.85,"Detects Oracle dbms_repcat.drop_master_repgroup overflow, targeting a public-facing Oracle database. Candidate mapping requiring validation."
2603,7,SERVER-ORACLE dbms_repcat.create_mview_repgroup buffer overflow attempt,T1190 - Exploit Public-Facing Application,llm_candidate,0.85,Detects Oracle dbms_repcat.create_mview_repgroup overflow against exposed database listener. Candidate mapping requiring validation.
2605,7,SERVER-ORACLE dbms_repcat.compare_old_values buffer overflow attempt,T1190 - Exploit Public-Facing Application,llm_candidate,0.85,"Detects Oracle dbms_repcat.compare_old_values overflow, exploitation of public-facing database service. Candidate mapping requiring validation."
2606,7,SERVER-ORACLE dbms_repcat.comment_on_repobject buffer overflow attempt,T1190 - Exploit Public-Facing Application,llm_candidate,0.85,Detects Oracle dbms_repcat.comment_on_repobject overflow against internet-accessible Oracle instance. Candidate mapping requiring validation.
2608,7,SERVER-ORACLE sysdbms_repcat_rgt.check_ddl_text buffer overflow attempt,T1190 - Exploit Public-Facing Application,llm_candidate,0.85,"Detects Oracle sysdbms_repcat_rgt.check_ddl_text overflow, targeting exposed database service. Candidate mapping requiring validation."
2609,7,SERVER-ORACLE dbms_repcat.cancel_statistics buffer overflow attempt,T1190 - Exploit Public-Facing Application,llm_candidate,0.85,Detects Oracle dbms_repcat.cancel_statistics overflow against public-facing Oracle listener. Candidate mapping requiring validation.
2611,12,SERVER-ORACLE LINK metadata buffer overflow attempt,T1190 - Exploit Public-Facing Application,llm_candidate,0.9,"Detects Oracle CREATE DATABASE LINK metadata overflow (CVE-2003-0222, CVE-2005-0297) against exposed database. Candidate mapping requiring validation."
2612,5,SERVER-ORACLE sys.dbms_repcat_auth.revoke_surrogate_repcat buffer overflow attempt,T1190 - Exploit Public-Facing Application,llm_candidate,0.85,Detects Oracle sys.dbms_repcat_auth.revoke_surrogate_repcat overflow targeting public-facing Oracle service. Candidate mapping requiring validation.
2614,6,SERVER-ORACLE time_zone buffer overflow attempt,T1190 - Exploit Public-Facing Application,llm_candidate,0.9,Detects Oracle TIME_ZONE buffer overflow (CVE-2003-1208) against internet-accessible database. Candidate mapping requiring validation.
2615,5,SERVER-ORACLE sys.dbms_repcat_auth.grant_surrogate_repcat buffer overflow attempt,T1190 - Exploit Public-Facing Application,llm_candidate,0.85,Detects Oracle sys.dbms_repcat_auth.grant_surrogate_repcat overflow against exposed Oracle instance. Candidate mapping requiring validation.
2617,5,SERVER-ORACLE sys.dbms_repcat.alter_mview_propagation buffer overflow attempt,T1190 - Exploit Public-Facing Application,llm_candidate,0.85,Detects Oracle sys.dbms_repcat.alter_mview_propagation overflow targeting public-facing database. Candidate mapping requiring validation.
2619,5,SERVER-ORACLE dbms_repcat.alter_master_repobject buffer overflow attempt,T1190 - Exploit Public-Facing Application,llm_candidate,0.85,Detects Oracle dbms_repcat.alter_master_repobject overflow against internet-facing Oracle service. Candidate mapping requiring validation.
2621,5,SERVER-ORACLE dbms_repcat_sna_utl.register_flavor_change buffer overflow attempt,T1190 - Exploit Public-Facing Application,llm_candidate,0.85,Detects Oracle dbms_repcat_sna_utl.register_flavor_change overflow targeting exposed database listener. Candidate mapping requiring validation.
2624,5,SERVER-ORACLE dbms_repcat_admin.unregister_user_repgroup buffer overflow attempt,T1190 - Exploit Public-Facing Application,llm_candidate,0.85,Detects Oracle dbms_repcat_admin.unregister_user_repgroup overflow against public-facing Oracle instance. Candidate mapping requiring validation.
2626,5,SERVER-ORACLE dbms_repcat.send_old_values buffer overflow attempt,T1190 - Exploit Public-Facing Application,llm_candidate,0.85,Detects Oracle dbms_repcat.send_old_values overflow targeting internet-accessible database service. Candidate mapping requiring validation.
2627,5,SERVER-ORACLE dbms_repcat.repcat_import_check buffer overflow attempt,T1190 - Exploit Public-Facing Application,llm_candidate,0.85,Detects Oracle dbms_repcat.repcat_import_check overflow against exposed Oracle database. Candidate mapping requiring validation.
2629,5,SERVER-ORACLE dbms_repcat_admin.register_user_repgroup buffer overflow attempt,T1210 - Exploitation of Remote Services,llm_candidate,0.9,"Detects buffer overflow exploit against Oracle dbms_repcat_admin package via network traffic, indicating remote service exploitation. Candidate mapping requiring validation."
2633,7,SERVER-ORACLE sys.dbms_rectifier_diff.rectify buffer overflow attempt,T1210 - Exploitation of Remote Services,llm_candidate,0.9,"Detects buffer overflow exploit against Oracle sys.dbms_rectifier_diff.rectify procedure, a remote database service vulnerability. Candidate mapping requiring validation."
2637,5,SERVER-ORACLE dbms_repcat.drop_master_repobject buffer overflow attempt,T1210 - Exploitation of Remote Services,llm_candidate,0.9,"Detects buffer overflow exploit against Oracle dbms_repcat.drop_master_repobject, targeting a remote database service. Candidate mapping requiring validation."
2639,5,SERVER-ORACLE dbms_repcat.drop_mview_repgroup buffer overflow attempt,T1210 - Exploitation of Remote Services,llm_candidate,0.9,"Detects buffer overflow exploit against Oracle dbms_repcat.drop_mview_repgroup, a remote service vulnerability. Candidate mapping requiring validation."
2641,6,SERVER-ORACLE dbms_repcat_instantiate.drop_site_instantiation buffer overflow attempt,T1210 - Exploitation of Remote Services,llm_candidate,0.9,"Detects buffer overflow exploit against Oracle dbms_repcat_instantiate.drop_site_instantiation, targeting a remote database service. Candidate mapping requiring validation."
2643,5,SERVER-ORACLE sys.dbms_repcat_fla.ensure_not_published buffer overflow attempt,T1210 - Exploitation of Remote Services,llm_candidate,0.9,"Detects buffer overflow exploit against Oracle sys.dbms_repcat_fla.ensure_not_published, a remote service vulnerability. Candidate mapping requiring validation."
2644,4,SERVER-ORACLE from_tz buffer overflow attempt,T1210 - Exploitation of Remote Services,llm_candidate,0.9,"Detects buffer overflow exploit against Oracle FROM_TZ function via crafted timestamp input, targeting a remote database service. Candidate mapping requiring validation."
2645,5,SERVER-ORACLE dbms_repcat_instantiate.instantiate_offline buffer overflow attempt,T1210 - Exploitation of Remote Services,llm_candidate,0.9,"Detects buffer overflow exploit against Oracle dbms_repcat_instantiate.instantiate_offline, a remote database service vulnerability. Candidate mapping requiring validation."
2649,8,SERVER-ORACLE Oracle 9i TNS Listener SERVICE_NAME Remote Buffer Overflow attempt,T1210 - Exploitation of Remote Services,llm_candidate,0.95,"Detects CVE-2002-0965 buffer overflow in Oracle 9i TNS Listener SERVICE_NAME parameter, a classic remote service exploitation. Candidate mapping requiring validation."
2650,6,SERVER-ORACLE user name buffer overflow attempt,T1210 - Exploitation of Remote Services,llm_candidate,0.9,"Detects buffer overflow via Oracle TNS user parameter (CVE-2003-0095), exploiting a remote database listener service. Candidate mapping requiring validation."
2651,6,SERVER-ORACLE NUMTODSINTERVAL/NUMTOYMINTERVAL buffer overflow attempt,T1210 - Exploitation of Remote Services,llm_candidate,0.9,"Detects buffer overflow in Oracle NUMTODSINTERVAL/NUMTOYMINTERVAL functions (CVE-2003-1208), targeting a remote database service. Candidate mapping requiring validation."
2652,6,SERVER-ORACLE dbms_offline_og.begin_load buffer overflow attempt,T1210 - Exploitation of Remote Services,llm_candidate,0.9,"Detects buffer overflow exploit against Oracle dbms_offline_og.begin_load procedure, a remote service vulnerability. Candidate mapping requiring validation."
2654,10,SERVER-WEBAPP PHPNuke Forum viewtopic SQL insertion attempt,T1190 - Exploit Public-Facing Application,llm_candidate,0.9,"Detects SQL injection attempt against PHPNuke Forum viewtopic parameter, exploiting a public-facing web application. Candidate mapping requiring validation."
2655,8,SERVER-OTHER HP Web JetAdmin ExecuteFile admin access,T1190 - Exploit Public-Facing Application,llm_candidate,0.85,"Detects access to HP Web JetAdmin ExecuteFile admin function, indicating exploitation of a web-based administrative interface. Candidate mapping requiring validation."
2656,22,SERVER-WEBAPP SSLv2 Client_Hello Challenge Length overflow attempt,T1210 - Exploitation of Remote Services,llm_candidate,0.9,"Detects SSLv2 Client_Hello Challenge Length overflow (CVE-2004-0826), exploiting a remote SSL service. Candidate mapping requiring validation."
2657,20,SERVER-WEBAPP SSLv2 Client_Hello with pad Challenge Length overflow attempt,T1210 - Exploitation of Remote Services,llm_candidate,0.9,"Detects padded SSLv2 Client_Hello Challenge Length overflow attempt, exploiting a remote SSL service. Candidate mapping requiring validation."
2663,16,SERVER-WEBAPP Ipswitch WhatsUpGold instancename overflow attempt,T1190 - Exploit Public-Facing Application,llm_candidate,0.9,"Detects buffer overflow in Ipswitch WhatsUpGold instancename parameter (CVE-2004-0798), exploiting a public-facing web application. Candidate mapping requiring validation."
2664,12,PROTOCOL-IMAP login format string attempt,T1210 - Exploitation of Remote Services,llm_candidate,0.9,"Detects format string vulnerability in IMAP LOGIN command (CVE-2004-0777), exploiting a remote IMAP service. Candidate mapping requiring validation."
2665,13,PROTOCOL-IMAP login literal format string attempt,T1210 - Exploitation of Remote Services,llm_candidate,0.9,"Detects format string vulnerability in IMAP LOGIN literal handling (CVE-2007-0221), exploiting a remote IMAP service. Candidate mapping requiring validation."
2666,9,PROTOCOL-POP PASS format string attempt,T1210 - Exploitation of Remote Services,llm_candidate,0.9,"Detects format string vulnerability in POP3 PASS command (CVE-2004-0777), exploiting a remote POP3 service. Candidate mapping requiring validation."
2667,14,SERVER-IIS ping.asp access,T1595.002 - Vulnerability Scanning,llm_candidate,0.7,"Detects access to IIS ping.asp page, indicative of vulnerability scanning or reconnaissance against a web server. Candidate mapping requiring validation."
2668,14,SERVER-WEBAPP processit access,T1595.002 - Vulnerability Scanning,llm_candidate,0.7,"Detects access to processit.pl script, consistent with vulnerability scanning activity against web applications. Candidate mapping requiring validation."
2669,15,SERVER-WEBAPP ibillpm.pl access,T1595.002 - Vulnerability Scanning,llm_candidate,0.7,"Detects access to ibillpm.pl (CVE-2001-0839), a known vulnerable script, suggesting vulnerability scanning. Candidate mapping requiring validation."
2670,10,SERVER-WEBAPP pgpmail.pl access,T1595.002 - Vulnerability Scanning,llm_candidate,0.7,"Detects access to pgpmail.pl (CVE-2001-0937), a known vulnerable script, suggesting vulnerability scanning. Candidate mapping requiring validation."
2671,18,BROWSER-IE Microsoft Internet Explorer bitmap BitmapOffset integer overflow attempt,T1189 - Drive-by Compromise,llm_candidate,0.85,"Detects malicious bitmap with BitmapOffset integer overflow (CVE-2004-0566) delivered via HTTP, FTP, IMAP, or POP3, consistent with drive-by compromise targeting client browsers. Candidate mapping requiring validation."
2672,10,SERVER-WEBAPP sresult.exe access,T1190 - Exploit Public-Facing Application,llm_candidate,0.85,"Rule detects HTTP requests to /sresult.exe, a known vulnerable web application component (CVE-2004-2528), indicating exploitation of a public-facing web application. Candidate mapping requiring validation."
2673,13,FILE-IMAGE libpng tRNS overflow attempt,T1203 - Exploitation for Client Execution,llm_candidate,0.9,"Rule identifies crafted PNG images with malicious tRNS chunks targeting libpng buffer overflow (CVE-2004-0597), which exploits client-side image parsing libraries. Candidate mapping requiring validation."
2674,4,SERVER-ORACLE dbms_repcat.add_delete_resolution buffer overflow attempt,T1210 - Exploitation of Remote Services,llm_candidate,0.85,"Rule detects buffer overflow attempts against Oracle's dbms_repcat.add_delete_resolution PL/SQL procedure via oversized parameters, exploiting a remote database service. Candidate mapping requiring validation."
2675,4,SERVER-ORACLE dbms_repcat_rgt.instantiate_offline buffer overflow attempt,T1210 - Exploitation of Remote Services,llm_candidate,0.85,"Rule detects buffer overflow attempts against Oracle's dbms_repcat_rgt.instantiate_offline procedure via oversized parameters, exploiting a remote database service. Candidate mapping requiring validation."
2677,4,SERVER-ORACLE dbms_repcat_rgt.instantiate_online buffer overflow attempt,T1210 - Exploitation of Remote Services,llm_candidate,0.85,"Rule detects buffer overflow attempts against Oracle's dbms_repcat_rgt.instantiate_online procedure via oversized parameters, exploiting a remote database service. Candidate mapping requiring validation."
2678,4,SERVER-ORACLE ctx_output.start_log buffer overflow attempt,T1210 - Exploitation of Remote Services,llm_candidate,0.85,"Rule detects buffer overflow attempts against Oracle's ctx_output.start_log procedure via oversized parameters, exploiting a remote database service. Candidate mapping requiring validation."
2679,4,SERVER-ORACLE sys.dbms_system.ksdwrt buffer overflow attempt,T1210 - Exploitation of Remote Services,llm_candidate,0.85,"Rule detects buffer overflow attempts against Oracle's sys.dbms_system.ksdwrt procedure via oversized parameters, exploiting a remote database service. Candidate mapping requiring validation."
2680,4,SERVER-ORACLE ctxsys.driddlr.subindexpopulate buffer overflow attempt,T1210 - Exploitation of Remote Services,llm_candidate,0.85,"Rule detects buffer overflow attempts against Oracle's ctxsys.driddlr.subindexpopulate procedure via oversized parameters, exploiting a remote database service. Candidate mapping requiring validation."
2681,4,SERVER-ORACLE mdsys.sdo_admin.sdo_code_size buffer overflow attempt,T1210 - Exploitation of Remote Services,llm_candidate,0.85,"Rule detects buffer overflow attempts against Oracle's mdsys.sdo_admin.sdo_code_size procedure via oversized parameters, exploiting a remote database service. Candidate mapping requiring validation."
2682,4,SERVER-ORACLE mdsys.md2.validate_geom buffer overflow attempt,T1210 - Exploitation of Remote Services,llm_candidate,0.85,"Rule detects buffer overflow attempts against Oracle's mdsys.md2.validate_geom procedure via oversized parameters, exploiting a remote database service. Candidate mapping requiring validation."
2683,4,SERVER-ORACLE mdsys.md2.sdo_code_size buffer overflow attempt,T1210 - Exploitation of Remote Services,llm_candidate,0.85,"Rule detects buffer overflow attempts against Oracle's mdsys.md2.sdo_code_size procedure via oversized parameters, exploiting a remote database service. Candidate mapping requiring validation."
2684,4,SERVER-ORACLE sys.ltutil.pushdeferredtxns buffer overflow attempt,T1210 - Exploitation of Remote Services,llm_candidate,0.85,"Rule detects buffer overflow attempts against Oracle's sys.ltutil.pushdeferredtxns procedure via oversized parameters, exploiting a remote database service. Candidate mapping requiring validation."
2685,4,SERVER-ORACLE sys.dbms_repcat_rq.add_column buffer overflow attempt,T1210 - Exploitation of Remote Services,llm_candidate,0.85,"Rule detects buffer overflow attempts against Oracle's sys.dbms_repcat_rq.add_column procedure via oversized parameters, exploiting a remote database service. Candidate mapping requiring validation."
2686,9,SERVER-ORACLE sys.dbms_rectifier_diff.differences buffer overflow attempt,T1210 - Exploitation of Remote Services,llm_candidate,0.85,"Rule detects buffer overflow attempts against Oracle's sys.dbms_rectifier_diff.differences procedure via oversized parameters (CVE-2004-1362 etc.), exploiting a remote database service. Candidate mapping requiring validation."
2687,4,SERVER-ORACLE sys.dbms_internal_repcat.validate buffer overflow attempt,T1210 - Exploitation of Remote Services,llm_candidate,0.85,"Rule detects buffer overflow attempts against Oracle's sys.dbms_internal_repcat.validate procedure via oversized parameters, exploiting a remote database service. Candidate mapping requiring validation."
2688,4,SERVER-ORACLE sys.dbms_internal_repcat.enable_receiver_trace buffer overflow attempt,T1210 - Exploitation of Remote Services,llm_candidate,0.85,"Rule detects buffer overflow attempts against Oracle's sys.dbms_internal_repcat.enable_receiver_trace procedure via oversized parameters, exploiting a remote database service. Candidate mapping requiring validation."
2689,4,SERVER-ORACLE sys.dbms_internal_repcat.disable_receiver_trace buffer overflow attempt,T1210 - Exploitation of Remote Services,llm_candidate,0.85,"Rule detects buffer overflow attempts against Oracle's sys.dbms_internal_repcat.disable_receiver_trace procedure via oversized parameters, exploiting a remote database service. Candidate mapping requiring validation."
2690,4,SERVER-ORACLE sys.dbms_defer_repcat.enable_propagation_to_dblink buffer overflow attempt,T1210 - Exploitation of Remote Services,llm_candidate,0.85,"Rule detects buffer overflow attempts against Oracle's sys.dbms_defer_repcat.enable_propagation_to_dblink procedure via oversized parameters, exploiting a remote database service. Candidate mapping requiring validation."
2691,4,SERVER-ORACLE sys.dbms_defer_internal_sys.parallel_push_recovery buffer overflow attempt,T1210 - Exploitation of Remote Services,llm_candidate,0.85,"Rule detects buffer overflow attempts against Oracle's sys.dbms_defer_internal_sys.parallel_push_recovery procedure via oversized parameters, exploiting a remote database service. Candidate mapping requiring validation."
2692,4,SERVER-ORACLE sys.dbms_aqadm_sys.verify_queue_types buffer overflow attempt,T1210 - Exploitation of Remote Services,llm_candidate,0.85,"Rule detects buffer overflow attempts against Oracle's sys.dbms_aqadm_sys.verify_queue_types procedure via oversized parameters, exploiting a remote database service. Candidate mapping requiring validation."
2693,4,SERVER-ORACLE sys.dbms_aqadm.verify_queue_types_no_queue buffer overflow attempt,T1210 - Exploitation of Remote Services,llm_candidate,0.85,"Rule detects buffer overflow attempts against Oracle's sys.dbms_aqadm.verify_queue_types_no_queue procedure via oversized parameters, exploiting a remote database service. Candidate mapping requiring validation."
2694,4,SERVER-ORACLE sys.dbms_aqadm.verify_queue_types_get_nrp buffer overflow attempt,T1210 - Exploitation of Remote Services,llm_candidate,0.85,"Rule detects buffer overflow attempts against Oracle's sys.dbms_aqadm.verify_queue_types_get_nrp procedure via oversized parameters, exploiting a remote database service. Candidate mapping requiring validation."
2695,4,SERVER-ORACLE sys.dbms_aq_import_internal.aq_table_defn_update buffer overflow attempt,T1210 - Exploitation of Remote Services,llm_candidate,0.85,"Rule detects buffer overflow attempts against Oracle's sys.dbms_aq_import_internal.aq_table_defn_update procedure via oversized parameters, exploiting a remote database service. Candidate mapping requiring validation."
2696,4,SERVER-ORACLE sys.dbms_repcat_utl.is_master buffer overflow attempt,T1210 - Exploitation of Remote Services,llm_candidate,0.85,"Rule detects buffer overflow attempts against Oracle's sys.dbms_repcat_utl.is_master procedure via oversized parameters, exploiting a remote database service. Candidate mapping requiring validation."
2697,4,SERVER-ORACLE alter file buffer overflow attempt,T1210 - Exploitation of Remote Services,llm_candidate,0.8,"Rule detects Oracle ALTER FILE statements with oversized filenames (512+ chars), indicating buffer overflow exploitation attempts against the database service. Candidate mapping requiring validation."
2698,4,SERVER-ORACLE create file buffer overflow attempt,T1190 - Exploit Public-Facing Application,llm_candidate,0.85,"Detects buffer overflow exploit attempt against Oracle database CREATE FILE command, indicating exploitation of a public-facing database service. Candidate mapping requiring validation."
2699,5,SERVER-ORACLE TO_CHAR buffer overflow attempt,T1190 - Exploit Public-Facing Application,llm_candidate,0.85,"Detects buffer overflow exploit attempt against Oracle TO_CHAR function, targeting a public-facing database service. Candidate mapping requiring validation."
2701,11,SERVER-WEBAPP Oracle iSQLPlus sid overflow attempt,T1190 - Exploit Public-Facing Application,llm_candidate,0.9,"Detects buffer overflow in Oracle iSQLPlus web application 'sid' parameter, exploiting a public-facing web application. Candidate mapping requiring validation."
2702,11,SERVER-WEBAPP Oracle iSQLPlus username overflow attempt,T1190 - Exploit Public-Facing Application,llm_candidate,0.9,"Detects buffer overflow in Oracle iSQLPlus web application 'username' parameter, exploiting a public-facing web application. Candidate mapping requiring validation."
2703,11,SERVER-WEBAPP Oracle iSQLPlus login.uix username overflow attempt,T1190 - Exploit Public-Facing Application,llm_candidate,0.9,"Detects buffer overflow in Oracle iSQLPlus login.uix 'username' parameter, exploiting a public-facing web application. Candidate mapping requiring validation."
2704,12,SERVER-WEBAPP Oracle 10g iSQLPlus login.unix connectID overflow attempt,T1190 - Exploit Public-Facing Application,llm_candidate,0.9,"Detects buffer overflow in Oracle 10g iSQLPlus login.uix 'connectID' parameter, exploiting a public-facing web application. Candidate mapping requiring validation."
2705,18,FILE-IMAGE Microsoft Multiple Products JPEG parser heap overflow attempt,T1203 - Exploitation for Client Execution,llm_candidate,0.85,"Detects heap overflow exploit in JPEG parser via malicious image files delivered through web/email, indicating client-side exploitation. Candidate mapping requiring validation."
2707,14,FILE-IMAGE JPEG parser multipacket heap overflow attempt,T1203 - Exploitation for Client Execution,llm_candidate,0.85,"Detects multipacket heap overflow exploit in JPEG parser via malicious image files, indicating client-side exploitation. Candidate mapping requiring validation."
2708,4,SERVER-ORACLE dbms_offline_og.begin_flavor_change buffer overflow attempt,T1190 - Exploit Public-Facing Application,llm_candidate,0.8,"Detects buffer overflow exploit attempt against Oracle dbms_offline_og.begin_flavor_change procedure, targeting a public-facing database service. Candidate mapping requiring validation."
2709,4,SERVER-ORACLE dbms_offline_og.begin_instantiation buffer overflow attempt,T1190 - Exploit Public-Facing Application,llm_candidate,0.8,"Detects buffer overflow exploit attempt against Oracle dbms_offline_og.begin_instantiation procedure, targeting a public-facing database service. Candidate mapping requiring validation."
2711,4,SERVER-ORACLE dbms_offline_og.end_flavor_change buffer overflow attempt,T1190 - Exploit Public-Facing Application,llm_candidate,0.8,"Detects buffer overflow exploit attempt against Oracle dbms_offline_og.end_flavor_change procedure, targeting a public-facing database service. Candidate mapping requiring validation."
2712,4,SERVER-ORACLE dbms_offline_og.end_instantiation buffer overflow attempt,T1190 - Exploit Public-Facing Application,llm_candidate,0.8,"Detects buffer overflow exploit attempt against Oracle dbms_offline_og.end_instantiation procedure, targeting a public-facing database service. Candidate mapping requiring validation."
2713,4,SERVER-ORACLE dbms_offline_og.end_load buffer overflow attempt,T1190 - Exploit Public-Facing Application,llm_candidate,0.8,"Detects buffer overflow exploit attempt against Oracle dbms_offline_og.end_load procedure, targeting a public-facing database service. Candidate mapping requiring validation."
2714,4,SERVER-ORACLE dbms_offline_og.resume_subset_of_masters buffer overflow attempt,T1190 - Exploit Public-Facing Application,llm_candidate,0.8,"Detects buffer overflow exploit attempt against Oracle dbms_offline_og.resume_subset_of_masters procedure, targeting a public-facing database service. Candidate mapping requiring validation."
2715,4,SERVER-ORACLE dbms_offline_snapshot.begin_load buffer overflow attempt,T1190 - Exploit Public-Facing Application,llm_candidate,0.8,"Detects buffer overflow exploit attempt against Oracle dbms_offline_snapshot.begin_load procedure, targeting a public-facing database service. Candidate mapping requiring validation."
2716,5,SERVER-ORACLE dbms_offline_snapshot.end_load buffer overflow attempt,T1190 - Exploit Public-Facing Application,llm_candidate,0.8,"Detects buffer overflow exploit attempt against Oracle dbms_offline_snapshot.end_load procedure, targeting a public-facing database service. Candidate mapping requiring validation."
2717,5,SERVER-ORACLE dbms_rectifier_diff.differences buffer overflow attempt,T1190 - Exploit Public-Facing Application,llm_candidate,0.8,"Detects buffer overflow exploit attempt against Oracle dbms_rectifier_diff.differences procedure, targeting a public-facing database service. Candidate mapping requiring validation."
2718,4,SERVER-ORACLE dbms_rectifier_diff.rectify buffer overflow attempt,T1190 - Exploit Public-Facing Application,llm_candidate,0.8,"Detects buffer overflow exploit attempt against Oracle dbms_rectifier_diff.rectify procedure, targeting a public-facing database service. Candidate mapping requiring validation."
2719,4,SERVER-ORACLE dbms_repcat.abort_flavor_definition buffer overflow attempt,T1190 - Exploit Public-Facing Application,llm_candidate,0.8,"Detects buffer overflow exploit attempt against Oracle dbms_repcat.abort_flavor_definition procedure, targeting a public-facing database service. Candidate mapping requiring validation."
2720,4,SERVER-ORACLE dbms_repcat.add_column_group_to_flavor buffer overflow attempt,T1190 - Exploit Public-Facing Application,llm_candidate,0.8,"Detects buffer overflow exploit attempt against Oracle dbms_repcat.add_column_group_to_flavor procedure, targeting a public-facing database service. Candidate mapping requiring validation."
2721,4,SERVER-ORACLE dbms_repcat.add_columns_to_flavor buffer overflow attempt,T1190 - Exploit Public-Facing Application,llm_candidate,0.8,"Detects buffer overflow exploit attempt against Oracle dbms_repcat.add_columns_to_flavor procedure, targeting a public-facing database service. Candidate mapping requiring validation."
2722,4,SERVER-ORACLE dbms_repcat.add_object_to_flavor buffer overflow attempt,T1190 - Exploit Public-Facing Application,llm_candidate,0.8,"Detects buffer overflow exploit attempt against Oracle dbms_repcat.add_object_to_flavor procedure, targeting a public-facing database service. Candidate mapping requiring validation."
2723,4,SERVER-ORACLE dbms_repcat.add_priority_char buffer overflow attempt,T1190 - Exploit Public-Facing Application,llm_candidate,0.8,"Detects buffer overflow exploit attempt against Oracle dbms_repcat.add_priority_char procedure, targeting a public-facing database service. Candidate mapping requiring validation."
2724,4,SERVER-ORACLE dbms_repcat.add_priority_date buffer overflow attempt,T1190 - Exploit Public-Facing Application,llm_candidate,0.8,"Detects buffer overflow exploit attempt against Oracle dbms_repcat.add_priority_date procedure, targeting a public-facing database service. Candidate mapping requiring validation."
2725,4,SERVER-ORACLE dbms_repcat.add_priority_nchar buffer overflow attempt,T1190 - Exploit Public-Facing Application,llm_candidate,0.8,"Detects buffer overflow exploit attempt against Oracle dbms_repcat.add_priority_nchar procedure, targeting a public-facing database service. Candidate mapping requiring validation."
2726,4,SERVER-ORACLE dbms_repcat.add_priority_number buffer overflow attempt,T1190 - Exploit Public-Facing Application,llm_candidate,0.9,"Rule detects buffer overflow exploitation attempt against Oracle dbms_repcat.add_priority_number procedure via overly long string parameters, indicating exploitation of a public-facing database application. Candidate mapping requiring validation."
2727,4,SERVER-ORACLE dbms_repcat.add_priority_nvarchar2 buffer overflow attempt,T1190 - Exploit Public-Facing Application,llm_candidate,0.9,"Rule detects buffer overflow exploitation attempt against Oracle dbms_repcat.add_priority_nvarchar2 procedure via overly long string parameters, indicating exploitation of a public-facing database application. Candidate mapping requiring validation."
2728,4,SERVER-ORACLE dbms_repcat.add_priority_raw buffer overflow attempt,T1190 - Exploit Public-Facing Application,llm_candidate,0.9,"Rule detects buffer overflow exploitation attempt against Oracle dbms_repcat.add_priority_raw procedure via overly long string parameters, indicating exploitation of a public-facing database application. Candidate mapping requiring validation."
2729,4,SERVER-ORACLE dbms_repcat.add_priority_varchar2 buffer overflow attempt,T1190 - Exploit Public-Facing Application,llm_candidate,0.9,"Rule detects buffer overflow exploitation attempt against Oracle dbms_repcat.add_priority_varchar2 procedure via overly long string parameters, indicating exploitation of a public-facing database application. Candidate mapping requiring validation."
2730,4,SERVER-ORACLE dbms_repcat.add_site_priority_site buffer overflow attempt,T1190 - Exploit Public-Facing Application,llm_candidate,0.9,"Rule detects buffer overflow exploitation attempt against Oracle dbms_repcat.add_site_priority_site procedure via overly long string parameters, indicating exploitation of a public-facing database application. Candidate mapping requiring validation."
2731,4,SERVER-ORACLE dbms_repcat.add_unique_resolution buffer overflow attempt,T1190 - Exploit Public-Facing Application,llm_candidate,0.9,"Rule detects buffer overflow exploitation attempt against Oracle dbms_repcat.add_unique_resolution procedure via overly long string parameters, indicating exploitation of a public-facing database application. Candidate mapping requiring validation."
2732,4,SERVER-ORACLE dbms_repcat.add_update_resolution buffer overflow attempt,T1190 - Exploit Public-Facing Application,llm_candidate,0.9,"Rule detects buffer overflow exploitation attempt against Oracle dbms_repcat.add_update_resolution procedure via overly long string parameters, indicating exploitation of a public-facing database application. Candidate mapping requiring validation."
2733,4,SERVER-ORACLE dbms_repcat.alter_master_propagation buffer overflow attempt,T1190 - Exploit Public-Facing Application,llm_candidate,0.9,"Rule detects buffer overflow exploitation attempt against Oracle dbms_repcat.alter_master_propagation procedure via overly long string parameters, indicating exploitation of a public-facing database application. Candidate mapping requiring validation."
2734,4,SERVER-ORACLE dbms_repcat.alter_mview_propagation buffer overflow attempt,T1190 - Exploit Public-Facing Application,llm_candidate,0.9,"Rule detects buffer overflow exploitation attempt against Oracle dbms_repcat.alter_mview_propagation procedure via overly long string parameters, indicating exploitation of a public-facing database application. Candidate mapping requiring validation."
2735,4,SERVER-ORACLE dbms_repcat.alter_priority_char buffer overflow attempt,T1190 - Exploit Public-Facing Application,llm_candidate,0.9,"Rule detects buffer overflow exploitation attempt against Oracle dbms_repcat.alter_priority_char procedure via overly long string parameters, indicating exploitation of a public-facing database application. Candidate mapping requiring validation."
2736,4,SERVER-ORACLE dbms_repcat.alter_priority_date buffer overflow attempt,T1190 - Exploit Public-Facing Application,llm_candidate,0.9,"Rule detects buffer overflow exploitation attempt against Oracle dbms_repcat.alter_priority_date procedure via overly long string parameters, indicating exploitation of a public-facing database application. Candidate mapping requiring validation."
2737,4,SERVER-ORACLE dbms_repcat.alter_priority_nchar buffer overflow attempt,T1190 - Exploit Public-Facing Application,llm_candidate,0.9,"Rule detects buffer overflow exploitation attempt against Oracle dbms_repcat.alter_priority_nchar procedure via overly long string parameters, indicating exploitation of a public-facing database application. Candidate mapping requiring validation."
2738,4,SERVER-ORACLE dbms_repcat.alter_priority_number buffer overflow attempt,T1190 - Exploit Public-Facing Application,llm_candidate,0.9,"Rule detects buffer overflow exploitation attempt against Oracle dbms_repcat.alter_priority_number procedure via overly long string parameters, indicating exploitation of a public-facing database application. Candidate mapping requiring validation."
2739,4,SERVER-ORACLE dbms_repcat.alter_priority_nvarchar2 buffer overflow attempt,T1190 - Exploit Public-Facing Application,llm_candidate,0.9,"Rule detects buffer overflow exploitation attempt against Oracle dbms_repcat.alter_priority_nvarchar2 procedure via overly long string parameters, indicating exploitation of a public-facing database application. Candidate mapping requiring validation."
2740,6,SERVER-ORACLE dbms_repcat.alter_priority_raw buffer overflow attempt,T1190 - Exploit Public-Facing Application,llm_candidate,0.9,"Rule detects buffer overflow exploitation attempt against Oracle dbms_repcat.alter_priority_raw procedure via overly long string parameters, indicating exploitation of a public-facing database application. Candidate mapping requiring validation."
2741,6,SERVER-ORACLE dbms_repcat.alter_priority buffer overflow attempt,T1190 - Exploit Public-Facing Application,llm_candidate,0.9,"Rule detects buffer overflow exploitation attempt against Oracle dbms_repcat.alter_priority procedure via overly long string parameters, indicating exploitation of a public-facing database application. Candidate mapping requiring validation."
2742,6,SERVER-ORACLE dbms_repcat.alter_priority_varchar2 buffer overflow attempt,T1190 - Exploit Public-Facing Application,llm_candidate,0.9,"Rule detects buffer overflow exploitation attempt against Oracle dbms_repcat.alter_priority_varchar2 procedure via overly long string parameters, indicating exploitation of a public-facing database application. Candidate mapping requiring validation."
2743,6,SERVER-ORACLE dbms_repcat.alter_site_priority_site buffer overflow attempt,T1190 - Exploit Public-Facing Application,llm_candidate,0.9,"Rule detects buffer overflow exploitation attempt against Oracle dbms_repcat.alter_site_priority_site procedure via overly long string parameters, indicating exploitation of a public-facing database application. Candidate mapping requiring validation."
2744,6,SERVER-ORACLE dbms_repcat.alter_site_priority buffer overflow attempt,T1190 - Exploit Public-Facing Application,llm_candidate,0.9,"Rule detects buffer overflow exploitation attempt against Oracle dbms_repcat.alter_site_priority procedure via overly long string parameters, indicating exploitation of a public-facing database application. Candidate mapping requiring validation."
2745,6,SERVER-ORACLE dbms_repcat.alter_snapshot_propagation buffer overflow attempt,T1190 - Exploit Public-Facing Application,llm_candidate,0.9,"Rule detects buffer overflow exploitation attempt against Oracle dbms_repcat.alter_snapshot_propagation procedure via overly long string parameters, indicating exploitation of a public-facing database application. Candidate mapping requiring validation."
2746,6,SERVER-ORACLE dbms_repcat_auth.revoke_surrogate_repcat buffer overflow attempt,T1190 - Exploit Public-Facing Application,llm_candidate,0.9,"Rule detects buffer overflow exploitation attempt against Oracle dbms_repcat_auth.revoke_surrogate_repcat procedure via overly long string parameters, indicating exploitation of a public-facing database application. Candidate mapping requiring validation."
2747,6,SERVER-ORACLE dbms_repcat.begin_flavor_definition buffer overflow attempt,T1190 - Exploit Public-Facing Application,llm_candidate,0.9,"Rule detects buffer overflow exploitation attempt against Oracle dbms_repcat.begin_flavor_definition procedure via overly long string parameters, indicating exploitation of a public-facing database application. Candidate mapping requiring validation."
2748,6,SERVER-ORACLE dbms_repcat.comment_on_column_group buffer overflow attempt,T1190 - Exploit Public-Facing Application,llm_candidate,0.9,"Rule detects buffer overflow exploitation attempt against Oracle dbms_repcat.comment_on_column_group procedure via overly long string parameters, indicating exploitation of a public-facing database application. Candidate mapping requiring validation."
2749,6,SERVER-ORACLE dbms_repcat.comment_on_delete_resolution buffer overflow attempt,T1190 - Exploit Public-Facing Application,llm_candidate,0.9,"Rule detects buffer overflow exploitation attempt against Oracle dbms_repcat.comment_on_delete_resolution procedure via overly long string parameters, indicating exploitation of a public-facing database application. Candidate mapping requiring validation."
2750,4,SERVER-ORACLE dbms_repcat.comment_on_mview_repsites buffer overflow attempt,T1190 - Exploit Public-Facing Application,llm_candidate,0.9,"Rule detects buffer overflow exploitation attempt against Oracle dbms_repcat.comment_on_mview_repsites procedure via overly long string parameters, indicating exploitation of a public-facing database application. Candidate mapping requiring validation."
2751,4,SERVER-ORACLE dbms_repcat.comment_on_priority_group buffer overflow attempt,T1190 - Exploit Public-Facing Application,llm_candidate,0.9,"Rule detects buffer overflow exploitation attempt against Oracle dbms_repcat.comment_on_priority_group procedure, indicating exploitation of a public-facing database application. Candidate mapping requiring validation."
2752,4,SERVER-ORACLE dbms_repcat.comment_on_repgroup buffer overflow attempt,T1190 - Exploit Public-Facing Application,llm_candidate,0.9,"Rule detects buffer overflow exploitation attempt against Oracle dbms_repcat.comment_on_repgroup procedure, indicating exploitation of a public-facing database application. Candidate mapping requiring validation."
2753,4,SERVER-ORACLE dbms_repcat.comment_on_repsites buffer overflow attempt,T1190 - Exploit Public-Facing Application,llm_candidate,0.9,"Rule detects buffer overflow exploitation attempt against Oracle dbms_repcat.comment_on_repsites procedure, indicating exploitation of a public-facing database application. Candidate mapping requiring validation."
2754,4,SERVER-ORACLE dbms_repcat.comment_on_site_priority buffer overflow attempt,T1190 - Exploit Public-Facing Application,llm_candidate,0.9,"Rule detects buffer overflow exploitation attempt against Oracle dbms_repcat.comment_on_site_priority procedure, indicating exploitation of a public-facing database application. Candidate mapping requiring validation."
2755,4,SERVER-ORACLE dbms_repcat.comment_on_unique_resolution buffer overflow attempt,T1190 - Exploit Public-Facing Application,llm_candidate,0.9,"Rule detects buffer overflow exploitation attempt against Oracle dbms_repcat.comment_on_unique_resolution procedure, indicating exploitation of a public-facing database application. Candidate mapping requiring validation."
2756,4,SERVER-ORACLE dbms_repcat.comment_on_update_resolution buffer overflow attempt,T1190 - Exploit Public-Facing Application,llm_candidate,0.9,"Rule detects buffer overflow exploitation attempt against Oracle dbms_repcat.comment_on_update_resolution procedure, indicating exploitation of a public-facing database application. Candidate mapping requiring validation."
2757,4,SERVER-ORACLE dbms_repcat.create_master_repgroup buffer overflow attempt,T1190 - Exploit Public-Facing Application,llm_candidate,0.9,"Rule detects buffer overflow exploitation attempt against Oracle dbms_repcat.create_master_repgroup procedure, indicating exploitation of a public-facing database application. Candidate mapping requiring validation."
2758,4,SERVER-ORACLE dbms_repcat.create_master_repobject buffer overflow attempt,T1190 - Exploit Public-Facing Application,llm_candidate,0.9,"Rule detects buffer overflow exploitation attempt against Oracle dbms_repcat.create_master_repobject procedure, indicating exploitation of a public-facing database application. Candidate mapping requiring validation."
2759,4,SERVER-ORACLE dbms_repcat.create_snapshot_repgroup buffer overflow attempt,T1190 - Exploit Public-Facing Application,llm_candidate,0.9,"Rule detects buffer overflow exploitation attempt against Oracle dbms_repcat.create_snapshot_repgroup procedure, indicating exploitation of a public-facing database application. Candidate mapping requiring validation."
2760,4,SERVER-ORACLE dbms_repcat.define_column_group buffer overflow attempt,T1190 - Exploit Public-Facing Application,llm_candidate,0.9,"Rule detects buffer overflow exploitation attempt against Oracle dbms_repcat.define_column_group procedure, indicating exploitation of a public-facing database application. Candidate mapping requiring validation."
2761,4,SERVER-ORACLE dbms_repcat.define_priority_group buffer overflow attempt,T1190 - Exploit Public-Facing Application,llm_candidate,0.9,"Rule detects buffer overflow exploitation attempt against Oracle dbms_repcat.define_priority_group procedure, indicating exploitation of a public-facing database application. Candidate mapping requiring validation."
2762,4,SERVER-ORACLE dbms_repcat.define_site_priority buffer overflow attempt,T1190 - Exploit Public-Facing Application,llm_candidate,0.9,"Rule detects buffer overflow exploitation attempt against Oracle dbms_repcat.define_site_priority procedure, indicating exploitation of a public-facing database application. Candidate mapping requiring validation."
2763,4,SERVER-ORACLE dbms_repcat.do_deferred_repcat_admin buffer overflow attempt,T1190 - Exploit Public-Facing Application,llm_candidate,0.9,"Rule detects buffer overflow exploitation attempt against Oracle dbms_repcat.do_deferred_repcat_admin procedure, indicating exploitation of a public-facing database application. Candidate mapping requiring validation."
2764,4,SERVER-ORACLE dbms_repcat.drop_column_group_from_flavor buffer overflow attempt,T1190 - Exploit Public-Facing Application,llm_candidate,0.9,"Rule detects buffer overflow exploitation attempt against Oracle dbms_repcat.drop_column_group_from_flavor procedure, indicating exploitation of a public-facing database application. Candidate mapping requiring validation."
2765,4,SERVER-ORACLE dbms_repcat.drop_column_group buffer overflow attempt,T1190 - Exploit Public-Facing Application,llm_candidate,0.9,"Rule detects buffer overflow exploitation attempt against Oracle dbms_repcat.drop_column_group procedure, indicating exploitation of a public-facing database application. Candidate mapping requiring validation."
2766,4,SERVER-ORACLE dbms_repcat.drop_columns_from_flavor buffer overflow attempt,T1190 - Exploit Public-Facing Application,llm_candidate,0.9,"Rule detects buffer overflow exploitation attempt against Oracle dbms_repcat.drop_columns_from_flavor procedure, indicating exploitation of a public-facing database application. Candidate mapping requiring validation."
2767,4,SERVER-ORACLE dbms_repcat.drop_delete_resolution buffer overflow attempt,T1190 - Exploit Public-Facing Application,llm_candidate,0.9,"Rule detects buffer overflow exploitation attempt against Oracle dbms_repcat.drop_delete_resolution procedure, indicating exploitation of a public-facing database application. Candidate mapping requiring validation."
2768,4,SERVER-ORACLE dbms_repcat.drop_grouped_column buffer overflow attempt,T1190 - Exploit Public-Facing Application,llm_candidate,0.9,"Rule detects buffer overflow exploitation attempt against Oracle dbms_repcat.drop_grouped_column procedure, indicating exploitation of a public-facing database application. Candidate mapping requiring validation."
2769,4,SERVER-ORACLE dbms_repcat.drop_mview_repobject buffer overflow attempt,T1190 - Exploit Public-Facing Application,llm_candidate,0.9,"Rule detects buffer overflow exploitation attempt against Oracle dbms_repcat.drop_mview_repobject procedure, indicating exploitation of a public-facing database application. Candidate mapping requiring validation."
2770,6,SERVER-ORACLE dbms_repcat.drop_object_from_flavor buffer overflow attempt,T1190 - Exploit Public-Facing Application,llm_candidate,0.9,"Rule detects buffer overflow exploitation attempt against Oracle dbms_repcat.drop_object_from_flavor procedure, indicating exploitation of a public-facing database application. Candidate mapping requiring validation."
2771,6,SERVER-ORACLE dbms_repcat.drop_priority_char buffer overflow attempt,T1190 - Exploit Public-Facing Application,llm_candidate,0.9,"Rule detects buffer overflow exploitation attempt against Oracle dbms_repcat.drop_priority_char procedure, indicating exploitation of a public-facing database application. Candidate mapping requiring validation."
2772,6,SERVER-ORACLE dbms_repcat.drop_priority_date buffer overflow attempt,T1190 - Exploit Public-Facing Application,llm_candidate,0.9,"Rule detects buffer overflow exploitation attempt against Oracle dbms_repcat.drop_priority_date procedure, indicating exploitation of a public-facing database application. Candidate mapping requiring validation."
2773,6,SERVER-ORACLE dbms_repcat.drop_priority_nchar buffer overflow attempt,T1190 - Exploit Public-Facing Application,llm_candidate,0.9,"Rule detects buffer overflow exploitation attempt against Oracle dbms_repcat.drop_priority_nchar procedure, indicating exploitation of a public-facing database application. Candidate mapping requiring validation."
2774,6,SERVER-ORACLE dbms_repcat.drop_priority_number buffer overflow attempt,T1190 - Exploit Public-Facing Application,llm_candidate,0.9,"Rule detects buffer overflow exploitation attempt against Oracle dbms_repcat.drop_priority_number procedure, indicating exploitation of a public-facing database application. Candidate mapping requiring validation."
2775,6,SERVER-ORACLE dbms_repcat.drop_priority_nvarchar2 buffer overflow attempt,T1190 - Exploit Public-Facing Application,llm_candidate,0.9,"Rule detects buffer overflow exploitation attempt against Oracle dbms_repcat.drop_priority_nvarchar2 procedure, indicating exploitation of a public-facing database application. Candidate mapping requiring validation."
2776,6,SERVER-ORACLE dbms_repcat.drop_priority_raw buffer overflow attempt,T1190 - Exploit Public-Facing Application,llm_candidate,0.9,"Rule detects buffer overflow exploitation attempt against Oracle dbms_repcat.drop_priority_raw procedure via network traffic, indicating exploitation of a public-facing database application. Candidate mapping requiring validation."
2777,6,SERVER-ORACLE dbms_repcat.drop_priority buffer overflow attempt,T1190 - Exploit Public-Facing Application,llm_candidate,0.9,"Rule detects buffer overflow exploitation attempt against Oracle dbms_repcat.drop_priority procedure via network traffic, indicating exploitation of a public-facing database application. Candidate mapping requiring validation."
2778,6,SERVER-ORACLE dbms_repcat.drop_priority_varchar2 buffer overflow attempt,T1190 - Exploit Public-Facing Application,llm_candidate,0.9,"Rule detects buffer overflow exploitation attempt against Oracle dbms_repcat.drop_priority_varchar2 procedure via network traffic, indicating exploitation of a public-facing database application. Candidate mapping requiring validation."
2779,6,SERVER-ORACLE dbms_repcat.drop_site_priority_site buffer overflow attempt,T1190 - Exploit Public-Facing Application,llm_candidate,0.9,"Rule detects buffer overflow exploitation attempt against Oracle dbms_repcat.drop_site_priority_site procedure via network traffic, indicating exploitation of a public-facing database application. Candidate mapping requiring validation."
2780,4,SERVER-ORACLE dbms_repcat.drop_site_priority buffer overflow attempt,T1190 - Exploit Public-Facing Application,llm_candidate,0.9,"Rule detects buffer overflow exploitation attempt against Oracle dbms_repcat.drop_site_priority procedure via network traffic, indicating exploitation of a public-facing database application. Candidate mapping requiring validation."
2781,4,SERVER-ORACLE dbms_repcat.drop_snapshot_repgroup buffer overflow attempt,T1190 - Exploit Public-Facing Application,llm_candidate,0.9,"Rule detects buffer overflow exploitation attempt against Oracle dbms_repcat.drop_snapshot_repgroup procedure via network traffic, indicating exploitation of a public-facing database application. Candidate mapping requiring validation."
2782,4,SERVER-ORACLE dbms_repcat.drop_snapshot_repobject buffer overflow attempt,T1190 - Exploit Public-Facing Application,llm_candidate,0.9,"Rule detects buffer overflow exploitation attempt against Oracle dbms_repcat.drop_snapshot_repobject procedure via network traffic, indicating exploitation of a public-facing database application. Candidate mapping requiring validation."
2783,4,SERVER-ORACLE dbms_repcat.drop_unique_resolution buffer overflow attempt,T1190 - Exploit Public-Facing Application,llm_candidate,0.9,"Rule detects buffer overflow exploitation attempt against Oracle dbms_repcat.drop_unique_resolution procedure via network traffic, indicating exploitation of a public-facing database application. Candidate mapping requiring validation."
2784,4,SERVER-ORACLE dbms_repcat.drop_update_resolution buffer overflow attempt,T1190 - Exploit Public-Facing Application,llm_candidate,0.9,"Rule detects buffer overflow exploitation attempt against Oracle dbms_repcat.drop_update_resolution procedure via network traffic, indicating exploitation of a public-facing database application. Candidate mapping requiring validation."
2785,4,SERVER-ORACLE dbms_repcat.execute_ddl buffer overflow attempt,T1190 - Exploit Public-Facing Application,llm_candidate,0.9,"Rule detects buffer overflow exploitation attempt against Oracle dbms_repcat.execute_ddl procedure via network traffic, indicating exploitation of a public-facing database application. Candidate mapping requiring validation."
2786,4,SERVER-ORACLE dbms_repcat.generate_replication_package buffer overflow attempt,T1190 - Exploit Public-Facing Application,llm_candidate,0.9,"Rule detects buffer overflow exploitation attempt against Oracle dbms_repcat.generate_replication_package procedure via network traffic, indicating exploitation of a public-facing database application. Candidate mapping requiring validation."
2787,4,SERVER-ORACLE dbms_repcat_instantiate.instantiate_online buffer overflow attempt,T1190 - Exploit Public-Facing Application,llm_candidate,0.9,"Rule detects buffer overflow exploitation attempt against Oracle dbms_repcat_instantiate.instantiate_online procedure via network traffic, indicating exploitation of a public-facing database application. Candidate mapping requiring validation."
2788,4,SERVER-ORACLE dbms_repcat.make_column_group buffer overflow attempt,T1190 - Exploit Public-Facing Application,llm_candidate,0.9,"Rule detects buffer overflow exploitation attempt against Oracle dbms_repcat.make_column_group procedure via network traffic, indicating exploitation of a public-facing database application. Candidate mapping requiring validation."
2789,4,SERVER-ORACLE dbms_repcat.obsolete_flavor_definition buffer overflow attempt,T1190 - Exploit Public-Facing Application,llm_candidate,0.9,"Rule detects buffer overflow exploitation attempt against Oracle dbms_repcat.obsolete_flavor_definition procedure via network traffic, indicating exploitation of a public-facing database application. Candidate mapping requiring validation."
2790,4,SERVER-ORACLE dbms_repcat.publish_flavor_definition buffer overflow attempt,T1190 - Exploit Public-Facing Application,llm_candidate,0.9,"Rule detects buffer overflow exploitation attempt against Oracle dbms_repcat.publish_flavor_definition procedure via network traffic, indicating exploitation of a public-facing database application. Candidate mapping requiring validation."
2791,4,SERVER-ORACLE dbms_repcat.purge_flavor_definition buffer overflow attempt,T1190 - Exploit Public-Facing Application,llm_candidate,0.9,"Rule detects buffer overflow exploitation attempt against Oracle dbms_repcat.purge_flavor_definition procedure via network traffic, indicating exploitation of a public-facing database application. Candidate mapping requiring validation."
2792,4,SERVER-ORACLE dbms_repcat.purge_master_log buffer overflow attempt,T1190 - Exploit Public-Facing Application,llm_candidate,0.9,"Rule detects buffer overflow exploitation attempt against Oracle dbms_repcat.purge_master_log procedure via network traffic, indicating exploitation of a public-facing database application. Candidate mapping requiring validation."
2793,4,SERVER-ORACLE dbms_repcat.purge_statistics buffer overflow attempt,T1190 - Exploit Public-Facing Application,llm_candidate,0.9,"Rule detects buffer overflow exploitation attempt against Oracle dbms_repcat.purge_statistics procedure via network traffic, indicating exploitation of a public-facing database application. Candidate mapping requiring validation."
2794,5,SERVER-ORACLE dbms_repcat.refresh_mview_repgroup buffer overflow attempt,T1190 - Exploit Public-Facing Application,llm_candidate,0.9,"Rule detects buffer overflow exploitation attempt against Oracle dbms_repcat.refresh_mview_repgroup procedure via network traffic, indicating exploitation of a public-facing database application. Candidate mapping requiring validation."
2795,4,SERVER-ORACLE dbms_repcat.refresh_snapshot_repgroup buffer overflow attempt,T1190 - Exploit Public-Facing Application,llm_candidate,0.9,"Rule detects buffer overflow exploitation attempt against Oracle dbms_repcat.refresh_snapshot_repgroup procedure via network traffic, indicating exploitation of a public-facing database application. Candidate mapping requiring validation."
2796,4,SERVER-ORACLE dbms_repcat.register_mview_repgroup buffer overflow attempt,T1190 - Exploit Public-Facing Application,llm_candidate,0.9,"Rule detects buffer overflow exploitation attempt against Oracle dbms_repcat.register_mview_repgroup procedure via network traffic, indicating exploitation of a public-facing database application. Candidate mapping requiring validation."
2797,4,SERVER-ORACLE dbms_repcat.register_snapshot_repgroup buffer overflow attempt,T1190 - Exploit Public-Facing Application,llm_candidate,0.9,"Rule detects buffer overflow exploitation attempt against Oracle dbms_repcat.register_snapshot_repgroup procedure via network traffic, indicating exploitation of a public-facing database application. Candidate mapping requiring validation."
2798,4,SERVER-ORACLE dbms_repcat.register_statistics buffer overflow attempt,T1190 - Exploit Public-Facing Application,llm_candidate,0.9,"Rule detects buffer overflow exploitation attempt against Oracle dbms_repcat.register_statistics procedure via network traffic, indicating exploitation of a public-facing database application. Candidate mapping requiring validation."
2799,4,SERVER-ORACLE dbms_repcat.relocate_masterdef buffer overflow attempt,T1190 - Exploit Public-Facing Application,llm_candidate,0.9,"Rule detects buffer overflow exploitation attempt against Oracle dbms_repcat.relocate_masterdef procedure via network traffic, indicating exploitation of a public-facing database application. Candidate mapping requiring validation."
2800,4,SERVER-ORACLE dbms_repcat.rename_shadow_column_group buffer overflow attempt,T1190 - Exploit Public-Facing Application,llm_candidate,0.9,"Rule detects buffer overflow exploitation attempt against Oracle dbms_repcat.rename_shadow_column_group procedure via network traffic, indicating exploitation of a public-facing database application. Candidate mapping requiring validation."
2801,4,SERVER-ORACLE dbms_repcat.resume_master_activity buffer overflow attempt,T1210 - Exploitation of Remote Services,llm_candidate,0.9,Rule detects buffer overflow exploitation attempt against Oracle dbms_repcat.resume_master_activity procedure via overly long string parameters in network traffic. Candidate mapping requiring validation.
2802,4,SERVER-ORACLE dbms_repcat_rgt.check_ddl_text buffer overflow attempt,T1210 - Exploitation of Remote Services,llm_candidate,0.9,Rule detects buffer overflow exploitation attempt against Oracle dbms_repcat_rgt.check_ddl_text procedure via overly long string parameters in network traffic. Candidate mapping requiring validation.
2803,4,SERVER-ORACLE dbms_repcat_rgt.drop_site_instantiation buffer overflow attempt,T1210 - Exploitation of Remote Services,llm_candidate,0.9,Rule detects buffer overflow exploitation attempt against Oracle dbms_repcat_rgt.drop_site_instantiation procedure via overly long string parameters in network traffic. Candidate mapping requiring validation.
2804,4,SERVER-ORACLE dbms_repcat.send_and_compare_old_values buffer overflow attempt,T1210 - Exploitation of Remote Services,llm_candidate,0.9,Rule detects buffer overflow exploitation attempt against Oracle dbms_repcat.send_and_compare_old_values procedure via overly long string parameters in network traffic. Candidate mapping requiring validation.
2805,4,SERVER-ORACLE dbms_repcat.set_columns buffer overflow attempt,T1210 - Exploitation of Remote Services,llm_candidate,0.9,Rule detects buffer overflow exploitation attempt against Oracle dbms_repcat.set_columns procedure via overly long string parameters in network traffic. Candidate mapping requiring validation.
2806,4,SERVER-ORACLE dbms_repcat.set_local_flavor buffer overflow attempt,T1210 - Exploitation of Remote Services,llm_candidate,0.9,Rule detects buffer overflow exploitation attempt against Oracle dbms_repcat.set_local_flavor procedure via overly long string parameters in network traffic. Candidate mapping requiring validation.
2807,4,SERVER-ORACLE dbms_repcat.specify_new_masters buffer overflow attempt,T1210 - Exploitation of Remote Services,llm_candidate,0.9,Rule detects buffer overflow exploitation attempt against Oracle dbms_repcat.specify_new_masters procedure via overly long string parameters in network traffic. Candidate mapping requiring validation.
2808,4,SERVER-ORACLE dbms_repcat.suspend_master_activity buffer overflow attempt,T1210 - Exploitation of Remote Services,llm_candidate,0.9,Rule detects buffer overflow exploitation attempt against Oracle dbms_repcat.suspend_master_activity procedure via overly long string parameters in network traffic. Candidate mapping requiring validation.
2809,4,SERVER-ORACLE dbms_repcat.unregister_mview_repgroup buffer overflow attempt,T1210 - Exploitation of Remote Services,llm_candidate,0.9,Rule detects buffer overflow exploitation attempt against Oracle dbms_repcat.unregister_mview_repgroup procedure via overly long string parameters in network traffic. Candidate mapping requiring validation.
2810,4,SERVER-ORACLE dbms_repcat.unregister_snapshot_repgroup buffer overflow attempt,T1210 - Exploitation of Remote Services,llm_candidate,0.9,Rule detects buffer overflow exploitation attempt against Oracle dbms_repcat.unregister_snapshot_repgroup procedure via overly long string parameters in network traffic. Candidate mapping requiring validation.
2811,4,SERVER-ORACLE dbms_repcat.validate_flavor_definition buffer overflow attempt,T1210 - Exploitation of Remote Services,llm_candidate,0.9,Rule detects buffer overflow exploitation attempt against Oracle dbms_repcat.validate_flavor_definition procedure via overly long string parameters in network traffic. Candidate mapping requiring validation.
2812,4,SERVER-ORACLE dbms_repcat.validate_for_local_flavor buffer overflow attempt,T1210 - Exploitation of Remote Services,llm_candidate,0.9,Rule detects buffer overflow exploitation attempt against Oracle dbms_repcat.validate_for_local_flavor procedure via overly long string parameters in network traffic. Candidate mapping requiring validation.
2813,4,SERVER-ORACLE sys.dbms_repcat_fla.abort_flavor_definition buffer overflow attempt,T1210 - Exploitation of Remote Services,llm_candidate,0.9,Rule detects buffer overflow exploitation attempt against Oracle sys.dbms_repcat_fla.abort_flavor_definition procedure via overly long string parameters in network traffic. Candidate mapping requiring validation.
2814,4,SERVER-ORACLE sys.dbms_repcat_fla.add_object_to_flavor buffer overflow attempt,T1210 - Exploitation of Remote Services,llm_candidate,0.9,Rule detects buffer overflow exploitation attempt against Oracle sys.dbms_repcat_fla.add_object_to_flavor procedure via overly long string parameters in network traffic. Candidate mapping requiring validation.
2815,4,SERVER-ORACLE sys.dbms_repcat_fla.begin_flavor_definition buffer overflow attempt,T1210 - Exploitation of Remote Services,llm_candidate,0.9,Rule detects buffer overflow exploitation attempt against Oracle sys.dbms_repcat_fla.begin_flavor_definition procedure via overly long string parameters in network traffic. Candidate mapping requiring validation.
2816,4,SERVER-ORACLE sys.dbms_repcat_fla.drop_object_from_flavor buffer overflow attempt,T1210 - Exploitation of Remote Services,llm_candidate,0.9,Rule detects buffer overflow exploitation attempt against Oracle sys.dbms_repcat_fla.drop_object_from_flavor procedure via overly long string parameters in network traffic. Candidate mapping requiring validation.
2817,4,SERVER-ORACLE sys.dbms_repcat_fla_mas.add_column_group_to_flavor buffer overflow attempt,T1210 - Exploitation of Remote Services,llm_candidate,0.9,Rule detects buffer overflow exploitation attempt against Oracle sys.dbms_repcat_fla_mas.add_column_group_to_flavor procedure via overly long string parameters in network traffic. Candidate mapping requiring validation.
2818,4,SERVER-ORACLE sys.dbms_repcat_fla_mas.add_columns_to_flavor buffer overflow attempt,T1210 - Exploitation of Remote Services,llm_candidate,0.9,Rule detects buffer overflow exploitation attempt against Oracle sys.dbms_repcat_fla_mas.add_columns_to_flavor procedure via overly long string parameters in network traffic. Candidate mapping requiring validation.
2819,4,SERVER-ORACLE sys.dbms_repcat_fla_mas.drop_column_group_from_flavor buffer overflow attempt,T1210 - Exploitation of Remote Services,llm_candidate,0.9,Rule detects buffer overflow exploitation attempt against Oracle sys.dbms_repcat_fla_mas.drop_column_group_from_flavor procedure via overly long string parameters in network traffic. Candidate mapping requiring validation.
2820,4,SERVER-ORACLE sys.dbms_repcat_fla_mas.drop_columns_from_flavor buffer overflow attempt,T1210 - Exploitation of Remote Services,llm_candidate,0.9,Rule detects buffer overflow exploitation attempt against Oracle sys.dbms_repcat_fla_mas.drop_columns_from_flavor procedure via overly long string parameters in network traffic. Candidate mapping requiring validation.
2821,4,SERVER-ORACLE sys.dbms_repcat_fla_mas.obsolete_flavor_definition buffer overflow attempt,T1210 - Exploitation of Remote Services,llm_candidate,0.9,Rule detects buffer overflow exploitation attempt against Oracle sys.dbms_repcat_fla_mas.obsolete_flavor_definition procedure via overly long string parameters in network traffic. Candidate mapping requiring validation.
2822,4,SERVER-ORACLE sys.dbms_repcat_fla_mas.publish_flavor_definition buffer overflow attempt,T1210 - Exploitation of Remote Services,llm_candidate,0.9,Rule detects buffer overflow exploitation attempt against Oracle sys.dbms_repcat_fla_mas.publish_flavor_definition procedure via overly long string parameters in network traffic. Candidate mapping requiring validation.
2823,4,SERVER-ORACLE sys.dbms_repcat_fla_mas.purge_flavor_definition buffer overflow attempt,T1210 - Exploitation of Remote Services,llm_candidate,0.9,Rule detects buffer overflow exploitation attempt against Oracle sys.dbms_repcat_fla_mas.purge_flavor_definition procedure via overly long string parameters in network traffic. Candidate mapping requiring validation.
2824,4,SERVER-ORACLE sys.dbms_repcat_fla.set_local_flavor buffer overflow attempt,T1210 - Exploitation of Remote Services,llm_candidate,0.9,Rule detects buffer overflow exploitation attempt against Oracle sys.dbms_repcat_fla.set_local_flavor procedure via overly long string parameters in network traffic. Candidate mapping requiring validation.
2825,4,SERVER-ORACLE sys.dbms_repcat_fla.validate_flavor_definition buffer overflow attempt,T1210 - Exploitation of Remote Services,llm_candidate,0.9,Rule detects buffer overflow exploitation attempt against Oracle sys.dbms_repcat_fla.validate_flavor_definition procedure via overly long string parameters in network traffic. Candidate mapping requiring validation.
2826,4,SERVER-ORACLE sys.dbms_repcat_fla.validate_for_local_flavor buffer overflow attempt,T1210 - Exploitation of Remote Services,llm_candidate,0.85,"Rule detects buffer overflow exploitation attempt against Oracle sys.dbms_repcat_fla.validate_for_local_flavor procedure via oversized string parameters, indicating exploitation of a remote database service. Candidate mapping requiring validation."
2827,4,SERVER-ORACLE sys.dbms_repcat_mas.alter_master_repobject buffer overflow attempt,T1210 - Exploitation of Remote Services,llm_candidate,0.85,"Rule detects buffer overflow exploitation attempt against Oracle sys.dbms_repcat_mas.alter_master_repobject procedure via oversized string parameters, indicating exploitation of a remote database service. Candidate mapping requiring validation."
2828,4,SERVER-ORACLE sys.dbms_repcat_mas.comment_on_repgroup buffer overflow attempt,T1210 - Exploitation of Remote Services,llm_candidate,0.85,"Rule detects buffer overflow exploitation attempt against Oracle sys.dbms_repcat_mas.comment_on_repgroup procedure via oversized string parameters, indicating exploitation of a remote database service. Candidate mapping requiring validation."
2829,4,SERVER-ORACLE sys.dbms_repcat_mas.comment_on_repobject buffer overflow attempt,T1210 - Exploitation of Remote Services,llm_candidate,0.85,"Rule detects buffer overflow exploitation attempt against Oracle sys.dbms_repcat_mas.comment_on_repobject procedure via oversized string parameters, indicating exploitation of a remote database service. Candidate mapping requiring validation."
2830,4,SERVER-ORACLE sys.dbms_repcat_mas.create_master_repgroup buffer overflow attempt,T1210 - Exploitation of Remote Services,llm_candidate,0.85,"Rule detects buffer overflow exploitation attempt against Oracle sys.dbms_repcat_mas.create_master_repgroup procedure via oversized string parameters, indicating exploitation of a remote database service. Candidate mapping requiring validation."
2831,4,SERVER-ORACLE sys.dbms_repcat_mas.create_master_repobject buffer overflow attempt,T1210 - Exploitation of Remote Services,llm_candidate,0.85,"Rule detects buffer overflow exploitation attempt against Oracle sys.dbms_repcat_mas.create_master_repobject procedure via oversized string parameters, indicating exploitation of a remote database service. Candidate mapping requiring validation."
2832,4,SERVER-ORACLE sys.dbms_repcat_mas.do_deferred_repcat_admin buffer overflow attempt,T1210 - Exploitation of Remote Services,llm_candidate,0.85,"Rule detects buffer overflow exploitation attempt against Oracle sys.dbms_repcat_mas.do_deferred_repcat_admin procedure via oversized string parameters, indicating exploitation of a remote database service. Candidate mapping requiring validation."
2833,4,SERVER-ORACLE sys.dbms_repcat_mas.drop_master_repgroup buffer overflow attempt,T1210 - Exploitation of Remote Services,llm_candidate,0.85,"Rule detects buffer overflow exploitation attempt against Oracle sys.dbms_repcat_mas.drop_master_repgroup procedure via oversized string parameters, indicating exploitation of a remote database service. Candidate mapping requiring validation."
2834,4,SERVER-ORACLE sys.dbms_repcat_mas.generate_replication_package buffer overflow attempt,T1210 - Exploitation of Remote Services,llm_candidate,0.85,"Rule detects buffer overflow exploitation attempt against Oracle sys.dbms_repcat_mas.generate_replication_package procedure via oversized string parameters, indicating exploitation of a remote database service. Candidate mapping requiring validation."
2835,4,SERVER-ORACLE sys.dbms_repcat_mas.purge_master_log buffer overflow attempt,T1210 - Exploitation of Remote Services,llm_candidate,0.85,"Rule detects buffer overflow exploitation attempt against Oracle sys.dbms_repcat_mas.purge_master_log procedure via oversized string parameters, indicating exploitation of a remote database service. Candidate mapping requiring validation."
2836,4,SERVER-ORACLE sys.dbms_repcat_mas.relocate_masterdef buffer overflow attempt,T1210 - Exploitation of Remote Services,llm_candidate,0.85,"Rule detects buffer overflow exploitation attempt against Oracle sys.dbms_repcat_mas.relocate_masterdef procedure via oversized string parameters, indicating exploitation of a remote database service. Candidate mapping requiring validation."
2837,4,SERVER-ORACLE sys.dbms_repcat_mas.rename_shadow_column_group buffer overflow attempt,T1210 - Exploitation of Remote Services,llm_candidate,0.85,"Rule detects buffer overflow exploitation attempt against Oracle sys.dbms_repcat_mas.rename_shadow_column_group procedure via oversized string parameters, indicating exploitation of a remote database service. Candidate mapping requiring validation."
2838,4,SERVER-ORACLE sys.dbms_repcat_mas.resume_master_activity buffer overflow attempt,T1210 - Exploitation of Remote Services,llm_candidate,0.85,"Rule detects buffer overflow exploitation attempt against Oracle sys.dbms_repcat_mas.resume_master_activity procedure via oversized string parameters, indicating exploitation of a remote database service. Candidate mapping requiring validation."
2839,4,SERVER-ORACLE sys.dbms_repcat_mas.suspend_master_activity buffer overflow attempt,T1210 - Exploitation of Remote Services,llm_candidate,0.85,"Rule detects buffer overflow exploitation attempt against Oracle sys.dbms_repcat_mas.suspend_master_activity procedure via oversized string parameters, indicating exploitation of a remote database service. Candidate mapping requiring validation."
2840,4,SERVER-ORACLE sys.dbms_repcat_sna_utl.alter_snapshot_propagation buffer overflow attempt,T1210 - Exploitation of Remote Services,llm_candidate,0.85,"Rule detects buffer overflow exploitation attempt against Oracle sys.dbms_repcat_sna_utl.alter_snapshot_propagation procedure via oversized string parameters, indicating exploitation of a remote database service. Candidate mapping requiring validation."
2841,5,SERVER-ORACLE sys.dbms_repcat_sna_utl.create_snapshot_repgroup buffer overflow attempt,T1210 - Exploitation of Remote Services,llm_candidate,0.85,"Rule detects buffer overflow exploitation attempt against Oracle sys.dbms_repcat_sna_utl.create_snapshot_repgroup procedure via oversized string parameters, indicating exploitation of a remote database service. Candidate mapping requiring validation."
2842,4,SERVER-ORACLE sys.dbms_repcat_sna_utl.drop_snapshot_repgroup buffer overflow attempt,T1210 - Exploitation of Remote Services,llm_candidate,0.85,"Rule detects buffer overflow exploitation attempt against Oracle sys.dbms_repcat_sna_utl.drop_snapshot_repgroup procedure via oversized string parameters, indicating exploitation of a remote database service. Candidate mapping requiring validation."
2843,4,SERVER-ORACLE sys.dbms_repcat_sna_utl.drop_snapshot_repobject buffer overflow attempt,T1210 - Exploitation of Remote Services,llm_candidate,0.85,"Rule detects buffer overflow exploitation attempt against Oracle sys.dbms_repcat_sna_utl.drop_snapshot_repobject procedure via oversized string parameters, indicating exploitation of a remote database service. Candidate mapping requiring validation."
2844,4,SERVER-ORACLE sys.dbms_repcat_sna_utl.refresh_snapshot_repgroup buffer overflow attempt,T1210 - Exploitation of Remote Services,llm_candidate,0.85,"Rule detects buffer overflow exploitation attempt against Oracle sys.dbms_repcat_sna_utl.refresh_snapshot_repgroup procedure via oversized string parameters, indicating exploitation of a remote database service. Candidate mapping requiring validation."
2845,4,SERVER-ORACLE sys.dbms_repcat_sna_utl.register_snapshot_repgroup buffer overflow attempt,T1210 - Exploitation of Remote Services,llm_candidate,0.85,"Rule detects buffer overflow exploitation attempt against Oracle sys.dbms_repcat_sna_utl.register_snapshot_repgroup procedure via oversized string parameters, indicating exploitation of a remote database service. Candidate mapping requiring validation."
2846,4,SERVER-ORACLE sys.dbms_repcat_sna_utl.repcat_import_check buffer overflow attempt,T1210 - Exploitation of Remote Services,llm_candidate,0.85,"Rule detects buffer overflow exploitation attempt against Oracle sys.dbms_repcat_sna_utl.repcat_import_check procedure via oversized string parameters, indicating exploitation of a remote database service. Candidate mapping requiring validation."
2847,4,SERVER-ORACLE sys.dbms_repcat_sna_utl.unregister_snapshot_repgroup buffer overflow attempt,T1210 - Exploitation of Remote Services,llm_candidate,0.85,"Rule detects buffer overflow exploitation attempt against Oracle sys.dbms_repcat_sna_utl.unregister_snapshot_repgroup procedure via oversized string parameters, indicating exploitation of a remote database service. Candidate mapping requiring validation."
2848,4,SERVER-ORACLE sys.dbms_repcat_utl4.drop_master_repobject buffer overflow attempt,T1210 - Exploitation of Remote Services,llm_candidate,0.85,"Rule detects buffer overflow exploitation attempt against Oracle sys.dbms_repcat_utl4.drop_master_repobject procedure via oversized string parameters, indicating exploitation of a remote database service. Candidate mapping requiring validation."
2849,5,SERVER-ORACLE sys.dbms_repcat_utl.drop_an_object buffer overflow attempt,T1210 - Exploitation of Remote Services,llm_candidate,0.85,"Rule detects buffer overflow exploitation attempt against Oracle sys.dbms_repcat_utl.drop_an_object procedure via oversized string parameters, indicating exploitation of a remote database service. Candidate mapping requiring validation."
2850,4,SERVER-ORACLE dbms_repcat.create_mview_repobject buffer overflow attempt,T1210 - Exploitation of Remote Services,llm_candidate,0.85,"Rule detects buffer overflow exploitation attempt against Oracle dbms_repcat.create_mview_repobject procedure via oversized string parameters, indicating exploitation of a remote database service. Candidate mapping requiring validation."
2851,4,SERVER-ORACLE dbms_repcat.create_snapshot_repobject buffer overflow attempt,T1210 - Exploitation of Remote Services,llm_candidate,0.95,"Rule detects buffer overflow exploitation attempt against Oracle dbms_repcat.create_snapshot_repobject procedure via overly long string parameters, indicating remote service exploitation. Candidate mapping requiring validation."
2852,4,SERVER-ORACLE dbms_repcat.generate_mview_support buffer overflow attempt,T1210 - Exploitation of Remote Services,llm_candidate,0.95,"Rule detects buffer overflow exploitation attempt against Oracle dbms_repcat.generate_mview_support procedure via overly long string parameters, indicating remote service exploitation. Candidate mapping requiring validation."
2853,4,SERVER-ORACLE dbms_repcat.generate_replication_trigger buffer overflow attempt,T1210 - Exploitation of Remote Services,llm_candidate,0.95,"Rule detects buffer overflow exploitation attempt against Oracle dbms_repcat.generate_replication_trigger procedure via overly long string parameters, indicating remote service exploitation. Candidate mapping requiring validation."
2854,4,SERVER-ORACLE dbms_repcat.generate_snapshot_support buffer overflow attempt,T1210 - Exploitation of Remote Services,llm_candidate,0.95,"Rule detects buffer overflow exploitation attempt against Oracle dbms_repcat.generate_snapshot_support procedure via overly long string parameters, indicating remote service exploitation. Candidate mapping requiring validation."
2855,4,SERVER-ORACLE dbms_repcat.remove_master_databases buffer overflow attempt,T1210 - Exploitation of Remote Services,llm_candidate,0.95,"Rule detects buffer overflow exploitation attempt against Oracle dbms_repcat.remove_master_databases procedure via overly long string parameters, indicating remote service exploitation. Candidate mapping requiring validation."
2856,4,SERVER-ORACLE dbms_repcat.switch_mview_master buffer overflow attempt,T1210 - Exploitation of Remote Services,llm_candidate,0.95,"Rule detects buffer overflow exploitation attempt against Oracle dbms_repcat.switch_mview_master procedure via overly long string parameters, indicating remote service exploitation. Candidate mapping requiring validation."
2857,4,SERVER-ORACLE dbms_repcat.switch_snapshot_master buffer overflow attempt,T1210 - Exploitation of Remote Services,llm_candidate,0.95,"Rule detects buffer overflow exploitation attempt against Oracle dbms_repcat.switch_snapshot_master procedure via overly long string parameters, indicating remote service exploitation. Candidate mapping requiring validation."
2858,4,SERVER-ORACLE sys.dbms_repcat_conf.add_delete_resolution buffer overflow attempt,T1210 - Exploitation of Remote Services,llm_candidate,0.95,"Rule detects buffer overflow exploitation attempt against Oracle sys.dbms_repcat_conf.add_delete_resolution procedure via overly long string parameters, indicating remote service exploitation. Candidate mapping requiring validation."
2859,4,SERVER-ORACLE sys.dbms_repcat_conf.add_priority_char buffer overflow attempt,T1210 - Exploitation of Remote Services,llm_candidate,0.95,"Rule detects buffer overflow exploitation attempt against Oracle sys.dbms_repcat_conf.add_priority_char procedure via overly long string parameters, indicating remote service exploitation. Candidate mapping requiring validation."
2860,4,SERVER-ORACLE sys.dbms_repcat_conf.add_priority_date buffer overflow attempt,T1210 - Exploitation of Remote Services,llm_candidate,0.95,"Rule detects buffer overflow exploitation attempt against Oracle sys.dbms_repcat_conf.add_priority_date procedure via overly long string parameters, indicating remote service exploitation. Candidate mapping requiring validation."
2861,4,SERVER-ORACLE sys.dbms_repcat_conf.add_priority_nchar buffer overflow attempt,T1210 - Exploitation of Remote Services,llm_candidate,0.95,"Rule detects buffer overflow exploitation attempt against Oracle sys.dbms_repcat_conf.add_priority_nchar procedure via overly long string parameters, indicating remote service exploitation. Candidate mapping requiring validation."
2862,4,SERVER-ORACLE sys.dbms_repcat_conf.add_priority_number buffer overflow attempt,T1210 - Exploitation of Remote Services,llm_candidate,0.95,"Rule detects buffer overflow exploitation attempt against Oracle sys.dbms_repcat_conf.add_priority_number procedure via overly long string parameters, indicating remote service exploitation. Candidate mapping requiring validation."
2863,4,SERVER-ORACLE sys.dbms_repcat_conf.add_priority_nvarchar2 buffer overflow attempt,T1210 - Exploitation of Remote Services,llm_candidate,0.95,"Rule detects buffer overflow exploitation attempt against Oracle sys.dbms_repcat_conf.add_priority_nvarchar2 procedure via overly long string parameters, indicating remote service exploitation. Candidate mapping requiring validation."
2864,4,SERVER-ORACLE sys.dbms_repcat_conf.add_priority_raw buffer overflow attempt,T1210 - Exploitation of Remote Services,llm_candidate,0.95,"Rule detects buffer overflow exploitation attempt against Oracle sys.dbms_repcat_conf.add_priority_raw procedure via overly long string parameters, indicating remote service exploitation. Candidate mapping requiring validation."
2865,4,SERVER-ORACLE sys.dbms_repcat_conf.add_priority_varchar2 buffer overflow attempt,T1210 - Exploitation of Remote Services,llm_candidate,0.95,"Rule detects buffer overflow exploitation attempt against Oracle sys.dbms_repcat_conf.add_priority_varchar2 procedure via overly long string parameters, indicating remote service exploitation. Candidate mapping requiring validation."
2866,4,SERVER-ORACLE sys.dbms_repcat_conf.add_site_priority_site buffer overflow attempt,T1210 - Exploitation of Remote Services,llm_candidate,0.95,"Rule detects buffer overflow exploitation attempt against Oracle sys.dbms_repcat_conf.add_site_priority_site procedure via overly long string parameters, indicating remote service exploitation. Candidate mapping requiring validation."
2867,4,SERVER-ORACLE sys.dbms_repcat_conf.add_unique_resolution buffer overflow attempt,T1210 - Exploitation of Remote Services,llm_candidate,0.95,"Rule detects buffer overflow exploitation attempt against Oracle sys.dbms_repcat_conf.add_unique_resolution procedure via overly long string parameters, indicating remote service exploitation. Candidate mapping requiring validation."
2868,4,SERVER-ORACLE sys.dbms_repcat_conf.add_update_resolution buffer overflow attempt,T1210 - Exploitation of Remote Services,llm_candidate,0.95,"Rule detects buffer overflow exploitation attempt against Oracle sys.dbms_repcat_conf.add_update_resolution procedure via overly long string parameters, indicating remote service exploitation. Candidate mapping requiring validation."
2869,4,SERVER-ORACLE sys.dbms_repcat_conf.alter_priority_char buffer overflow attempt,T1210 - Exploitation of Remote Services,llm_candidate,0.95,"Rule detects buffer overflow exploitation attempt against Oracle sys.dbms_repcat_conf.alter_priority_char procedure via overly long string parameters, indicating remote service exploitation. Candidate mapping requiring validation."
2870,4,SERVER-ORACLE sys.dbms_repcat_conf.alter_priority_date buffer overflow attempt,T1210 - Exploitation of Remote Services,llm_candidate,0.95,"Rule detects buffer overflow exploitation attempt against Oracle sys.dbms_repcat_conf.alter_priority_date procedure via overly long string parameters, indicating remote service exploitation. Candidate mapping requiring validation."
2871,4,SERVER-ORACLE sys.dbms_repcat_conf.alter_priority_nchar buffer overflow attempt,T1210 - Exploitation of Remote Services,llm_candidate,0.95,"Rule detects buffer overflow exploitation attempt against Oracle sys.dbms_repcat_conf.alter_priority_nchar procedure via overly long string parameters, indicating remote service exploitation. Candidate mapping requiring validation."
2872,4,SERVER-ORACLE sys.dbms_repcat_conf.alter_priority_number buffer overflow attempt,T1210 - Exploitation of Remote Services,llm_candidate,0.95,"Rule detects buffer overflow exploitation attempt against Oracle sys.dbms_repcat_conf.alter_priority_number procedure via overly long string parameters, indicating remote service exploitation. Candidate mapping requiring validation."
2873,4,SERVER-ORACLE sys.dbms_repcat_conf.alter_priority_nvarchar2 buffer overflow attempt,T1210 - Exploitation of Remote Services,llm_candidate,0.95,"Rule detects buffer overflow exploitation attempt against Oracle sys.dbms_repcat_conf.alter_priority_nvarchar2 procedure via overly long string parameters, indicating remote service exploitation. Candidate mapping requiring validation."
2874,4,SERVER-ORACLE sys.dbms_repcat_conf.alter_priority_raw buffer overflow attempt,T1210 - Exploitation of Remote Services,llm_candidate,0.95,"Rule detects buffer overflow exploitation attempt against Oracle sys.dbms_repcat_conf.alter_priority_raw procedure via overly long string parameters, indicating remote service exploitation. Candidate mapping requiring validation."
2875,4,SERVER-ORACLE sys.dbms_repcat_conf.alter_priority buffer overflow attempt,T1210 - Exploitation of Remote Services,llm_candidate,0.95,"Rule detects buffer overflow exploitation attempt against Oracle sys.dbms_repcat_conf.alter_priority procedure via overly long string parameters, indicating remote service exploitation. Candidate mapping requiring validation."
2876,4,SERVER-ORACLE sys.dbms_repcat_conf.alter_priority_varchar2 buffer overflow attempt,T1190 - Exploit Public-Facing Application,llm_candidate,0.95,"Rule detects buffer overflow exploitation attempt against Oracle database procedure sys.dbms_repcat_conf.alter_priority_varchar2 via overly long string parameters, indicating exploitation of a public-facing database service. Candidate mapping requiring validation."
2877,4,SERVER-ORACLE sys.dbms_repcat_conf.alter_site_priority_site buffer overflow attempt,T1190 - Exploit Public-Facing Application,llm_candidate,0.95,"Rule detects buffer overflow exploitation attempt against Oracle database procedure sys.dbms_repcat_conf.alter_site_priority_site via overly long string parameters, indicating exploitation of a public-facing database service. Candidate mapping requiring validation."
2878,4,SERVER-ORACLE sys.dbms_repcat_conf.alter_site_priority buffer overflow attempt,T1190 - Exploit Public-Facing Application,llm_candidate,0.95,"Rule detects buffer overflow exploitation attempt against Oracle database procedure sys.dbms_repcat_conf.alter_site_priority via overly long string parameters, indicating exploitation of a public-facing database service. Candidate mapping requiring validation."
2879,4,SERVER-ORACLE sys.dbms_repcat_conf.cancel_statistics buffer overflow attempt,T1190 - Exploit Public-Facing Application,llm_candidate,0.95,"Rule detects buffer overflow exploitation attempt against Oracle database procedure sys.dbms_repcat_conf.cancel_statistics via overly long string parameters, indicating exploitation of a public-facing database service. Candidate mapping requiring validation."
2880,4,SERVER-ORACLE sys.dbms_repcat_conf.comment_on_delete_resolution buffer overflow attempt,T1190 - Exploit Public-Facing Application,llm_candidate,0.95,"Rule detects buffer overflow exploitation attempt against Oracle database procedure sys.dbms_repcat_conf.comment_on_delete_resolution via overly long string parameters, indicating exploitation of a public-facing database service. Candidate mapping requiring validation."
2881,4,SERVER-ORACLE sys.dbms_repcat_conf.comment_on_priority_group buffer overflow attempt,T1190 - Exploit Public-Facing Application,llm_candidate,0.95,"Rule detects buffer overflow exploitation attempt against Oracle database procedure sys.dbms_repcat_conf.comment_on_priority_group via overly long string parameters, indicating exploitation of a public-facing database service. Candidate mapping requiring validation."
2882,4,SERVER-ORACLE sys.dbms_repcat_conf.comment_on_site_priority buffer overflow attempt,T1190 - Exploit Public-Facing Application,llm_candidate,0.95,"Rule detects buffer overflow exploitation attempt against Oracle database procedure sys.dbms_repcat_conf.comment_on_site_priority via overly long string parameters, indicating exploitation of a public-facing database service. Candidate mapping requiring validation."
2883,4,SERVER-ORACLE sys.dbms_repcat_conf.comment_on_unique_resolution buffer overflow attempt,T1190 - Exploit Public-Facing Application,llm_candidate,0.95,"Rule detects buffer overflow exploitation attempt against Oracle database procedure sys.dbms_repcat_conf.comment_on_unique_resolution via overly long string parameters, indicating exploitation of a public-facing database service. Candidate mapping requiring validation."
2884,4,SERVER-ORACLE sys.dbms_repcat_conf.comment_on_update_resolution buffer overflow attempt,T1190 - Exploit Public-Facing Application,llm_candidate,0.95,"Rule detects buffer overflow exploitation attempt against Oracle database procedure sys.dbms_repcat_conf.comment_on_update_resolution via overly long string parameters, indicating exploitation of a public-facing database service. Candidate mapping requiring validation."
2885,4,SERVER-ORACLE sys.dbms_repcat_conf.define_priority_group buffer overflow attempt,T1190 - Exploit Public-Facing Application,llm_candidate,0.95,"Rule detects buffer overflow exploitation attempt against Oracle database procedure sys.dbms_repcat_conf.define_priority_group via overly long string parameters, indicating exploitation of a public-facing database service. Candidate mapping requiring validation."
2886,4,SERVER-ORACLE sys.dbms_repcat_conf.define_site_priority buffer overflow attempt,T1190 - Exploit Public-Facing Application,llm_candidate,0.95,"Rule detects buffer overflow exploitation attempt against Oracle database procedure sys.dbms_repcat_conf.define_site_priority via overly long string parameters, indicating exploitation of a public-facing database service. Candidate mapping requiring validation."
2887,4,SERVER-ORACLE sys.dbms_repcat_conf.drop_delete_resolution buffer overflow attempt,T1190 - Exploit Public-Facing Application,llm_candidate,0.95,"Rule detects buffer overflow exploitation attempt against Oracle database procedure sys.dbms_repcat_conf.drop_delete_resolution via overly long string parameters, indicating exploitation of a public-facing database service. Candidate mapping requiring validation."
2888,4,SERVER-ORACLE sys.dbms_repcat_conf.drop_priority_char buffer overflow attempt,T1190 - Exploit Public-Facing Application,llm_candidate,0.95,"Rule detects buffer overflow exploitation attempt against Oracle database procedure sys.dbms_repcat_conf.drop_priority_char via overly long string parameters, indicating exploitation of a public-facing database service. Candidate mapping requiring validation."
2889,4,SERVER-ORACLE sys.dbms_repcat_conf.drop_priority_date buffer overflow attempt,T1190 - Exploit Public-Facing Application,llm_candidate,0.95,"Rule detects buffer overflow exploitation attempt against Oracle database procedure sys.dbms_repcat_conf.drop_priority_date via overly long string parameters, indicating exploitation of a public-facing database service. Candidate mapping requiring validation."
2890,4,SERVER-ORACLE sys.dbms_repcat_conf.drop_priority_nchar buffer overflow attempt,T1190 - Exploit Public-Facing Application,llm_candidate,0.95,"Rule detects buffer overflow exploitation attempt against Oracle database procedure sys.dbms_repcat_conf.drop_priority_nchar via overly long string parameters, indicating exploitation of a public-facing database service. Candidate mapping requiring validation."
2891,4,SERVER-ORACLE sys.dbms_repcat_conf.drop_priority_number buffer overflow attempt,T1190 - Exploit Public-Facing Application,llm_candidate,0.95,"Rule detects buffer overflow exploitation attempt against Oracle database procedure sys.dbms_repcat_conf.drop_priority_number via overly long string parameters, indicating exploitation of a public-facing database service. Candidate mapping requiring validation."
2892,4,SERVER-ORACLE sys.dbms_repcat_conf.drop_priority_nvarchar2 buffer overflow attempt,T1190 - Exploit Public-Facing Application,llm_candidate,0.95,"Rule detects buffer overflow exploitation attempt against Oracle database procedure sys.dbms_repcat_conf.drop_priority_nvarchar2 via overly long string parameters, indicating exploitation of a public-facing database service. Candidate mapping requiring validation."
2893,4,SERVER-ORACLE sys.dbms_repcat_conf.drop_priority_raw buffer overflow attempt,T1190 - Exploit Public-Facing Application,llm_candidate,0.95,"Rule detects buffer overflow exploitation attempt against Oracle database procedure sys.dbms_repcat_conf.drop_priority_raw via overly long string parameters, indicating exploitation of a public-facing database service. Candidate mapping requiring validation."
2894,4,SERVER-ORACLE sys.dbms_repcat_conf.drop_priority buffer overflow attempt,T1190 - Exploit Public-Facing Application,llm_candidate,0.95,"Rule detects buffer overflow exploitation attempt against Oracle database procedure sys.dbms_repcat_conf.drop_priority via overly long string parameters, indicating exploitation of a public-facing database service. Candidate mapping requiring validation."
2895,4,SERVER-ORACLE sys.dbms_repcat_conf.drop_priority_varchar2 buffer overflow attempt,T1190 - Exploit Public-Facing Application,llm_candidate,0.95,"Rule detects buffer overflow exploitation attempt against Oracle database procedure sys.dbms_repcat_conf.drop_priority_varchar2 via overly long string parameters, indicating exploitation of a public-facing database service. Candidate mapping requiring validation."
2896,4,SERVER-ORACLE sys.dbms_repcat_conf.drop_site_priority_site buffer overflow attempt,T1190 - Exploit Public-Facing Application,llm_candidate,0.95,"Rule detects buffer overflow exploitation attempt against Oracle database procedure sys.dbms_repcat_conf.drop_site_priority_site via overly long string parameters, indicating exploitation of a public-facing database service. Candidate mapping requiring validation."
2897,4,SERVER-ORACLE sys.dbms_repcat_conf.drop_site_priority buffer overflow attempt,T1190 - Exploit Public-Facing Application,llm_candidate,0.95,"Rule detects buffer overflow exploitation attempt against Oracle database procedure sys.dbms_repcat_conf.drop_site_priority via overly long string parameters, indicating exploitation of a public-facing database service. Candidate mapping requiring validation."
2898,4,SERVER-ORACLE sys.dbms_repcat_conf.drop_unique_resolution buffer overflow attempt,T1190 - Exploit Public-Facing Application,llm_candidate,0.95,"Rule detects buffer overflow exploitation attempt against Oracle database procedure sys.dbms_repcat_conf.drop_unique_resolution via overly long string parameters, indicating exploitation of a public-facing database service. Candidate mapping requiring validation."
2899,4,SERVER-ORACLE sys.dbms_repcat_conf.drop_update_resolution buffer overflow attempt,T1190 - Exploit Public-Facing Application,llm_candidate,0.95,"Rule detects buffer overflow exploitation attempt against Oracle database procedure sys.dbms_repcat_conf.drop_update_resolution via overly long string parameters, indicating exploitation of a public-facing database service. Candidate mapping requiring validation."
2900,4,SERVER-ORACLE sys.dbms_repcat_conf.purge_statistics buffer overflow attempt,T1190 - Exploit Public-Facing Application,llm_candidate,0.95,"Rule detects buffer overflow exploitation attempt against Oracle database procedure sys.dbms_repcat_conf.purge_statistics via overly long string parameters, indicating exploitation of a public-facing database service. Candidate mapping requiring validation."
2901,4,SERVER-ORACLE sys.dbms_repcat_conf.register_statistics buffer overflow attempt,T1210 - Exploitation of Remote Services,llm_candidate,0.9,Detects buffer overflow exploit attempt against Oracle database remote procedure sys.dbms_repcat_conf.register_statistics via overly long string parameters. Candidate mapping requiring validation.
2902,4,SERVER-ORACLE sys.dbms_repcat_sna.alter_snapshot_propagation buffer overflow attempt,T1210 - Exploitation of Remote Services,llm_candidate,0.9,Detects buffer overflow exploit attempt against Oracle database remote procedure sys.dbms_repcat_sna.alter_snapshot_propagation via overly long string parameters. Candidate mapping requiring validation.
2903,4,SERVER-ORACLE sys.dbms_repcat_sna.create_snapshot_repgroup buffer overflow attempt,T1210 - Exploitation of Remote Services,llm_candidate,0.9,Detects buffer overflow exploit attempt against Oracle database remote procedure sys.dbms_repcat_sna.create_snapshot_repgroup via overly long string parameters. Candidate mapping requiring validation.
2904,4,SERVER-ORACLE sys.dbms_repcat_sna.create_snapshot_repobject buffer overflow attempt,T1210 - Exploitation of Remote Services,llm_candidate,0.9,Detects buffer overflow exploit attempt against Oracle database remote procedure sys.dbms_repcat_sna.create_snapshot_repobject via overly long string parameters. Candidate mapping requiring validation.
2905,4,SERVER-ORACLE sys.dbms_repcat_sna.create_snapshot_repschema buffer overflow attempt,T1210 - Exploitation of Remote Services,llm_candidate,0.9,Detects buffer overflow exploit attempt against Oracle database remote procedure sys.dbms_repcat_sna.create_snapshot_repschema via overly long string parameters. Candidate mapping requiring validation.
2906,4,SERVER-ORACLE sys.dbms_repcat_sna.drop_snapshot_repgroup buffer overflow attempt,T1210 - Exploitation of Remote Services,llm_candidate,0.9,Detects buffer overflow exploit attempt against Oracle database remote procedure sys.dbms_repcat_sna.drop_snapshot_repgroup via overly long string parameters. Candidate mapping requiring validation.
2907,4,SERVER-ORACLE sys.dbms_repcat_sna.drop_snapshot_repobject buffer overflow attempt,T1210 - Exploitation of Remote Services,llm_candidate,0.9,Detects buffer overflow exploit attempt against Oracle database remote procedure sys.dbms_repcat_sna.drop_snapshot_repobject via overly long string parameters. Candidate mapping requiring validation.
2908,4,SERVER-ORACLE sys.dbms_repcat_sna.drop_snapshot_repschema buffer overflow attempt,T1210 - Exploitation of Remote Services,llm_candidate,0.9,Detects buffer overflow exploit attempt against Oracle database remote procedure sys.dbms_repcat_sna.drop_snapshot_repschema via overly long string parameters. Candidate mapping requiring validation.
2909,4,SERVER-ORACLE sys.dbms_repcat_sna.generate_snapshot_support buffer overflow attempt,T1210 - Exploitation of Remote Services,llm_candidate,0.9,Detects buffer overflow exploit attempt against Oracle database remote procedure sys.dbms_repcat_sna.generate_snapshot_support via overly long string parameters. Candidate mapping requiring validation.
2910,4,SERVER-ORACLE sys.dbms_repcat_sna.refresh_snapshot_repgroup buffer overflow attempt,T1210 - Exploitation of Remote Services,llm_candidate,0.9,Detects buffer overflow exploit attempt against Oracle database remote procedure sys.dbms_repcat_sna.refresh_snapshot_repgroup via overly long string parameters. Candidate mapping requiring validation.
2911,4,SERVER-ORACLE sys.dbms_repcat_sna.refresh_snapshot_repschema buffer overflow attempt,T1210 - Exploitation of Remote Services,llm_candidate,0.9,Detects buffer overflow exploit attempt against Oracle database remote procedure sys.dbms_repcat_sna.refresh_snapshot_repschema via overly long string parameters. Candidate mapping requiring validation.
2912,4,SERVER-ORACLE sys.dbms_repcat_sna.register_snapshot_repgroup buffer overflow attempt,T1210 - Exploitation of Remote Services,llm_candidate,0.9,Detects buffer overflow exploit attempt against Oracle database remote procedure sys.dbms_repcat_sna.register_snapshot_repgroup via overly long string parameters. Candidate mapping requiring validation.
2913,4,SERVER-ORACLE sys.dbms_repcat_sna.repcat_import_check buffer overflow attempt,T1210 - Exploitation of Remote Services,llm_candidate,0.9,Detects buffer overflow exploit attempt against Oracle database remote procedure sys.dbms_repcat_sna.repcat_import_check via overly long string parameters. Candidate mapping requiring validation.
2914,4,SERVER-ORACLE sys.dbms_repcat_sna.set_local_flavor buffer overflow attempt,T1210 - Exploitation of Remote Services,llm_candidate,0.9,Detects buffer overflow exploit attempt against Oracle database remote procedure sys.dbms_repcat_sna.set_local_flavor via overly long string parameters. Candidate mapping requiring validation.
2915,4,SERVER-ORACLE sys.dbms_repcat_sna.switch_snapshot_master buffer overflow attempt,T1210 - Exploitation of Remote Services,llm_candidate,0.9,Detects buffer overflow exploit attempt against Oracle database remote procedure sys.dbms_repcat_sna.switch_snapshot_master via overly long string parameters. Candidate mapping requiring validation.
2916,4,SERVER-ORACLE sys.dbms_repcat_sna.unregister_snapshot_repgroup buffer overflow attempt,T1210 - Exploitation of Remote Services,llm_candidate,0.9,Detects buffer overflow exploit attempt against Oracle database remote procedure sys.dbms_repcat_sna.unregister_snapshot_repgroup via overly long string parameters. Candidate mapping requiring validation.
2917,4,SERVER-ORACLE sys.dbms_repcat_sna_utl.switch_snapshot_master buffer overflow attempt,T1210 - Exploitation of Remote Services,llm_candidate,0.9,Detects buffer overflow exploit attempt against Oracle database remote procedure sys.dbms_repcat_sna_utl.switch_snapshot_master via overly long string parameters. Candidate mapping requiring validation.
2918,4,SERVER-ORACLE sys.dbms_repcat_sna.validate_for_local_flavor buffer overflow attempt,T1210 - Exploitation of Remote Services,llm_candidate,0.9,Detects buffer overflow exploit attempt against Oracle database remote procedure sys.dbms_repcat_sna.validate_for_local_flavor via overly long string parameters. Candidate mapping requiring validation.
2919,4,SERVER-ORACLE sys.dbms_repcat_untrusted.register_snapshot_repgroup buffer overflow attempt,T1210 - Exploitation of Remote Services,llm_candidate,0.9,Detects buffer overflow exploit attempt against Oracle database remote procedure sys.dbms_repcat_untrusted.register_snapshot_repgroup via overly long string parameters. Candidate mapping requiring validation.
2921,12,PROTOCOL-DNS UDP inverse query,T1590.005 - IP Addresses,llm_candidate,0.7,"Detects DNS inverse query over UDP, which can be used to map IP addresses to hostnames for network reconnaissance. Candidate mapping requiring validation."
2922,12,PROTOCOL-DNS TCP inverse query,T1590.005 - IP Addresses,llm_candidate,0.7,"Detects DNS inverse query over TCP, which can be used to map IP addresses to hostnames for network reconnaissance. Candidate mapping requiring validation."
2923,14,NETBIOS SMB repeated logon failure,T1021.002 - SMB/Windows Admin Shares,improved_heuristic_candidate,0.63,"SMB or administrative share indicator matched in msg, content context. Candidate mapping requiring validation."
2924,9,NETBIOS SMB-DS repeated logon failure,T1021.002 - SMB/Windows Admin Shares,improved_heuristic_candidate,0.63,"SMB or administrative share indicator matched in msg, content context. Candidate mapping requiring validation."
2926,10,SERVER-WEBAPP PhpGedView PGV base directory manipulation,T1190 - Exploit Public-Facing Application,llm_candidate,0.8,Detects exploitation attempt against public-facing PhpGedView web application via PGV_BASE_DIRECTORY manipulation (CVE-2004-0030). Candidate mapping requiring validation.
2927,13,OS-WINDOWS Microsoft Windows XPAT pattern overflow attempt,T1210 - Exploitation of Remote Services,llm_candidate,0.85,Detects buffer overflow exploit attempt against Microsoft Windows XPAT pattern matching service (likely via WebDAV) using overly long PAT commands (CVE-2004-0574). Candidate mapping requiring validation.
2936,18,OS-WINDOWS DCERPC NCACN-IP-TCP nddeapi NDdeSetTrustedShareW overflow attempt,T1210 - Exploitation of Remote Services,llm_candidate,0.9,"Rule detects a buffer overflow attempt against the Windows DCERPC nddeapi service, which is exploitation of a remote service. Candidate mapping requiring validation."
3006,7,SERVER-OTHER Volition Freespace 2 buffer overflow attempt,T1190 - Exploit Public-Facing Application,llm_candidate,0.9,"Rule detects a buffer overflow attempt against the Freespace 2 game server, a public-facing application. Candidate mapping requiring validation."
3007,22,PROTOCOL-IMAP command overflow attempt,T1190 - Exploit Public-Facing Application,llm_candidate,0.9,"Rule detects IMAP command overflow attempts, indicating exploitation of a public-facing IMAP service. Candidate mapping requiring validation."
3008,13,PROTOCOL-IMAP delete literal overflow attempt,T1190 - Exploit Public-Facing Application,llm_candidate,0.9,"Rule detects a specific IMAP DELETE literal overflow attempt, again targeting a public-facing application. Candidate mapping requiring validation."
3009,8,MALWARE-BACKDOOR NetBus Pro 2.0 connection request,T1095 - Non-Application Layer Protocol,llm_candidate,0.7,"Rule matches a known NetBus Pro 2.0 backdoor connection request, indicating use of a non-standard application layer protocol for C2. Candidate mapping requiring validation."
3010,6,MALWARE-CNC RUX the Tick get windows directory,T1095 - Non-Application Layer Protocol,llm_candidate,0.6,"Rule detects the string 'WINDIR' used by RUX the Tick malware to request the Windows directory, a C2 command over a custom protocol. Candidate mapping requiring validation."
3011,6,MALWARE-CNC RUX the Tick get system directory,T1095 - Non-Application Layer Protocol,llm_candidate,0.6,"Rule detects the string 'SYSDIR' used by RUX the Tick malware to request the system directory, a C2 command over a custom protocol. Candidate mapping requiring validation."
3012,6,MALWARE-CNC RUX the Tick upload/execute arbitrary file,T1041 - Exfiltration Over C2 Channel,improved_heuristic_candidate,0.58,Exfiltration indicator matched in msg context. Candidate mapping requiring validation.
3013,8,MALWARE-CNC Asylum 0.1 connection request,T1095 - Non-Application Layer Protocol,llm_candidate,0.6,"Rule detects 'RQS' connection request for Asylum 0.1 malware, indicating C2 over a non-standard protocol. Candidate mapping requiring validation."
3014,10,MALWARE-CNC Asylum 0.1 connection,T1095 - Non-Application Layer Protocol,llm_candidate,0.6,"Rule detects 'GNT' connection confirmation for Asylum 0.1 malware, indicating established C2 over a non-standard protocol. Candidate mapping requiring validation."
3015,10,MALWARE-CNC Insane Network 4.0 connection,T1095 - Non-Application Layer Protocol,llm_candidate,0.6,"Rule matches the Insane Network 4.0 malware banner, indicating C2 over a custom protocol. Candidate mapping requiring validation."
3016,10,MALWARE-CNC Insane Network 4.0 connection port 63536,T1095 - Non-Application Layer Protocol,llm_candidate,0.6,"Rule matches the same Insane Network 4.0 banner on a specific port, again indicating custom protocol C2. Candidate mapping requiring validation."
3017,17,OS-WINDOWS Microsoft Windows WINS overflow attempt,T1210 - Exploitation of Remote Services,llm_candidate,0.9,"Rule detects buffer overflow attempts against the Microsoft Windows WINS service, an exploitation of a remote service. Candidate mapping requiring validation."
3018,6,NETBIOS SMB NT Trans NT CREATE oversized Security Descriptor attempt,T1021.002 - SMB/Windows Admin Shares,improved_heuristic_candidate,0.63,"SMB or administrative share indicator matched in msg, content context. Candidate mapping requiring validation."
3019,8,NETBIOS SMB NT Trans NT CREATE andx oversized Security Descriptor attempt,T1021.002 - SMB/Windows Admin Shares,improved_heuristic_candidate,0.63,"SMB or administrative share indicator matched in msg, content context. Candidate mapping requiring validation."
3020,6,NETBIOS SMB NT Trans NT CREATE unicode oversized Security Descriptor attempt,T1021.002 - SMB/Windows Admin Shares,improved_heuristic_candidate,0.63,"SMB or administrative share indicator matched in msg, content context. Candidate mapping requiring validation."
3021,8,NETBIOS SMB NT Trans NT CREATE unicode andx oversized Security Descriptor attempt,T1021.002 - SMB/Windows Admin Shares,improved_heuristic_candidate,0.63,"SMB or administrative share indicator matched in msg, content context. Candidate mapping requiring validation."
3022,7,NETBIOS SMB-DS NT Trans NT CREATE oversized Security Descriptor attempt,T1021.002 - SMB/Windows Admin Shares,improved_heuristic_candidate,0.63,"SMB or administrative share indicator matched in msg, content context. Candidate mapping requiring validation."
3023,9,NETBIOS SMB-DS NT Trans NT CREATE andx oversized Security Descriptor attempt,T1021.002 - SMB/Windows Admin Shares,improved_heuristic_candidate,0.63,"SMB or administrative share indicator matched in msg, content context. Candidate mapping requiring validation."
3024,7,NETBIOS SMB-DS NT Trans NT CREATE unicode oversized Security Descriptor attempt,T1021.002 - SMB/Windows Admin Shares,improved_heuristic_candidate,0.63,"SMB or administrative share indicator matched in msg, content context. Candidate mapping requiring validation."
3025,9,NETBIOS SMB-DS NT Trans NT CREATE unicode andx oversized Security Descriptor attempt,T1021.002 - SMB/Windows Admin Shares,improved_heuristic_candidate,0.63,"SMB or administrative share indicator matched in msg, content context. Candidate mapping requiring validation."
3026,6,NETBIOS SMB NT Trans NT CREATE SACL overflow attempt,T1021.002 - SMB/Windows Admin Shares,improved_heuristic_candidate,0.63,"SMB or administrative share indicator matched in msg, content context. Candidate mapping requiring validation."
3027,8,NETBIOS SMB NT Trans NT CREATE andx SACL overflow attempt,T1021.002 - SMB/Windows Admin Shares,improved_heuristic_candidate,0.63,"SMB or administrative share indicator matched in msg, content context. Candidate mapping requiring validation."
3028,6,NETBIOS SMB NT Trans NT CREATE unicode SACL overflow attempt,T1021.002 - SMB/Windows Admin Shares,improved_heuristic_candidate,0.63,"SMB or administrative share indicator matched in msg, content context. Candidate mapping requiring validation."
3029,8,NETBIOS SMB NT Trans NT CREATE unicode andx SACL overflow attempt,T1021.002 - SMB/Windows Admin Shares,improved_heuristic_candidate,0.63,"SMB or administrative share indicator matched in msg, content context. Candidate mapping requiring validation."
3030,7,NETBIOS SMB-DS NT Trans NT CREATE SACL overflow attempt,T1021.002 - SMB/Windows Admin Shares,improved_heuristic_candidate,0.63,"SMB or administrative share indicator matched in msg, content context. Candidate mapping requiring validation."
3031,9,NETBIOS SMB-DS NT Trans NT CREATE andx SACL overflow attempt,T1021.002 - SMB/Windows Admin Shares,improved_heuristic_candidate,0.63,"SMB or administrative share indicator matched in msg, content context. Candidate mapping requiring validation."
3032,7,NETBIOS SMB-DS NT Trans NT CREATE unicode SACL overflow attempt,T1021.002 - SMB/Windows Admin Shares,improved_heuristic_candidate,0.63,"SMB or administrative share indicator matched in msg, content context. Candidate mapping requiring validation."
3033,9,NETBIOS SMB-DS NT Trans NT CREATE unicode andx SACL overflow attempt,T1021.002 - SMB/Windows Admin Shares,improved_heuristic_candidate,0.63,"SMB or administrative share indicator matched in msg, content context. Candidate mapping requiring validation."
3034,6,NETBIOS SMB NT Trans NT CREATE DACL overflow attempt,T1021.002 - SMB/Windows Admin Shares,improved_heuristic_candidate,0.63,"SMB or administrative share indicator matched in msg, content context. Candidate mapping requiring validation."
3035,8,NETBIOS SMB NT Trans NT CREATE andx DACL overflow attempt,T1021.002 - SMB/Windows Admin Shares,improved_heuristic_candidate,0.63,"SMB or administrative share indicator matched in msg, content context. Candidate mapping requiring validation."
3036,6,NETBIOS SMB NT Trans NT CREATE unicode DACL overflow attempt,T1021.002 - SMB/Windows Admin Shares,improved_heuristic_candidate,0.63,"SMB or administrative share indicator matched in msg, content context. Candidate mapping requiring validation."
3037,8,NETBIOS SMB NT Trans NT CREATE unicode andx DACL overflow attempt,T1021.002 - SMB/Windows Admin Shares,improved_heuristic_candidate,0.63,"SMB or administrative share indicator matched in msg, content context. Candidate mapping requiring validation."
3038,7,NETBIOS SMB-DS NT Trans NT CREATE DACL overflow attempt,T1021.002 - SMB/Windows Admin Shares,improved_heuristic_candidate,0.63,"SMB or administrative share indicator matched in msg, content context. Candidate mapping requiring validation."
3039,9,NETBIOS SMB-DS NT Trans NT CREATE andx DACL overflow attempt,T1021.002 - SMB/Windows Admin Shares,improved_heuristic_candidate,0.63,"SMB or administrative share indicator matched in msg, content context. Candidate mapping requiring validation."
3040,5,NETBIOS SMB-DS NT Trans NT CREATE unicode DACL overflow attempt,T1021.002 - SMB/Windows Admin Shares,improved_heuristic_candidate,0.63,"SMB or administrative share indicator matched in msg, content context. Candidate mapping requiring validation."
3041,5,NETBIOS SMB-DS NT Trans NT CREATE unicode andx DACL overflow attempt,T1021.002 - SMB/Windows Admin Shares,improved_heuristic_candidate,0.63,"SMB or administrative share indicator matched in msg, content context. Candidate mapping requiring validation."
3042,4,NETBIOS SMB NT Trans NT CREATE invalid SACL ace size dos attempt,T1021.002 - SMB/Windows Admin Shares,improved_heuristic_candidate,0.63,"SMB or administrative share indicator matched in msg, content context. Candidate mapping requiring validation."
3043,4,NETBIOS SMB NT Trans NT CREATE andx invalid SACL ace size dos attempt,T1021.002 - SMB/Windows Admin Shares,improved_heuristic_candidate,0.63,"SMB or administrative share indicator matched in msg, content context. Candidate mapping requiring validation."
3044,4,NETBIOS SMB NT Trans NT CREATE unicode invalid SACL ace size dos attempt,T1021.002 - SMB/Windows Admin Shares,improved_heuristic_candidate,0.63,"SMB or administrative share indicator matched in msg, content context. Candidate mapping requiring validation."
3045,4,NETBIOS SMB NT Trans NT CREATE unicode andx invalid SACL ace size dos attempt,T1021.002 - SMB/Windows Admin Shares,improved_heuristic_candidate,0.63,"SMB or administrative share indicator matched in msg, content context. Candidate mapping requiring validation."
3046,5,NETBIOS SMB-DS NT Trans NT CREATE invalid SACL ace size dos attempt,T1021.002 - SMB/Windows Admin Shares,improved_heuristic_candidate,0.63,"SMB or administrative share indicator matched in msg, content context. Candidate mapping requiring validation."
3047,5,NETBIOS SMB-DS NT Trans NT CREATE andx invalid SACL ace size dos attempt,T1021.002 - SMB/Windows Admin Shares,improved_heuristic_candidate,0.63,"SMB or administrative share indicator matched in msg, content context. Candidate mapping requiring validation."
3048,5,NETBIOS SMB-DS NT Trans NT CREATE unicode invalid SACL ace size dos attempt,T1021.002 - SMB/Windows Admin Shares,improved_heuristic_candidate,0.63,"SMB or administrative share indicator matched in msg, content context. Candidate mapping requiring validation."
3049,5,NETBIOS SMB-DS NT Trans NT CREATE unicode andx invalid SACL ace size dos attempt,T1021.002 - SMB/Windows Admin Shares,improved_heuristic_candidate,0.63,"SMB or administrative share indicator matched in msg, content context. Candidate mapping requiring validation."
3050,4,NETBIOS SMB NT Trans NT CREATE invalid SACL ace size dos attempt,T1021.002 - SMB/Windows Admin Shares,improved_heuristic_candidate,0.63,"SMB or administrative share indicator matched in msg, content context. Candidate mapping requiring validation."
3051,4,NETBIOS SMB NT Trans NT CREATE andx invalid SACL ace size dos attempt,T1021.002 - SMB/Windows Admin Shares,improved_heuristic_candidate,0.63,"SMB or administrative share indicator matched in msg, content context. Candidate mapping requiring validation."
3052,4,NETBIOS SMB NT Trans NT CREATE unicode invalid SACL ace size dos attempt,T1021.002 - SMB/Windows Admin Shares,improved_heuristic_candidate,0.63,"SMB or administrative share indicator matched in msg, content context. Candidate mapping requiring validation."
3053,4,NETBIOS SMB NT Trans NT CREATE unicode andx invalid SACL ace size dos attempt,T1021.002 - SMB/Windows Admin Shares,improved_heuristic_candidate,0.63,"SMB or administrative share indicator matched in msg, content context. Candidate mapping requiring validation."
3054,5,NETBIOS SMB-DS NT Trans NT CREATE invalid SACL ace size dos attempt,T1021.002 - SMB/Windows Admin Shares,improved_heuristic_candidate,0.63,"SMB or administrative share indicator matched in msg, content context. Candidate mapping requiring validation."
3055,5,NETBIOS SMB-DS NT Trans NT CREATE andx invalid SACL ace size dos attempt,T1021.002 - SMB/Windows Admin Shares,improved_heuristic_candidate,0.63,"SMB or administrative share indicator matched in msg, content context. Candidate mapping requiring validation."
3056,5,NETBIOS SMB-DS NT Trans NT CREATE unicode invalid SACL ace size dos attempt,T1021.002 - SMB/Windows Admin Shares,improved_heuristic_candidate,0.63,"SMB or administrative share indicator matched in msg, content context. Candidate mapping requiring validation."
3057,5,NETBIOS SMB-DS NT Trans NT CREATE unicode andx invalid SACL ace size dos attempt,T1021.002 - SMB/Windows Admin Shares,improved_heuristic_candidate,0.63,"SMB or administrative share indicator matched in msg, content context. Candidate mapping requiring validation."
3058,13,PROTOCOL-IMAP copy literal overflow attempt,T1190 - Exploit Public-Facing Application,llm_candidate,0.9,"Rule detects IMAP COPY command with literal overflow attempt (CVE-2000-0284), directly exploiting a public-facing IMAP service. Candidate mapping requiring validation."
3061,5,APP-DETECT distccd remote command execution attempt,T1210 - Exploitation of Remote Services,llm_candidate,0.6,"Rule detects distccd protocol header (DIST00000001) associated with remote command execution attempts; distccd is a network service, but the rule only matches the protocol identifier without clear exploit payload. Candidate mapping requiring validation."
3062,10,SERVER-WEBAPP NetScreen SA 5000 delhomepage.cgi access,T1190 - Exploit Public-Facing Application,llm_candidate,0.9,"Rule detects access to NetScreen SA 5000 delhomepage.cgi (CVE-2004-0347), a known vulnerability in a public-facing web application. Candidate mapping requiring validation."
3065,12,PROTOCOL-IMAP append literal overflow attempt,T1190 - Exploit Public-Facing Application,llm_candidate,0.9,"Rule detects IMAP APPEND command with literal overflow attempt (CVE-2004-1211), directly exploiting a public-facing IMAP service. Candidate mapping requiring validation."
3066,17,PROTOCOL-IMAP APPEND overflow attempt,T1190 - Exploit Public-Facing Application,llm_candidate,0.9,"Rule detects IMAP APPEND overflow attempt (CVE-2004-1211, CVE-2006-6425), directly exploiting a public-facing IMAP service. Candidate mapping requiring validation."
3067,12,PROTOCOL-IMAP examine literal overflow attempt,T1190 - Exploit Public-Facing Application,llm_candidate,0.9,"Rule detects IMAP EXAMINE command with literal overflow attempt (CVE-2004-1211), directly exploiting a public-facing IMAP service. Candidate mapping requiring validation."
3069,12,PROTOCOL-IMAP fetch literal overflow attempt,T1190 - Exploit Public-Facing Application,llm_candidate,0.9,"Rule detects IMAP FETCH command with literal overflow attempt (CVE-2004-1211), directly exploiting a public-facing IMAP service. Candidate mapping requiring validation."
3070,13,PROTOCOL-IMAP fetch overflow attempt,T1190 - Exploit Public-Facing Application,llm_candidate,0.9,"Rule detects IMAP FETCH overflow attempt via long parameter (CVE-2004-1211), directly exploiting a public-facing IMAP service. Candidate mapping requiring validation."
3071,14,PROTOCOL-IMAP status literal overflow attempt,T1190 - Exploit Public-Facing Application,llm_candidate,0.9,"Rule detects IMAP STATUS command with literal overflow attempt (CVE-2004-1211), directly exploiting a public-facing IMAP service. Candidate mapping requiring validation."
3072,20,PROTOCOL-IMAP STATUS overflow attempt,T1190 - Exploit Public-Facing Application,llm_candidate,0.9,"Rule detects IMAP STATUS overflow attempt (multiple CVEs), directly exploiting a public-facing IMAP service. Candidate mapping requiring validation."
3073,18,PROTOCOL-IMAP SUBSCRIBE literal overflow attempt,T1190 - Exploit Public-Facing Application,llm_candidate,0.9,"Rule detects IMAP SUBSCRIBE command with literal overflow attempt (CVE-2004-1211, CVE-2005-3189), directly exploiting a public-facing IMAP service. Candidate mapping requiring validation."
3074,20,PROTOCOL-IMAP SUBSCRIBE overflow attempt,T1190 - Exploit Public-Facing Application,llm_candidate,0.9,"Rule detects IMAP SUBSCRIBE overflow attempt via long parameter (multiple CVEs), directly exploiting a public-facing IMAP service. Candidate mapping requiring validation."
3075,13,PROTOCOL-IMAP unsubscribe literal overflow attempt,T1190 - Exploit Public-Facing Application,llm_candidate,0.9,"Rule detects IMAP UNSUBSCRIBE command with literal overflow attempt (CVE-2004-1211), directly exploiting a public-facing IMAP service. Candidate mapping requiring validation."
3076,14,PROTOCOL-IMAP UNSUBSCRIBE overflow attempt,T1190 - Exploit Public-Facing Application,llm_candidate,0.9,"Rule detects IMAP UNSUBSCRIBE overflow attempt via long parameter (CVE-2004-1211, CVE-2005-3189), directly exploiting a public-facing IMAP service. Candidate mapping requiring validation."
3077,9,PROTOCOL-FTP RNFR overflow attempt,T1190 - Exploit Public-Facing Application,llm_candidate,0.9,"Rule detects FTP RNFR command with long parameter overflow attempt (Bugtraq 14339), directly exploiting a public-facing FTP service. Candidate mapping requiring validation."
3078,13,PROTOCOL-NNTP Microsoft Windows SEARCH pattern overflow attempt,T1190 - Exploit Public-Facing Application,llm_candidate,0.9,"Rule detects NNTP SEARCH command with long pattern overflow attempt (CVE-2004-0574), directly exploiting a public-facing NNTP service. Candidate mapping requiring validation."
3079,25,BROWSER-IE Microsoft Internet Explorer ANI file parsing buffer overflow attempt,T1203 - Exploitation for Client Execution,llm_candidate,0.85,"Rule detects ANI file headers (RIFF, ACON, anih) in network streams (HTTP, FTP, IMAP, POP3) associated with Microsoft Internet Explorer ANI parsing buffer overflow (CVE-2004-1049, CVE-2007-0038), representing exploitation for client execution. Candidate mapping requiring validation."
3080,9,SERVER-OTHER Unreal Tournament secure overflow attempt,T1210 - Exploitation of Remote Services,llm_candidate,0.8,"Rule detects Unreal Tournament 'secure' command with long parameter overflow attempt (CVE-2004-0608), exploiting a remote game server service via UDP. Candidate mapping requiring validation."
3082,13,MALWARE-BACKDOOR Y3KRAT 1.5 Connect Client Response,T1071 - Application Layer Protocol,llm_candidate,0.6,"Rule detects 'getclient' command in TCP traffic associated with Y3KRAT backdoor C2 communication, indicating application layer protocol usage for command and control. Candidate mapping requiring validation."
3084,16,SERVER-OTHER Veritas backup overflow attempt,T1210 - Exploitation of Remote Services,llm_candidate,0.8,"Rule matches exploit attempt against Veritas backup service (CVE-2004-1172) via specific byte patterns, indicating exploitation of a remote service. Candidate mapping requiring validation."
3085,14,SERVER-OTHER AOL Instant Messenger goaway message buffer overflow attempt,T1190 - Exploit Public-Facing Application,llm_candidate,0.7,"Rule detects buffer overflow in AIM goaway message parameter over HTTP (CVE-2004-0636), consistent with exploitation of a public-facing web application. Candidate mapping requiring validation."
3086,10,SERVER-WEBAPP 3Com 3CRADSL72 ADSL 11g Wireless Router app_sta.stm access attempt,T1190 - Exploit Public-Facing Application,llm_candidate,0.9,"Rule targets access to /app_sta.stm on 3Com router web interface (CVE-2004-1596), a clear exploit attempt against a public-facing web application. Candidate mapping requiring validation."
3087,21,SERVER-IIS w3who.dll buffer overflow attempt,T1190 - Exploit Public-Facing Application,llm_candidate,0.9,"Rule detects exploit attempt against IIS w3who.dll (CVE-2004-1134) via HTTP, directly targeting a public-facing web server. Candidate mapping requiring validation."
3088,11,FILE-MULTIMEDIA Nullsoft Winamp cda file name overflow attempt,T1203 - Exploitation for Client Execution,llm_candidate,0.85,"Rule identifies malicious .cda file with long filename (CVE-2004-1119) delivered via HTTP, indicating client-side exploitation when user opens the file. Candidate mapping requiring validation."
3089,10,SERVER-OTHER squid WCCP I_SEE_YOU message overflow attempt,T1210 - Exploitation of Remote Services,llm_candidate,0.85,"Rule matches overflow in Squid WCCP I_SEE_YOU message (CVE-2005-0095) over UDP, exploiting a remote network service. Candidate mapping requiring validation."
3114,20,OS-WINDOWS DCERPC NCACN-IP-TCP llsrpc LlsrConnect overflow attempt,T1210 - Exploitation of Remote Services,llm_candidate,0.9,"Rule detects DCERPC LlsrConnect overflow (CVE-2005-0050, MS05-010) over TCP, a classic remote service exploitation against Windows. Candidate mapping requiring validation."
3130,8,PUA-OTHER Microsoft MSN Messenger png overflow,T1203 - Exploitation for Client Execution,llm_candidate,0.85,"Rule identifies malicious PNG with specific chunks (CVE-2004-0957, MS05-009) in MSN Messenger traffic, indicating client-side exploitation via image parsing. Candidate mapping requiring validation."
3131,10,SERVER-WEBAPP mailman directory traversal attempt,T1190 - Exploit Public-Facing Application,improved_heuristic_candidate,0.62,Web-facing exploit indicator matched in msg context. Candidate mapping requiring validation.
3132,15,FILE-IMAGE Microsoft and libpng multiple products PNG large image width overflow attempt,T1203 - Exploitation for Client Execution,llm_candidate,0.85,"Rule matches PNG with large image width (multiple CVEs) in file transfers, a client-side exploitation vector when the image is processed. Candidate mapping requiring validation."
3135,11,NETBIOS SMB Trans2 QUERY_FILE_INFO attempt,T1021.002 - SMB/Windows Admin Shares,improved_heuristic_candidate,0.63,"SMB or administrative share indicator matched in msg, content context. Candidate mapping requiring validation."
3136,11,NETBIOS SMB Trans2 QUERY_FILE_INFO andx attempt,T1021.002 - SMB/Windows Admin Shares,improved_heuristic_candidate,0.63,"SMB or administrative share indicator matched in msg, content context. Candidate mapping requiring validation."
3137,11,NETBIOS SMB-DS Trans2 QUERY_FILE_INFO attempt,T1021.002 - SMB/Windows Admin Shares,improved_heuristic_candidate,0.63,"SMB or administrative share indicator matched in msg, content context. Candidate mapping requiring validation."
3138,11,NETBIOS SMB-DS Trans2 QUERY_FILE_INFO andx attempt,T1021.002 - SMB/Windows Admin Shares,improved_heuristic_candidate,0.63,"SMB or administrative share indicator matched in msg, content context. Candidate mapping requiring validation."
3139,11,NETBIOS SMB Trans2 FIND_FIRST2 attempt,T1021.002 - SMB/Windows Admin Shares,improved_heuristic_candidate,0.63,"SMB or administrative share indicator matched in msg, content context. Candidate mapping requiring validation."
3140,11,NETBIOS SMB Trans2 FIND_FIRST2 andx attempt,T1021.002 - SMB/Windows Admin Shares,improved_heuristic_candidate,0.63,"SMB or administrative share indicator matched in msg, content context. Candidate mapping requiring validation."
3141,11,NETBIOS SMB-DS Trans2 FIND_FIRST2 attempt,T1021.002 - SMB/Windows Admin Shares,improved_heuristic_candidate,0.63,"SMB or administrative share indicator matched in msg, content context. Candidate mapping requiring validation."
3142,11,NETBIOS SMB-DS Trans2 FIND_FIRST2 andx attempt,T1021.002 - SMB/Windows Admin Shares,improved_heuristic_candidate,0.63,"SMB or administrative share indicator matched in msg, content context. Candidate mapping requiring validation."
3143,17,OS-WINDOWS Microsoft Windows SMB Trans2 FIND_FIRST2 command response overflow attempt,T1021.002 - SMB/Windows Admin Shares,improved_heuristic_candidate,0.63,"SMB or administrative share indicator matched in msg, content context. Candidate mapping requiring validation."
3144,17,OS-WINDOWS Microsoft Windows SMB Trans2 FIND_FIRST2 response andx overflow attempt,T1021.002 - SMB/Windows Admin Shares,improved_heuristic_candidate,0.63,"SMB or administrative share indicator matched in msg, content context. Candidate mapping requiring validation."
3145,16,OS-WINDOWS Microsoft Windows SMB-DS Trans2 FIND_FIRST2 response overflow attempt,T1021.002 - SMB/Windows Admin Shares,improved_heuristic_candidate,0.63,"SMB or administrative share indicator matched in msg, content context. Candidate mapping requiring validation."
3146,18,OS-WINDOWS Microsoft Windows SMB-DS Trans2 FIND_FIRST2 response andx overflow attempt,T1021.002 - SMB/Windows Admin Shares,improved_heuristic_candidate,0.63,"SMB or administrative share indicator matched in msg, content context. Candidate mapping requiring validation."
3147,15,PROTOCOL-TELNET login buffer overflow attempt,T1210 - Exploitation of Remote Services,llm_candidate,0.85,"Rule matches Telnet login buffer overflow attempt (CVE-2001-0797), exploiting a remote network service. Candidate mapping requiring validation."
3148,21,OS-WINDOWS Microsoft Windows HTML Help hhctrl.ocx clsid access attempt,T1203 - Exploitation for Client Execution,llm_candidate,0.7,"Detects exploitation attempt against Microsoft HTML Help ActiveX control (hhctrl.ocx) via CLSID, a client-side vulnerability exploitable through web delivery. Candidate mapping requiring validation."
3149,13,BROWSER-IE Microsoft Internet Explorer malformed object type overflow attempt,T1203 - Exploitation for Client Execution,llm_candidate,0.8,"Detects malformed object type overflow in Internet Explorer (CVE-2003-0344), a client-side browser exploitation technique. Candidate mapping requiring validation."
3150,14,SERVER-IIS SQLXML content type overflow,T1190 - Exploit Public-Facing Application,llm_candidate,0.9,"Detects SQLXML content type overflow against IIS server (CVE-2002-0186), exploiting a public-facing web application. Candidate mapping requiring validation."
3151,8,PROTOCOL-FINGER / execution attempt,T1210 - Exploitation of Remote Services,llm_candidate,0.8,"Detects finger service command execution attempt (CVE-1999-0612, CVE-2000-0915), exploiting a remote network service. Candidate mapping requiring validation."
3153,9,PROTOCOL-DNS TCP inverse query overflow,T1210 - Exploitation of Remote Services,llm_candidate,0.9,"Detects DNS inverse query buffer overflow (CVE-1999-0009) over TCP, exploiting a remote DNS service. Candidate mapping requiring validation."
3154,12,PROTOCOL-DNS UDP inverse query overflow,T1210 - Exploitation of Remote Services,llm_candidate,0.9,"Detects DNS inverse query buffer overflow (CVE-1999-0009) over UDP, exploiting a remote DNS service. Candidate mapping requiring validation."
3155,7,MALWARE-BACKDOOR BackOrifice 2000 Inbound Traffic,T1219 - Remote Access Tools,llm_candidate,0.8,"Detects BackOrifice 2000 backdoor network traffic signature, indicating active remote access tool communication. Candidate mapping requiring validation."
3158,17,OS-WINDOWS DCERPC NCACN-IP-TCP ISystemActivator CoGetInstanceFromFile attempt,T1210 - Exploitation of Remote Services,llm_candidate,0.9,"Detects DCERPC ISystemActivator CoGetInstanceFromFile exploit attempt (CVE-2003-0715) over TCP, targeting a remote RPC service. Candidate mapping requiring validation."
3159,17,OS-WINDOWS DCERPC NCADG-IP-UDP ISystemActivator CoGetInstanceFromFile attempt,T1210 - Exploitation of Remote Services,llm_candidate,0.9,"Detects DCERPC ISystemActivator CoGetInstanceFromFile exploit attempt (CVE-2003-0715) over UDP, targeting a remote RPC service. Candidate mapping requiring validation."
3171,16,OS-WINDOWS DCERPC NCADG-IP-UDP msqueue function 4 overflow attempt,T1210 - Exploitation of Remote Services,llm_candidate,0.9,"Detects DCERPC msqueue function 4 overflow (CVE-2005-0059) over UDP, exploiting a remote RPC service. Candidate mapping requiring validation."
3192,19,OS-WINDOWS Microsoft Windows Media Player directory traversal via Content-Disposition attempt,T1190 - Exploit Public-Facing Application,improved_heuristic_candidate,0.62,Web-facing exploit indicator matched in msg context. Candidate mapping requiring validation.
3193,17,SERVER-IIS .cmd executable file parsing attack,T1190 - Exploit Public-Facing Application,llm_candidate,0.9,"Detects IIS .cmd executable file parsing attack (CVE-2000-0886), exploiting a public-facing web server. Candidate mapping requiring validation."
3194,16,SERVER-IIS .bat executable file parsing attack,T1190 - Exploit Public-Facing Application,llm_candidate,0.9,"Detects IIS .bat executable file parsing attack (CVE-2000-0886), exploiting a public-facing web server. Candidate mapping requiring validation."
3195,11,OS-WINDOWS name query overflow attempt TCP,T1210 - Exploitation of Remote Services,llm_candidate,0.9,"Detects NetBIOS name query overflow (CVE-2003-0825) over TCP, exploiting a remote NetBIOS service. Candidate mapping requiring validation."
3196,9,OS-WINDOWS name query overflow attempt UDP,T1210 - Exploitation of Remote Services,llm_candidate,0.9,"Detects NetBIOS name query overflow (CVE-2003-0825) over UDP, exploiting a remote NetBIOS service. Candidate mapping requiring validation."
3199,12,OS-WINDOWS Microsoft Windows WINS name query overflow attempt TCP,T1210 - Exploitation of Remote Services,llm_candidate,0.9,"Detects WINS name query overflow (CVE-2003-0825) over TCP, exploiting a remote WINS service. Candidate mapping requiring validation."
3200,13,OS-WINDOWS Microsoft Windows WINS name query overflow attempt UDP,T1210 - Exploitation of Remote Services,llm_candidate,0.9,"Detects WINS name query overflow (CVE-2003-0825) over UDP, exploiting a remote WINS service. Candidate mapping requiring validation."
3201,14,SERVER-IIS httpodbc.dll access - nimda,T1190 - Exploit Public-Facing Application,llm_candidate,0.8,"Detects Nimda worm accessing httpodbc.dll on IIS (CVE-2001-0333), indicating exploitation of a public-facing web server. Candidate mapping requiring validation."
3218,23,OS-WINDOWS DCERPC NCACN-IP-TCP winreg OpenKey overflow attempt,T1210 - Exploitation of Remote Services,llm_candidate,0.9,"Detects DCERPC winreg OpenKey overflow (CVE-2000-0377) over TCP, exploiting a remote registry RPC service. Candidate mapping requiring validation."
3234,6,OS-WINDOWS Messenger message little endian overflow attempt,T1210 - Exploitation of Remote Services,llm_candidate,0.9,"Detects Windows Messenger service little-endian overflow (CVE-2003-0717) over UDP, exploiting a remote Messenger service. Candidate mapping requiring validation."
3235,6,OS-WINDOWS Messenger message overflow attempt,T1210 - Exploitation of Remote Services,llm_candidate,0.9,"Detects Windows Messenger service overflow (CVE-2003-0717) over UDP, exploiting a remote Messenger service. Candidate mapping requiring validation."
3238,15,OS-WINDOWS DCERPC NCACN-IP-TCP irot IrotIsRunning/Revoke overflow attempt,T1210 - Exploitation of Remote Services,llm_candidate,0.9,"Detects DCERPC irot IrotIsRunning/Revoke overflow (CVE-2002-1561) over TCP, exploiting a remote RPC service. Candidate mapping requiring validation."
3239,15,OS-WINDOWS DCERPC NCADG-IP-UDP irot IrotIsRunning/Revoke overflow attempt,T1210 - Exploitation of Remote Services,llm_candidate,0.9,"Detects DCERPC irot IrotIsRunning/Revoke overflow (CVE-2002-1561) over UDP, exploiting a remote RPC service. Candidate mapping requiring validation."
3274,15,PROTOCOL-TELNET login buffer non-evasive overflow attempt ,T1210 - Exploitation of Remote Services,llm_candidate,0.9,"Detects Telnet login buffer overflow (CVE-2001-0797), exploiting a remote Telnet service. Candidate mapping requiring validation."
3397,18,OS-WINDOWS DCERPC NCACN-IP-TCP ISystemActivator RemoteCreateInstance attempt,T1210 - Exploitation of Remote Services,llm_candidate,0.9,"Detects DCERPC ISystemActivator RemoteCreateInstance exploit (CVE-2003-0352, CVE-2003-0715) over TCP, targeting a remote RPC service. Candidate mapping requiring validation."
3398,17,OS-WINDOWS DCERPC NCADG-IP-UDP ISystemActivator RemoteCreateInstance attempt,T1210 - Exploitation of Remote Services,llm_candidate,0.9,"Rule detects DCERPC ISystemActivator RemoteCreateInstance exploit attempt (CVE-2003-0352, CVE-2003-0715), which is exploitation of a remote service vulnerability. Candidate mapping requiring validation."
3409,18,OS-WINDOWS DCERPC NCACN-IP-TCP IActivation remoteactivation overflow attempt,T1210 - Exploitation of Remote Services,llm_candidate,0.9,"Rule detects DCERPC IActivation remoteactivation overflow attempt, an exploitation of a remote service vulnerability. Candidate mapping requiring validation."
3441,13,PROTOCOL-FTP PORT bounce attempt,T1595.001 - Scanning IP Blocks,llm_candidate,0.7,"Rule detects FTP PORT bounce attempt, a technique used for network scanning (active scanning of IP blocks). Candidate mapping requiring validation."
3442,11,OS-WINDOWS Microsoft Windows TCP print service overflow attempt,T1210 - Exploitation of Remote Services,llm_candidate,0.9,"Rule detects Microsoft Windows TCP print service overflow attempt (CVE-2000-0232), an exploitation of a remote service. Candidate mapping requiring validation."
3453,10,SERVER-OTHER Arkeia client backup system info probe,T1046 - Network Service Discovery,llm_candidate,0.6,"Rule detects Arkeia backup system info probe (ARKADMIN_GET_ CLIENT/MACHINE_INFO), which is network service discovery. Candidate mapping requiring validation."
3454,9,SERVER-OTHER Arkeia client backup generic info probe,T1046 - Network Service Discovery,llm_candidate,0.6,"Rule detects Arkeia backup generic info probe, a form of network service discovery. Candidate mapping requiring validation."
3455,7,SERVER-OTHER Bontago Game Server Nickname buffer overflow,T1210 - Exploitation of Remote Services,llm_candidate,0.9,"Rule detects Bontago Game Server nickname buffer overflow, an exploitation of a remote service. Candidate mapping requiring validation."
3456,9,SERVER-MYSQL 4.0 root login attempt,T1110.001 - Password Guessing,llm_candidate,0.7,"Rule detects MySQL root login attempt, indicative of password guessing/brute force. Candidate mapping requiring validation."
3457,14,SERVER-OTHER Arkeia backup client type 77 overflow attempt,T1210 - Exploitation of Remote Services,llm_candidate,0.9,"Rule detects Arkeia backup client type 77 overflow attempt, an exploitation of a remote service. Candidate mapping requiring validation."
3458,9,SERVER-OTHER Arkeia backup client type 84 overflow attempt,T1210 - Exploitation of Remote Services,llm_candidate,0.9,"Rule detects Arkeia backup client type 84 overflow attempt, an exploitation of a remote service. Candidate mapping requiring validation."
3460,9,PROTOCOL-FTP REST with numeric argument,T1046 - Network Service Discovery,llm_candidate,0.5,"Rule detects FTP REST with numeric argument, which can be used for file/directory discovery or service enumeration. Candidate mapping requiring validation."
3461,18,SERVER-MAIL Content-Type overflow attempt,T1210 - Exploitation of Remote Services,llm_candidate,0.9,"Rule detects SMTP Content-Type header overflow attempt (CVE-2003-0113), an exploitation of a remote service. Candidate mapping requiring validation."
3462,14,BROWSER-IE Microsoft Internet Explorer Content-Encoding overflow attempt,T1203 - Exploitation for Client Execution,llm_candidate,0.8,"Rule detects Content-Encoding overflow targeting Internet Explorer via email, an exploitation for client execution. Candidate mapping requiring validation."
3464,12,SERVER-WEBAPP awstats.pl command execution attempt,T1190 - Exploit Public-Facing Application,llm_candidate,0.9,"Rule detects awstats.pl command execution attempt via parameter injection, an exploit of a public-facing web application. Candidate mapping requiring validation."
16368,8,MALWARE-CNC Win.Trojan.Hydraq variant outbound connection,T1573.001 - Symmetric Cryptography,llm_candidate,0.6,"Rule detects a specific byte pattern in SSL traffic associated with Hydraq C2, indicating an encrypted command and control channel. Candidate mapping requiring validation."
17745,10,NETBIOS SMB TRANS2 Find_First2 request attempt,T1021.002 - SMB/Windows Admin Shares,improved_heuristic_candidate,0.63,"SMB or administrative share indicator matched in msg, content context. Candidate mapping requiring validation."
19190,9,NETBIOS SMB-DS Trans2 Distributed File System GET_DFS_REFERRAL request,T1021.002 - SMB/Windows Admin Shares,improved_heuristic_candidate,0.63,"SMB or administrative share indicator matched in msg, content context. Candidate mapping requiring validation."
19678,10,SERVER-OTHER multiple products blacknurse ICMP denial of service attempt,T1498.001 - Direct Network Flood,llm_candidate,0.9,"Rule detects BlackNurse ICMP denial of service attempt, a direct network flood attack. Candidate mapping requiring validation."
20080,8,MALWARE-CNC Win.Trojan.Derusbi.A variant outbound connection,T1573.001 - Symmetric Cryptography,llm_candidate,0.6,"Rule detects a specific byte pattern in TCP traffic associated with Derusbi C2, indicating an encrypted command and control channel. Candidate mapping requiring validation."
20221,8,MALWARE-CNC Win.Trojan.Injector variant outbound connection,T1071.001 - Web Protocols,llm_candidate,0.7,"Rule detects specific HTTP User-Agent and URI parameters (bb.php?v=, id=, b=, tm=) characteristic of a trojan's command-and-control communication over web protocols. Candidate mapping requiring validation."
21230,10,MALWARE-CNC Win.Trojan.Betad variant outbound connection,T1071.001 - Web Protocols,llm_candidate,0.7,"Rule detects a specific HTTP POST to /login.php with a fixed binary payload, indicative of command-and-control traffic over web protocols. Candidate mapping requiring validation."
21246,6,MALWARE-CNC User-Agent known malicious user-agent string DataCha0s,T1595.001 - Scanning IP Blocks,llm_candidate,0.5,Rule matches a known malicious User-Agent string (DataCha0s) associated with web scanning robots; suggests active scanning of IP blocks. Candidate mapping requiring validation.
21255,6,MALWARE-OTHER known malicious FTP login banner - 0wns j0,T1071.002 - File Transfer Protocols,llm_candidate,0.6,"Rule detects a known malicious FTP login banner (""0wns j0\)), indicating a compromised or rogue FTP server used for command-and-control over file transfer protocols. Candidate mapping requiring validation."
21256,7,MALWARE-OTHER known malicious FTP quit banner - Goodbye happy r00ting,T1071.002 - File Transfer Protocols,llm_candidate,0.6,"Rule detects a known malicious FTP quit banner (""Goodbye happy r00ting\)), indicating a compromised or rogue FTP server used for command-and-control over file transfer protocols. Candidate mapping requiring validation."
21257,5,MALWARE-CNC URI - known scanner tool muieblackcat,T1595.001 - Scanning IP Blocks,llm_candidate,0.8,"Rule matches the URI path /muieblackcat, a known scanner tool, indicating active scanning of web applications. Candidate mapping requiring validation."
21266,5,MALWARE-CNC User-Agent known malicious user-agent string Morfeus Scanner,T1595.001 - Scanning IP Blocks,llm_candidate,0.8,"Rule matches a User-Agent string explicitly naming ""Morfeus Fucking Scanner"", directly indicating active scanning activity. Candidate mapping requiring validation."
21267,6,POLICY-OTHER TRENDnet IP Camera anonymous access attempt,T1190 - Exploit Public-Facing Application,llm_candidate,0.9,"Rule detects access to TRENDnet IP camera anonymous endpoints (/anony/...), exploiting a known vulnerability in a public-facing application. Candidate mapping requiring validation."
21327,8,MALWARE-CNC User-Agent ASafaWeb Scan,T1595.002 - Vulnerability Scanning,llm_candidate,0.7,"Rule matches the User-Agent ""asafaweb.com"", a known vulnerability scanning service, indicating vulnerability scanning activity. Candidate mapping requiring validation."
21375,8,SERVER-WEBAPP Remote Execution Backdoor Attempt Against Horde,T1190 - Exploit Public-Facing Application,llm_candidate,0.85,"Rule detects a specific exploit attempt against Horde web application (CVE-2012-0209) via malicious parameters to javascript.php, indicating exploitation of a public-facing web application. Candidate mapping requiring validation."
21417,10,FILE-PDF hostile PDF associated with Laik exploit kit,T1204.002 - Malicious File,llm_candidate,0.75,"Rule detects a specific hostile PDF file associated with the Laik exploit kit by its unique CreationDate signature, indicating a malicious file delivered for user execution. Candidate mapping requiring validation."
21438,8,EXPLOIT-KIT Blackhole exploit kit JavaScript carat string splitting with hostile applet,T1190 - Exploit Public-Facing Application,improved_heuristic_candidate,0.62,Web-facing exploit indicator matched in msg context. Candidate mapping requiring validation.
21444,13,MALWARE-CNC Win.Trojan.TDSS variant outbound connection,T1071.001 - Web Protocols,llm_candidate,0.85,"Rule identifies outbound HTTP C2 communication pattern specific to TDSS malware (distinctive User-Agent and headers), indicating application layer protocol use for command and control. Candidate mapping requiring validation."
21475,5,MALWARE-CNC User-Agent known malicious user-agent string core-project,T1071.001 - Web Protocols,llm_candidate,0.7,"Rule detects a known malicious User-Agent string ('core-project') in HTTP traffic, suggesting C2 communication over web protocols, though context is limited to the User-Agent alone. Candidate mapping requiring validation."
21562,6,MALWARE-CNC Win.Trojan.Bredolab variant outbound connection,T1071.001 - Web Protocols,llm_candidate,0.85,"Rule detects specific HTTP POST C2 pattern for Bredolab malware (distinctive User-Agent and 'smk=' parameter), indicating application layer protocol use for command and control. Candidate mapping requiring validation."
21818,5,SERVER-WEBAPP System variable directory traversal attempt - %ALLUSERSPROFILE%,T1190 - Exploit Public-Facing Application,improved_heuristic_candidate,0.62,Web-facing exploit indicator matched in msg context. Candidate mapping requiring validation.
21819,5,SERVER-WEBAPP System variable directory traversal attempt - %PROGRAMDATA%,T1190 - Exploit Public-Facing Application,improved_heuristic_candidate,0.62,Web-facing exploit indicator matched in msg context. Candidate mapping requiring validation.
21820,5,SERVER-WEBAPP System variable directory traversal attempt - %APPDATA%,T1190 - Exploit Public-Facing Application,improved_heuristic_candidate,0.62,Web-facing exploit indicator matched in msg context. Candidate mapping requiring validation.
21821,5,SERVER-WEBAPP System variable directory traversal attempt - %COMMONPROGRAMFILES%,T1190 - Exploit Public-Facing Application,improved_heuristic_candidate,0.62,Web-facing exploit indicator matched in msg context. Candidate mapping requiring validation.
21822,5,SERVER-WEBAPP System variable directory traversal attempt - %COMMONPROGRAMFILES - x86%,T1190 - Exploit Public-Facing Application,improved_heuristic_candidate,0.62,Web-facing exploit indicator matched in msg context. Candidate mapping requiring validation.
21823,5,SERVER-WEBAPP System variable directory traversal attempt - %COMSPEC%,T1190 - Exploit Public-Facing Application,improved_heuristic_candidate,0.62,Web-facing exploit indicator matched in msg context. Candidate mapping requiring validation.
21824,5,SERVER-WEBAPP System variable directory traversal attempt - %HOMEDRIVE%,T1190 - Exploit Public-Facing Application,improved_heuristic_candidate,0.62,Web-facing exploit indicator matched in msg context. Candidate mapping requiring validation.
21825,5,SERVER-WEBAPP System variable directory traversal attempt - %HOMEPATH%,T1190 - Exploit Public-Facing Application,improved_heuristic_candidate,0.62,Web-facing exploit indicator matched in msg context. Candidate mapping requiring validation.
21826,5,SERVER-WEBAPP System variable directory traversal attempt - %LOCALAPPDATA%,T1190 - Exploit Public-Facing Application,improved_heuristic_candidate,0.62,Web-facing exploit indicator matched in msg context. Candidate mapping requiring validation.
21827,5,SERVER-WEBAPP System variable directory traversal attempt - %PROGRAMFILES%,T1190 - Exploit Public-Facing Application,improved_heuristic_candidate,0.62,Web-facing exploit indicator matched in msg context. Candidate mapping requiring validation.
21828,5,SERVER-WEBAPP System variable directory traversal attempt - %PROGRAMFILES - X86%,T1190 - Exploit Public-Facing Application,improved_heuristic_candidate,0.62,Web-facing exploit indicator matched in msg context. Candidate mapping requiring validation.
21829,5,SERVER-WEBAPP System variable directory traversal attempt - %SystemDrive%,T1190 - Exploit Public-Facing Application,improved_heuristic_candidate,0.62,Web-facing exploit indicator matched in msg context. Candidate mapping requiring validation.
21830,5,SERVER-WEBAPP System variable directory traversal attempt - %SystemRoot%,T1190 - Exploit Public-Facing Application,improved_heuristic_candidate,0.62,Web-facing exploit indicator matched in msg context. Candidate mapping requiring validation.
21831,5,SERVER-WEBAPP System variable directory traversal attempt - %TEMP%,T1190 - Exploit Public-Facing Application,improved_heuristic_candidate,0.62,Web-facing exploit indicator matched in msg context. Candidate mapping requiring validation.
21832,5,SERVER-WEBAPP System variable directory traversal attempt - %TMP%,T1190 - Exploit Public-Facing Application,improved_heuristic_candidate,0.62,Web-facing exploit indicator matched in msg context. Candidate mapping requiring validation.
21833,5,SERVER-WEBAPP System variable directory traversal attempt - %USERDATA%,T1190 - Exploit Public-Facing Application,improved_heuristic_candidate,0.62,Web-facing exploit indicator matched in msg context. Candidate mapping requiring validation.
21834,5,SERVER-WEBAPP System variable directory traversal attempt - %USERNAME%,T1190 - Exploit Public-Facing Application,improved_heuristic_candidate,0.62,Web-facing exploit indicator matched in msg context. Candidate mapping requiring validation.
21835,5,SERVER-WEBAPP System variable directory traversal attempt - %USERPROFILE%,T1190 - Exploit Public-Facing Application,improved_heuristic_candidate,0.62,Web-facing exploit indicator matched in msg context. Candidate mapping requiring validation.
21836,5,SERVER-WEBAPP System variable directory traversal attempt - %WINDIR%,T1190 - Exploit Public-Facing Application,improved_heuristic_candidate,0.62,Web-facing exploit indicator matched in msg context. Candidate mapping requiring validation.
21837,5,SERVER-WEBAPP System variable directory traversal attempt - %PUBLIC%,T1190 - Exploit Public-Facing Application,improved_heuristic_candidate,0.62,Web-facing exploit indicator matched in msg context. Candidate mapping requiring validation.
21838,5,SERVER-WEBAPP System variable directory traversal attempt - %PSModulePath%,T1190 - Exploit Public-Facing Application,improved_heuristic_candidate,0.62,Web-facing exploit indicator matched in msg context. Candidate mapping requiring validation.
21839,5,SERVER-WEBAPP System variable in URI attempt - %COMPUTERNAME%,T1082 - System Information Discovery,llm_candidate,0.7,"Rule detects Windows environment variable %COMPUTERNAME% in HTTP URIs, indicating reconnaissance for system information. Candidate mapping requiring validation."
21840,5,SERVER-WEBAPP System variable in URI attempt - %LOGONSERVER%,T1082 - System Information Discovery,llm_candidate,0.7,"Rule detects Windows environment variable %LOGONSERVER% in HTTP URIs, indicating reconnaissance for system information. Candidate mapping requiring validation."
21841,5,SERVER-WEBAPP System variable in URI attempt - %PATH%,T1082 - System Information Discovery,llm_candidate,0.7,"Rule detects Windows environment variable %PATH% in HTTP URIs, indicating reconnaissance for system information. Candidate mapping requiring validation."
21842,5,SERVER-WEBAPP System variable in URI attempt - %PATHEXT%,T1082 - System Information Discovery,llm_candidate,0.7,"Rule detects Windows environment variable %PATHEXT% in HTTP URIs, indicating reconnaissance for system information. Candidate mapping requiring validation."
21843,5,SERVER-WEBAPP System variable in URI attempt - %PROMPT%,T1082 - System Information Discovery,llm_candidate,0.7,"Rule detects Windows environment variable %PROMPT% in HTTP URIs, indicating reconnaissance for system information. Candidate mapping requiring validation."
21844,5,SERVER-WEBAPP System variable in URI attempt - %USERDOMAIN%,T1082 - System Information Discovery,llm_candidate,0.7,"Rule detects Windows environment variable %USERDOMAIN% in HTTP URIs, indicating reconnaissance for system information. Candidate mapping requiring validation."
21845,9,MALWARE-OTHER TDS Sutra - redirect received,T1071.001 - Web Protocols,llm_candidate,0.6,"Rule detects HTTP redirect patterns characteristic of Sutra TDS traffic distribution system, indicating command and control communication over web protocols. Candidate mapping requiring validation."
21846,9,MALWARE-CNC TDS Sutra - request in.cgi,T1071.001 - Web Protocols,llm_candidate,0.6,"Rule detects HTTP requests to in.cgi endpoint used by Sutra TDS, indicating command and control communication over web protocols. Candidate mapping requiring validation."
21848,15,MALWARE-OTHER TDS Sutra - page redirecting to a SutraTDS,T1071.001 - Web Protocols,llm_candidate,0.6,"Rule detects HTTP page redirects to Sutra TDS in.cgi endpoints, indicating command and control communication over web protocols. Candidate mapping requiring validation."
21849,10,MALWARE-OTHER TDS Sutra - HTTP header redirecting to a SutraTDS,T1071.001 - Web Protocols,llm_candidate,0.6,"Rule detects HTTP header redirects to Sutra TDS in.cgi endpoints, indicating command and control communication over web protocols. Candidate mapping requiring validation."
21850,7,MALWARE-OTHER TDS Sutra - request hi.cgi,T1071.001 - Web Protocols,llm_candidate,0.6,"Rule detects HTTP requests to hi.cgi endpoint used by Sutra TDS, indicating command and control communication over web protocols. Candidate mapping requiring validation."
21851,7,MALWARE-OTHER TDS Sutra - redirect received,T1071.001 - Web Protocols,llm_candidate,0.6,"Rule detects HTTP 302 redirect patterns with specific Sutra TDS markers, indicating command and control communication over web protocols. Candidate mapping requiring validation."
22063,11,SERVER-WEBAPP PHP-CGI remote file include attempt,T1190 - Exploit Public-Facing Application,llm_candidate,0.8,"Detects 'auto_prepend_file' in HTTP traffic, a PHP directive abused in remote file inclusion attacks against public-facing web applications (CVE-2012-1823, etc.). Candidate mapping requiring validation."
23055,10,PROTOCOL-FTP Multiple Products FTP MKD buffer overflow attempt,T1210 - Exploitation of Remote Services,llm_candidate,0.9,Matches FTP MKD command with anomalous payload indicative of a buffer overflow exploit against FTP server software. Candidate mapping requiring validation.
23179,5,INDICATOR-COMPROMISE script before DOCTYPE possible malicious redirect attempt,T1190 - Exploit Public-Facing Application,llm_candidate,0.7,"Detects a script tag closing immediately before a DOCTYPE declaration, a pattern associated with malicious script injection or redirect attempts in web applications. Candidate mapping requiring validation."
23492,6,MALWARE-CNC Win.Trojan.ZeroAccess outbound connection,T1095 - Non-Application Layer Protocol,llm_candidate,0.6,Matches a two-byte UDP pattern (0x9E 0x98) used by ZeroAccess for peer-to-peer command and control; indicates non-application-layer protocol communication. Candidate mapping requiring validation.
24015,8,MALWARE-CNC Win.Trojan.Magania variant outbound connection,T1071.001 - Web Protocols,llm_candidate,0.8,"Detects specific HTTP request patterns (User-Agent 'Google page', .asp? with mac= and ver= parameters) used by Magania trojan for command and control over web protocols. Candidate mapping requiring validation."
24017,5,MALWARE-OTHER Possible malicious redirect - rebots.php,T1071.001 - Web Protocols,llm_candidate,0.6,"Detects HTTP request to known malicious redirect script rebots.php, indicating use of web protocols for malicious redirection or C2. Candidate mapping requiring validation."
24225,3,MALWARE-OTHER malicious redirection attempt,T1071.001 - Web Protocols,llm_candidate,0.6,"Detects base64-encoded parameter used in malicious redirection attempts over HTTP, consistent with web protocol abuse. Candidate mapping requiring validation."
24253,7,INDICATOR-COMPROMISE IP only webpage redirect attempt,T1071.001 - Web Protocols,llm_candidate,0.7,"Detects HTML meta refresh redirect to an IP address, a technique leveraging web protocols for malicious redirection. Candidate mapping requiring validation."
24254,7,INDICATOR-COMPROMISE IP only webpage redirect attempt,T1071.001 - Web Protocols,llm_candidate,0.7,"Detects JavaScript document.location redirect to an IP address, indicating web protocol misuse for redirection. Candidate mapping requiring validation."
24265,6,MALWARE-OTHER Malicious UA detected on non-standard port,T1071.001 - Web Protocols,llm_candidate,0.6,"Detects a known malicious User-Agent string on non-standard port, suggesting C2 communication via web protocols. Candidate mapping requiring validation."
24359,9,OS-WINDOWS Microsoft Windows SMB NTLM NULL session attempt,T1021.002 - SMB/Windows Admin Shares,improved_heuristic_candidate,0.63,"SMB or administrative share indicator matched in msg, content context. Candidate mapping requiring validation."
24598,4,"POLICY-SPAM 1.usa.gov URL in email, possible spam redirect",T1566.002 - Spearphishing Link,llm_candidate,0.7,"Detects 1.usa.gov URL shortener in email, a common indicator of phishing links delivered via email. Candidate mapping requiring validation."
24886,4,MALWARE-CNC Win.Trojan.Dorkbot variant outbound connection,T1071.001 - Web Protocols,llm_candidate,0.9,"Detects characteristic HTTP parameters of Dorkbot C2 communication, confirming web protocol use for command and control. Candidate mapping requiring validation."
24972,6,NETBIOS SMB Trans2 FIND_FIRST2 find file and directory info request,T1021.002 - SMB/Windows Admin Shares,improved_heuristic_candidate,0.63,"SMB or administrative share indicator matched in msg, content context. Candidate mapping requiring validation."
25050,9,MALWARE-CNC Win.Trojan.Zeus variant outbound connection,T1071.001 - Web Protocols,llm_candidate,0.9,"Detects Zeus C2 HTTP POST with specific headers, confirming web protocol use for command and control. Candidate mapping requiring validation."
25054,4,MALWARE-CNC ZeroAccess Clickserver callback,T1071.001 - Web Protocols,llm_candidate,0.9,"Detects ZeroAccess clickserver callback URI pattern, indicating web protocol use for C2. Candidate mapping requiring validation."
25119,4,MALWARE-CNC User-Agent known malicious user agent - NewBrandTest,T1071.001 - Web Protocols,llm_candidate,0.8,Detects known malicious User-Agent 'NewBrandTest' used by malware for HTTP C2 communication. Candidate mapping requiring validation.
25224,3,MALWARE-CNC Win.Trojan.ZeroAccess URI and Referer,T1071.001 - Web Protocols,llm_candidate,0.9,"Detects ZeroAccess-specific URI and Referer patterns, confirming web protocol use for C2. Candidate mapping requiring validation."
25256,4,MALWARE-CNC Win.Worm.Gamarue variant outbound connection,T1071.001 - Web Protocols,llm_candidate,0.9,"Detects Gamarue worm HTTP POST to specific endpoint with known User-Agent, indicating web protocol C2. Candidate mapping requiring validation."
25257,5,MALWARE-CNC Win.Trojan.Skintrim variant outbound connection,T1071.001 - Web Protocols,llm_candidate,0.9,"Detects Skintrim trojan HTTP POST to check.php with unique boundary, confirming web protocol C2. Candidate mapping requiring validation."
25258,5,MALWARE-CNC Win.Trojan.Rombrast variant outbound connection,T1071.001 - Web Protocols,llm_candidate,0.9,"Detects Rombrast trojan HTTP request to file.aspx with specific parameter, indicating web protocol C2. Candidate mapping requiring validation."
25259,5,MALWARE-CNC Win.Trojan.BancosBanload variant outbound connection,T1071.001 - Web Protocols,llm_candidate,0.9,"Detects BancosBanload trojan HTTP request with .gif and specific encoding headers, confirming web protocol C2. Candidate mapping requiring validation."
25269,4,MALWARE-CNC Win.Trojan.Buterat variant outbound connection,T1071.001 - Web Protocols,llm_candidate,0.9,"Detects Buterat trojan HTTP headers and URI pattern, indicating web protocol C2. Candidate mapping requiring validation."
25271,4,MALWARE-CNC Win.Trojan.Buzus variant outbound connection,T1071.001 - Web Protocols,llm_candidate,0.9,"Detects Buzus trojan HTTP request with specific parameters and User-Agent, confirming web protocol C2. Candidate mapping requiring validation."
25277,3,MALWARE-OTHER Request for a non-legit postal receipt,T1071.001 - Web Protocols,llm_candidate,0.7,"Detects request to malicious PHP script (php=receipt) used for fake postal receipts, leveraging web protocols. Candidate mapping requiring validation."
25358,6,APP-DETECT Acunetix web vulnerability scan attempt,T1595.002 - Vulnerability Scanning,llm_candidate,0.9,"Detects Acunetix vulnerability scanner User-Agent, directly indicating active vulnerability scanning. Candidate mapping requiring validation."
25359,4,APP-DETECT Acunetix web vulnerability scanner probe attempt,T1595.002 - Vulnerability Scanning,llm_candidate,0.85,"Rule detects a specific Acunetix vulnerability scanner probe string, indicating active vulnerability scanning against a web application. Candidate mapping requiring validation."
25360,4,APP-DETECT Acunetix web vulnerability scanner authentication attempt,T1056 - Input Capture,improved_heuristic_candidate,0.68,Credential or input capture indicator matched in content context. Candidate mapping requiring validation.
25361,4,APP-DETECT Acunetix web vulnerability scanner RFI attempt,T1595.002 - Vulnerability Scanning,llm_candidate,0.8,"Rule detects an RFI test payload used by Acunetix to probe for remote file inclusion vulnerabilities, consistent with vulnerability scanning. Candidate mapping requiring validation."
25362,4,APP-DETECT Acunetix web vulnerability scanner base64 XSS attempt,T1595.002 - Vulnerability Scanning,llm_candidate,0.8,"Rule detects a base64-encoded XSS payload used by Acunetix to test for cross-site scripting vulnerabilities, part of vulnerability scanning. Candidate mapping requiring validation."
25363,5,APP-DETECT Acunetix web vulnerability scanner URI injection attempt,T1595.002 - Vulnerability Scanning,llm_candidate,0.8,Rule detects URI injection test strings characteristic of Acunetix scanning for injection flaws. Candidate mapping requiring validation.
25364,4,APP-DETECT Acunetix web vulnerability scanner prompt XSS attempt,T1595.002 - Vulnerability Scanning,llm_candidate,0.8,Rule detects a prompt-based XSS test payload used by Acunetix during vulnerability scanning. Candidate mapping requiring validation.
25365,4,APP-DETECT Acunetix web vulnerability scanner XSS attempt,T1595.002 - Vulnerability Scanning,llm_candidate,0.8,Rule detects an XSS test pattern used by Acunetix to identify cross-site scripting vulnerabilities. Candidate mapping requiring validation.
25471,4,MALWARE-CNC Pushdo Spiral Traffic,T1071.001 - Web Protocols,llm_candidate,0.9,"Rule detects Pushdo botnet C2 HTTP POST traffic with a distinctive URI pattern, indicating command and control over web protocol. Candidate mapping requiring validation."
25511,4,MALWARE-CNC Win.Trojan.Symmi variant outbound connection,T1071.001 - Web Protocols,llm_candidate,0.9,"Rule detects outbound HTTP traffic matching a known Win.Trojan.Symmi C2 pattern, indicating command and control over web protocol. Candidate mapping requiring validation."
25589,6,SERVER-OTHER libupnp command buffer overflow attempt,T1210 - Exploitation of Remote Services,llm_candidate,0.9,"Rule detects a buffer overflow exploit attempt against libupnp (CVE-2012-5958/5962) via crafted M-SEARCH requests, indicating exploitation of a remote service. Candidate mapping requiring validation."
25627,6,MALWARE-CNC Win.Trojan.Reventon variant outbound connection,T1071.001 - Web Protocols,llm_candidate,0.9,Rule detects a static byte pattern in outbound HTTP traffic associated with Win.Trojan.Reventon C2 communication. Candidate mapping requiring validation.
25652,4,MALWARE-CNC Win.Trojan.Kryptic variant outbound connection,T1071.001 - Web Protocols,llm_candidate,0.9,Rule detects specific HTTP headers and body content matching Win.Trojan.Kryptic C2 traffic. Candidate mapping requiring validation.
25660,3,MALWARE-CNC Win.Trojan.Medfos variant outbound connection,T1071.001 - Web Protocols,llm_candidate,0.9,Rule detects HTTP request URI and Accept header patterns used by Win.Trojan.Medfos for command and control. Candidate mapping requiring validation.
25675,9,MALWARE-CNC Win.Trojan.Fakeavlock variant outbound connection,T1071.001 - Web Protocols,llm_candidate,0.9,Rule detects a distinctive User-Agent and long hexadecimal URI path used by Win.Trojan.Fakeavlock for C2. Candidate mapping requiring validation.
25765,5,MALWARE-CNC Trojan Agent YEH variant outbound connection,T1071.001 - Web Protocols,llm_candidate,0.9,Rule detects serialized data and a regex-matched query parameter used by Trojan Agent YEH for C2 over HTTP. Candidate mapping requiring validation.
25766,3,MALWARE-CNC Win.Trojan.Bancos variant outbound connection,T1071.001 - Web Protocols,llm_candidate,0.9,"Rule detects HTTP request parameters (/cmd.php?cmd=, arq=, cmd2=) characteristic of Win.Trojan.Bancos C2 communication. Candidate mapping requiring validation."
25807,5,MALWARE-CNC Win.Trojan.Urausy Botnet variant outbound connection,T1071.001 - Web Protocols,llm_candidate,0.9,"Rule detects HTTP C2 traffic with specific URI pattern and Chrome user-agent, indicative of web protocol command and control. Candidate mapping requiring validation."
25829,3,MALWARE-CNC Trojan Banker FTC variant outbound connection,T1071.001 - Web Protocols,llm_candidate,0.9,Rule matches a specific HTTP request URI and version used by Trojan Banker FTC for C2 communication over web protocols. Candidate mapping requiring validation.
25854,6,MALWARE-CNC Win.Trojan.Zeus variant outbound connection - MSIE7 No Referer No Cookie,T1071.001 - Web Protocols,llm_candidate,0.95,"Rule identifies Zeus variant C2 traffic via HTTP with MSIE 7 user-agent, missing Referer/Cookie, and .info domain pattern. Candidate mapping requiring validation."
25947,4,APP-DETECT Ammyy remote access tool,T1219.002 - Remote Desktop Software,llm_candidate,0.85,"Rule detects POST requests to Ammyy Admin's domain (rl.ammyy.com), a remote desktop software often abused for remote access. Candidate mapping requiring validation."
25949,3,MALWARE-CNC Win.Trojan.Zebrocy outbound data connection,T1041 - Exfiltration Over C2 Channel,llm_candidate,0.8,"Rule matches HTTP POST with multipart form-data (file upload) from Zebrocy trojan, indicating exfiltration over C2 channel. Candidate mapping requiring validation."
26020,4,EXPLOIT-KIT Sibhost exploit kit,T1190 - Exploit Public-Facing Application,improved_heuristic_candidate,0.62,Web-facing exploit indicator matched in msg context. Candidate mapping requiring validation.
26023,4,MALWARE-CNC Win.Trojan.Zbot variant in.php outbound connection,T1071.001 - Web Protocols,llm_candidate,0.9,Rule identifies Zbot/Zeus C2 check-in via HTTP POST to /in.php on .ru domains with Mozilla/4.0 user-agent. Candidate mapping requiring validation.
26024,3,MALWARE-CNC Win.Trojan.Wecod variant outbound connection,T1105 - Ingress Tool Transfer,llm_candidate,0.7,"Rule matches a specific URL path (/b/n/winrar/tudo.rar) used to download a RAR file, suggesting ingress tool transfer. Candidate mapping requiring validation."
26075,3,MALWARE-CNC Bancos variant outbound connection SQL query POST data,T1041 - Exfiltration Over C2 Channel,llm_candidate,0.8,"Rule captures SQL query in POST data from Bancos banking trojan, indicating data exfiltration over C2 channel. Candidate mapping requiring validation."
26106,5,MALWARE-CNC Win.Trojan.Zeus variant outbound connection,T1071.001 - Web Protocols,llm_candidate,0.9,"Rule detects Zeus variant C2 traffic with specific HTTP headers (MSIE, Accept-Encoding: identity) and content-length patterns. Candidate mapping requiring validation."
26203,4,MALWARE-CNC Win.Trojan.Gupd variant outbound connection,T1071.001 - Web Protocols,llm_candidate,0.85,"Rule matches HTTP POST parameters (cstype, authname, authpass, hostname, ostype) used by Gupd trojan for C2 communication. Candidate mapping requiring validation."
26211,3,MALWARE-CNC Win.Trojan.Eldorado variant outbound connection,T1071.001 - Web Protocols,llm_candidate,0.85,Rule identifies Eldorado trojan C2 via specific URI (/pid/pid.txt) and Indy Library user-agent over HTTP. Candidate mapping requiring validation.
26212,2,MALWARE-CNC Win.Trojan.Proxyier variant outbound connection,T1071.001 - Web Protocols,llm_candidate,0.8,"Rule detects Proxyier trojan check-in via HTTP GET to update subdomain with anomalous headers (0b8pre, no Referer). Candidate mapping requiring validation."
26264,6,MALWARE-CNC Dapato banking Trojan variant outbound connection,T1071.001 - Web Protocols,llm_candidate,0.85,Rule matches a specific URI path (/pics/_vti_cnf/00.inf) used by Dapato banking trojan for C2 over HTTP. Candidate mapping requiring validation.
26275,5,SERVER-WEBAPP DD-WRT httpd cgi-bin remote command execution attempt,T1190 - Exploit Public-Facing Application,llm_candidate,0.95,Rule detects exploitation attempt against DD-WRT CGI endpoint using shell metacharacter (${IFS}) for remote command execution. Candidate mapping requiring validation.
26276,5,SERVER-WEBAPP Linksys E1500/E2500 apply.cgi submit_button page redirection attempt,T1190 - Exploit Public-Facing Application,llm_candidate,0.9,Rule identifies exploit attempt targeting Linksys apply.cgi via submit_button parameter with null byte injection. Candidate mapping requiring validation.
26277,5,SERVER-WEBAPP Linksys E1500/E2500 apply.cgi submit_button page redirection attempt,T1190 - Exploit Public-Facing Application,llm_candidate,0.9,Rule detects same Linksys apply.cgi null byte injection exploit via query string parameter. Candidate mapping requiring validation.
26278,4,SERVER-WEBAPP Linksys E1500/E2500 apply.cgi unauthenticated password reset attempt,T1056 - Input Capture,improved_heuristic_candidate,0.68,Credential or input capture indicator matched in msg context. Candidate mapping requiring validation.
26279,5,SERVER-WEBAPP Linksys E1500/E2500 apply.cgi unauthenticated password reset attempt,T1056 - Input Capture,improved_heuristic_candidate,0.68,Credential or input capture indicator matched in msg context. Candidate mapping requiring validation.
26288,3,MALWARE-CNC Brontok Worm variant outbound connection,T1071.001 - Web Protocols,llm_candidate,0.9,Rule detects Brontok worm C2 traffic via distinctive User-Agent string 'Brontok.A8 Browser' over HTTP. Candidate mapping requiring validation.
26289,2,MALWARE-CNC Daws Trojan Outbound Plaintext over SSL Port,T1071.001 - Web Protocols,llm_candidate,0.8,"Rule identifies HTTP POST with multipart form-data over SSL port (HTTPS), indicating encrypted C2 channel using symmetric cryptography. Candidate mapping requiring validation."
26289,2,MALWARE-CNC Daws Trojan Outbound Plaintext over SSL Port,T1573.001 - Symmetric Cryptography,llm_candidate,0.8,"Rule identifies HTTP POST with multipart form-data over SSL port (HTTPS), indicating encrypted C2 channel using symmetric cryptography. Candidate mapping requiring validation."
26319,3,MALWARE-CNC file path used as User-Agent - potential Trojan,T1071.001 - Web Protocols,llm_candidate,0.75,"Rule flags anomalous User-Agent containing a Windows file path (C:\...\.exe), typical of trojan C2 communication. Candidate mapping requiring validation."
26325,2,MALWARE-CNC Win.Trojan.Scar variant outbound connection,T1071.001 - Web Protocols,llm_candidate,0.85,Rule matches Scar trojan C2 request with MAC address parameter (.php?mac=) and Korean Accept-Language header. Candidate mapping requiring validation.
26327,3,MALWARE-CNC OSX.Trojan.Flashfake variant outbound connection,T1071.001 - Web Protocols,llm_candidate,0.8,"Rule detects a specific User-Agent pattern with UUID used by OSX.Flashfake for C2 communication over HTTP, indicating command and control via web protocols. Candidate mapping requiring validation."
26335,3,MALWARE-CNC FBI Ransom Trojan variant outbound connection,T1486 - Data Encrypted for Impact,improved_heuristic_candidate,0.61,Data encryption impact indicator matched in msg context. Candidate mapping requiring validation.
26353,3,INDICATOR-COMPROMISE IP address check to dyndns.org detected,T1016.001 - Internet Connection Discovery,llm_candidate,0.9,"Rule detects HTTP requests to checkip.dyndns.org, a service used to discover the victim's public IP address (Internet Connection Discovery). Candidate mapping requiring validation."
26370,2,MALWARE-CNC Win.Trojan.Bancos variant outbound connection - ksa.txt,T1071.001 - Web Protocols,llm_candidate,0.8,Rule identifies a specific HTTP request for ksa.txt with a distinctive User-Agent (Indy Library) used by Win.Trojan.Bancos for C2. Candidate mapping requiring validation.
26371,2,MALWARE-CNC Win.Trojan.Bancos variant outbound connection - op POST,T1071.001 - Web Protocols,llm_candidate,0.8,"Rule matches POST parameters (op=, &nmpc=) characteristic of Bancos trojan C2 traffic over HTTP. Candidate mapping requiring validation."
26380,4,MALWARE-OTHER UTF-8 BOM in zip file attachment detected,T1566.001 - Spearphishing Attachment,llm_candidate,0.7,"Rule detects a ZIP file with a UTF-8 BOM in SMTP traffic, a common indicator of malicious email attachments used in spearphishing. Candidate mapping requiring validation."
26381,5,MALWARE-OTHER UTF-8 BOM in zip file attachment detected,T1566.001 - Spearphishing Attachment,llm_candidate,0.7,"Same ZIP-with-BOM signature observed over FTP, IMAP, or POP3, indicating malicious file delivery via mail protocols. Candidate mapping requiring validation."
26382,4,MALWARE-OTHER UTF-8 BOM in zip file attachment detected,T1105 - Ingress Tool Transfer,llm_candidate,0.7,"Rule detects the same malicious ZIP signature in HTTP traffic, suggesting ingress tool transfer via web download. Candidate mapping requiring validation."
26395,6,APP-DETECT Ufasoft bitcoin miner possible data upload,T1041 - Exfiltration Over C2 Channel,improved_heuristic_candidate,0.58,Exfiltration indicator matched in msg context. Candidate mapping requiring validation.
26398,3,MALWARE-CNC Win.Trojan.Gamarue variant outbound connection,T1071.001 - Web Protocols,llm_candidate,0.8,Rule matches a specific POST request to panel1/gate.php with no-cache headers used by Gamarue trojan for C2 over HTTP. Candidate mapping requiring validation.
26410,5,INDICATOR-COMPROMISE IP address check to j.maxmind.com detected,T1016.001 - Internet Connection Discovery,llm_candidate,0.9,"Rule detects requests to j.maxmind.com/app/geoip.js, a service used to determine the external IP address (Internet Connection Discovery). Candidate mapping requiring validation."
26411,3,MALWARE-OTHER Win.Worm.Dorkbot folder snkb0ptz creation attempt SMB,T1021.002 - SMB/Windows Admin Shares,improved_heuristic_candidate,0.63,SMB or administrative share indicator matched in msg context. Candidate mapping requiring validation.
26412,3,MALWARE-OTHER Win.Worm.Dorkbot executable snkb0ptz.exe creation attempt SMB,T1021.002 - SMB/Windows Admin Shares,improved_heuristic_candidate,0.63,SMB or administrative share indicator matched in msg context. Candidate mapping requiring validation.
26413,3,MALWARE-OTHER Win.Worm.Dorkbot Desktop.ini snkb0ptz.exe creation attempt SMB,T1021.002 - SMB/Windows Admin Shares,improved_heuristic_candidate,0.63,SMB or administrative share indicator matched in msg context. Candidate mapping requiring validation.
26467,3,MALWARE-CNC Win.Trojan.Magic variant inbound connection,T1071.001 - Web Protocols,llm_candidate,0.8,"Rule looks for the string 'some_magic_code1' in HTTP traffic, a marker for Win.Trojan.Magic C2 communication. Candidate mapping requiring validation."
26468,5,SERVER-ORACLE Oracle WebCenter FatWire Satellite Server header injection on blobheadername2 attempt,T1190 - Exploit Public-Facing Application,llm_candidate,0.9,"Rule detects exploitation attempt against Oracle WebCenter FatWire (CVE-2013-1509) via header injection on blobheadername2, a public-facing application exploit. Candidate mapping requiring validation."
26469,5,SERVER-ORACLE Oracle WebCenter FatWire Satellite Server header injection on blobheadername2 attempt,T1190 - Exploit Public-Facing Application,llm_candidate,0.9,"Same CVE-2013-1509 exploitation attempt using a different header value (Refresh), targeting a public-facing web application. Candidate mapping requiring validation."
26482,2,MALWARE-CNC Unknown Thinner Encrypted POST botnet C&C,T1071.001 - Web Protocols,llm_candidate,0.7,"Rule matches encrypted POST data (non-printable characters) to a specific URI path (/thinner/thumb?img=), indicating C2 over HTTP with an encrypted channel (likely symmetric cryptography). Candidate mapping requiring validation."
26482,2,MALWARE-CNC Unknown Thinner Encrypted POST botnet C&C,T1573.001 - Symmetric Cryptography,llm_candidate,0.7,"Rule matches encrypted POST data (non-printable characters) to a specific URI path (/thinner/thumb?img=), indicating C2 over HTTP with an encrypted channel (likely symmetric cryptography). Candidate mapping requiring validation."
26483,3,SERVER-WEBAPP JavaScript tag in User-Agent field possible XSS attempt,T1190 - Exploit Public-Facing Application,llm_candidate,0.8,"Rule detects a <SCRIPT> tag in the User-Agent header, a classic cross-site scripting (XSS) attempt against a web application. Candidate mapping requiring validation."
26522,4,MALWARE-CNC User-Agent known malicious user agent NOKIAN95/WEB,T1071.001 - Web Protocols,llm_candidate,0.8,Rule flags a known malicious User-Agent string (NOKIAN95/WEB) associated with targeted attack C2 traffic over HTTP. Candidate mapping requiring validation.
26528,4,INDICATOR-COMPROMISE Unix.Backdoor.Cdorked redirect attempt,T1071.001 - Web Protocols,llm_candidate,0.8,"Rule identifies a specific redirect pattern (parameters time, src, surl) used by the Cdorked backdoor for C2 over HTTP. Candidate mapping requiring validation."
26533,2,MALWARE-CNC Unknown malware - Incorrect headers - Referer HTTP/1.0,T1071.001 - Web Protocols,llm_candidate,0.6,"Rule detects an anomalous Referer header set to 'HTTP/1.0', a malformed header often seen in custom malware C2 implementations. Candidate mapping requiring validation."
26558,5,MALWARE-CNC User-Agent known Malicious user agent Brutus AET,T1110.001 - Password Guessing,llm_candidate,0.8,"Rule matches the User-Agent of the Brutus AET tool, a password brute-forcer, indicating credential guessing attacks against web applications. Candidate mapping requiring validation."
26560,2,MALWARE-CNC Win.Trojan.Bancos variant outbound connection - getcomando POST data,T1071.001 - Web Protocols,llm_candidate,0.8,Rule detects POST data 'tipo=getcomando&' used by Bancos trojan variants for command retrieval over HTTP. Candidate mapping requiring validation.
26561,2,MALWARE-CNC Win.Trojan.Zeus variant outbound connection,T1071.001 - Web Protocols,llm_candidate,0.8,"Rule matches characteristic Zeus trojan C2 parameters (&sk1=, bn1=) in HTTP traffic. Candidate mapping requiring validation."
26562,3,EXPLOIT-KIT Nuclear exploit kit Spoofed Host Header .com- requests,T1190 - Exploit Public-Facing Application,improved_heuristic_candidate,0.62,Web-facing exploit indicator matched in msg context. Candidate mapping requiring validation.
26563,2,MALWARE-CNC Harakit botnet traffic,T1071.001 - Web Protocols,llm_candidate,0.9,"The rule matches HTTP traffic to a known Harakit botnet C2 domain (sousi.extasix.com) and URI (/genst.htm), directly observing command-and-control over web protocols. Candidate mapping requiring validation."
26576,5,MALWARE-CNC Potential hostile executable served from compromised or malicious WordPress site attempt,T1021.001 - Remote Desktop Protocol,improved_heuristic_candidate,0.65,Remote Desktop Protocol indicator matched in msg context. Candidate mapping requiring validation.
26577,4,MALWARE-CNC User-Agent known malicious user agent Opera 10,T1071.001 - Web Protocols,llm_candidate,0.7,The rule flags a specific malicious User-Agent string (Opera/10) used by malware for C2 communication over HTTP. Candidate mapping requiring validation.
26578,2,MALWARE-CNC Win.Trojan.Kazy/FakeAV Checkin with IE6 User-Agent,T1071.001 - Web Protocols,llm_candidate,0.8,"The rule detects a Kazy/FakeAV check-in pattern: a specific URI (/images/m.php?id=), an outdated IE6 User-Agent, and missing Referer header, all indicative of C2 over web protocols. Candidate mapping requiring validation."
26579,2,MALWARE-CNC Win.Trojan.Kazy/FakeAV Checkin with IE6 User-Agent,T1071.001 - Web Protocols,llm_candidate,0.8,"Similar to the previous rule, this matches a different URI path (/ccbill/m.php?id=) with the same IE6 User-Agent and no Referer, showing C2 traffic. Candidate mapping requiring validation."
26613,3,MALWARE-CNC Medfos Trojan variant outbound connection,T1071.001 - Web Protocols,llm_candidate,0.85,"The rule matches Medfos Trojan C2 traffic: a distinct URI (/feed?req=http), an IE User-Agent, missing Accept-Language and Referer headers, and an IP address in the Host header, all characteristic of HTTP-based command and control. Candidate mapping requiring validation."
26655,2,MALWARE-BACKDOOR Win.Backdoor.PCRat data upload,T1041 - Exfiltration Over C2 Channel,improved_heuristic_candidate,0.58,Exfiltration indicator matched in msg context. Candidate mapping requiring validation.
26656,2,MALWARE-CNC Win.Trojan.Travnet Botnet data upload,T1041 - Exfiltration Over C2 Channel,improved_heuristic_candidate,0.58,Exfiltration indicator matched in msg context. Candidate mapping requiring validation.
26657,4,MALWARE-CNC Win.Trojan.Shiz variant outbound connection,T1071.001 - Web Protocols,llm_candidate,0.85,"The rule identifies a Shiz Trojan C2 pattern: a GET to /login.php with a forged Google Referer and a legacy IE2.0 User-Agent, clearly showing command-and-control over HTTP. Candidate mapping requiring validation."
26658,5,BROWSER-WEBKIT Possible Google Chrome Plugin install from non-trusted source,T1105 - Ingress Tool Transfer,llm_candidate,0.7,"The rule flags Chrome extension (.crx) downloads from non-Google sources (excluding googleusercontent, google.com, gvt1.com), indicating ingress tool transfer via malicious browser plugins. Candidate mapping requiring validation."
26659,4,BROWSER-FIREFOX Possible Mozilla Firefox Plugin install from non-Mozilla source,T1105 - Ingress Tool Transfer,llm_candidate,0.7,"The rule detects Firefox extension (.xpi) downloads from non-Mozilla domains, another case of ingress tool transfer through malicious browser add-ons. Candidate mapping requiring validation."
26695,5,MALWARE-CNC Win.Trojan.Namihno variant outbound request,T1001.003 - Protocol or Service Impersonation,llm_candidate,0.75,"The rule matches a URI pattern (/windows/update/search?hl=...) that mimics Windows Update traffic, demonstrating protocol or service impersonation by the Namihno Trojan. Candidate mapping requiring validation."
26696,4,MALWARE-CNC Cbeplay Ransomware variant outbound connection - Abnormal HTTP Headers,T1486 - Data Encrypted for Impact,improved_heuristic_candidate,0.61,Data encryption impact indicator matched in msg context. Candidate mapping requiring validation.
26697,4,MALWARE-CNC Cbeplay Ransomware variant outbound connection - POST Body,T1486 - Data Encrypted for Impact,improved_heuristic_candidate,0.61,Data encryption impact indicator matched in msg context. Candidate mapping requiring validation.
26698,2,MALWARE-OTHER Compromised Website response - leads to Exploit Kit,T1190 - Exploit Public-Facing Application,improved_heuristic_candidate,0.62,Web-facing exploit indicator matched in msg context. Candidate mapping requiring validation.
26712,2,MALWARE-CNC Kazy Trojan check-in,T1071.001 - Web Protocols,llm_candidate,0.8,"The rule matches a Kazy Trojan check-in with a specific Opera User-Agent and a /count.php?page= URI, showing HTTP-based C2. Candidate mapping requiring validation."
26713,2,MALWARE-CNC Win.Trojan.BlackRev rev 1 outbound traffic,T1071.001 - Web Protocols,llm_candidate,0.85,"The rule identifies BlackRev v1 C2 traffic: a gate.php?reg= URI with a 10-character registration ID and a Synapse User-Agent, clearly command-and-control over web protocols. Candidate mapping requiring validation."
26714,3,MALWARE-CNC Win.Trojan.BlackRev rev 2 outbound traffic,T1071.001 - Web Protocols,llm_candidate,0.85,"Similar to the previous rule, this detects BlackRev v2 with a 15-character alphanumeric registration ID and an SEObot User-Agent, again HTTP C2. Candidate mapping requiring validation."
26715,3,MALWARE-CNC Win.Trojan.BlackRev rev 3 outbound traffic,T1071.001 - Web Protocols,llm_candidate,0.85,"This rule catches BlackRev v3 using a gate.php?id= parameter with a 15-character ID and an SEObot User-Agent, continuing the pattern of HTTP C2. Candidate mapping requiring validation."
26719,2,MALWARE-CNC Win.Trojan.Kbot variant outbound connection,T1071.001 - Web Protocols,llm_candidate,0.8,"The rule matches a Kbot variant's s_alive.php?id= check-in URI, a straightforward HTTP C2 beacon. Candidate mapping requiring validation."
26720,2,MALWARE-CNC Win.Trojan.Kbot variant outbound connection,T1071.001 - Web Protocols,llm_candidate,0.8,"The rule detects the companion s_task.php?id= URI used by the same Kbot variant for task retrieval, also HTTP C2. Candidate mapping requiring validation."
26775,3,MALWARE-CNC Win.Trojan.Blocker variant outbound connection HTTP Header Structure,T1071.001 - Web Protocols,llm_candidate,0.8,"The rule identifies Blocker Trojan traffic by its HTTP header structure: a GET to /index.html on a .info domain with a specific Cache-Control header and a generic User-Agent, all over HTTP. Candidate mapping requiring validation."
26776,3,MALWARE-CNC Win.Trojan.Blocker variant outbound connection POST,T1041 - Exfiltration Over C2 Channel,llm_candidate,0.75,"The rule flags a POST request with 'cmd=gravar&dados=' (Portuguese for 'save data'), indicating the Blocker Trojan is exfiltrating data over its C2 channel. Candidate mapping requiring validation."
26779,4,MALWARE-CNC Win.Trojan.Cridex encrypted POST check-in,T1071.001 - Web Protocols,llm_candidate,0.8,"Rule detects HTTP POST to a specific path (/cos3q/in) with a .exe reference and a 24-character filename pattern, indicative of command-and-control check-in traffic over web protocols. Candidate mapping requiring validation."
26780,2,MALWARE-CNC cridex HTTP Response - default0.js,T1105 - Ingress Tool Transfer,llm_candidate,0.7,"Rule matches an HTTP response containing a script tag that loads a JavaScript file (default0.js), consistent with ingress tool transfer via web delivery. Candidate mapping requiring validation."
26812,2,MALWARE-CNC XP Fake Antivirus Check-in,T1071.001 - Web Protocols,llm_candidate,0.7,"Rule identifies a check-in HTTP request with a distinctive User-Agent and a numeric URI path (/\d{10}), characteristic of malware command-and-control over HTTP. Candidate mapping requiring validation."
26814,3,EXPLOIT-KIT Blackholev2 exploit kit Initial Gate from Linked-In Mailing Campaign,T1190 - Exploit Public-Facing Application,improved_heuristic_candidate,0.62,Web-facing exploit indicator matched in msg context. Candidate mapping requiring validation.
26834,5,EXPLOIT-KIT Sweet Orange exploit kit landing page in.php base64 uri,T1190 - Exploit Public-Facing Application,improved_heuristic_candidate,0.62,Web-facing exploit indicator matched in msg context. Candidate mapping requiring validation.
26835,3,MALWARE-CNC RDN Banker POST variant outbound connection,T1071.001 - Web Protocols,llm_candidate,0.7,"Rule detects a POST request with specific parameters (op=IncluirAvisos&, HostBD=) used by RDN Banker malware for command-and-control communication. Candidate mapping requiring validation."
26836,2,MALWARE-CNC RDN Banker Strange Google Traffic,T1071.001 - Web Protocols,llm_candidate,0.6,"Rule flags a suspicious User-Agent string (WinHttp.WinHttpRequest.5) in requests to www.google.com, suggestive of malware using web protocols for C2 or reconnaissance. Candidate mapping requiring validation."
26838,3,EXPLOIT-KIT Blackholev2 exploit kit Initial Gate from NatPay Mailing Campaign,T1190 - Exploit Public-Facing Application,improved_heuristic_candidate,0.62,Web-facing exploit indicator matched in msg context. Candidate mapping requiring validation.
26842,2,MALWARE-BACKDOOR Win.Backdoor.Boda Malware Checkin,T1071.001 - Web Protocols,llm_candidate,0.8,"Rule observes a backdoor check-in POST containing system information fields (macName, macOS, macMac), revealing both C2 traffic and system information discovery. Candidate mapping requiring validation."
26842,2,MALWARE-BACKDOOR Win.Backdoor.Boda Malware Checkin,T1082 - System Information Discovery,llm_candidate,0.8,"Rule observes a backdoor check-in POST containing system information fields (macName, macOS, macMac), revealing both C2 traffic and system information discovery. Candidate mapping requiring validation."
26910,3,MALWARE-CNC ZeroAccess Encrypted 128-byte POST No Accept Headers,T1071.001 - Web Protocols,llm_candidate,0.8,"Rule detects a fixed-length (128-byte) encrypted POST lacking an Accept header and containing non-printable characters, indicating encrypted command-and-control channel usage. Candidate mapping requiring validation."
26910,3,MALWARE-CNC ZeroAccess Encrypted 128-byte POST No Accept Headers,T1573 - Encrypted Channel,llm_candidate,0.8,"Rule detects a fixed-length (128-byte) encrypted POST lacking an Accept header and containing non-printable characters, indicating encrypted command-and-control channel usage. Candidate mapping requiring validation."
26911,3,MALWARE-CNC Win.Trojan.Rombrast Trojan outbound connection,T1071.001 - Web Protocols,llm_candidate,0.8,"Rule matches POST requests to /info.php?act= with actions 'list' or 'online', a known Rombrast trojan C2 API pattern over HTTP. Candidate mapping requiring validation."
26912,3,MALWARE-CNC Win.Trojan.Rombrast Trojan outbound connection,T1071.001 - Web Protocols,llm_candidate,0.8,"Rule identifies a POST with pipe-delimited data fields, consistent with Rombrast trojan command-and-control traffic structure. Candidate mapping requiring validation."
26923,3,MALWARE-CNC Win.Trojan.Zeus variant outbound connection,T1071.001 - Web Protocols,llm_candidate,0.8,"Rule detects requests to /images/<letter>.php?id=<number>, a characteristic Zeus variant C2 URI pattern over HTTP. Candidate mapping requiring validation."
26924,3,MALWARE-CNC Potential Gozi Trojan HTTP Header Structure,T1071.001 - Web Protocols,llm_candidate,0.8,Rule matches a specific HTTP header structure and URI regex (/<random>.php?<param>=<base64>) used by Gozi trojan for command-and-control. Candidate mapping requiring validation.
26925,2,SQL generic convert injection attempt - GET parameter,T1190 - Exploit Public-Facing Application,llm_candidate,0.9,"Rule alerts on the SQL 'convert(' function in a GET parameter, a classic SQL injection attempt against a public-facing web application. Candidate mapping requiring validation."
26949,4,EXPLOIT-KIT DotkaChef/Rmayana/DotCache exploit kit landing page,T1190 - Exploit Public-Facing Application,improved_heuristic_candidate,0.62,Web-facing exploit indicator matched in msg context. Candidate mapping requiring validation.
26951,5,EXPLOIT-KIT DotkaChef/Rmayana/DotCache exploit kit Malvertising Campaign URI request,T1190 - Exploit Public-Facing Application,improved_heuristic_candidate,0.62,Web-facing exploit indicator matched in msg context. Candidate mapping requiring validation.
26965,3,MALWARE-CNC Win.Trojan.Win32 Facebook Secure Cryptor C2,T1071.001 - Web Protocols,llm_candidate,0.8,"Rule detects C2 traffic to a forum search.php page with email and method parameters and missing Referer/Accept headers, used by Facebook Secure Cryptor malware. Candidate mapping requiring validation."
26966,5,MALWARE-CNC Win32/Autorun.JN variant outbound connection,T1071.001 - Web Protocols,llm_candidate,0.7,"Rule identifies requests for /u5.htm or //u5.htm, a known outbound connection pattern for the Win32/Autorun.JN worm's command-and-control. Candidate mapping requiring validation."
26968,3,MALWARE-CNC Win.Trojan.Gozi Data Theft POST Data,T1041 - Exfiltration Over C2 Channel,improved_heuristic_candidate,0.58,Exfiltration indicator matched in msg context. Candidate mapping requiring validation.
26969,2,MALWARE-CNC Win.Trojan.Gozi Trojan Data Theft POST URL,T1041 - Exfiltration Over C2 Channel,improved_heuristic_candidate,0.58,Exfiltration indicator matched in msg context. Candidate mapping requiring validation.
26970,2,MALWARE-CNC Win.Trojan.Pirminay variant outbound connection,T1071.001 - Web Protocols,llm_candidate,0.7,"Rule flags a specific cookie (cache=cc2) and an IP address in the Host header, indicative of Pirminay trojan command-and-control traffic. Candidate mapping requiring validation."
26984,4,MALWARE-CNC Win.Trojan.Injector Info Stealer Trojan variant outbound connection,T1041 - Exfiltration Over C2 Channel,llm_candidate,0.8,"Rule observes POST requests to /xgi-bin/*.php with a MSIE User-Agent and missing Accept-Language header, consistent with Injector info-stealer exfiltration. Candidate mapping requiring validation."
26984,4,MALWARE-CNC Win.Trojan.Injector Info Stealer Trojan variant outbound connection,T1071.001 - Web Protocols,llm_candidate,0.8,"Rule observes POST requests to /xgi-bin/*.php with a MSIE User-Agent and missing Accept-Language header, consistent with Injector info-stealer exfiltration. Candidate mapping requiring validation."
26985,3,EXPLOIT-KIT Rawin exploit kit outbound java retrieval,T1190 - Exploit Public-Facing Application,improved_heuristic_candidate,0.62,Web-facing exploit indicator matched in msg context. Candidate mapping requiring validation.
27017,2,MALWARE-CNC Win.Trojan.Dapato variant inbound response connection,T1071.001 - Web Protocols,llm_candidate,0.7,Rule detects a structured inbound HTTP response with repeating hex patterns characteristic of command-and-control traffic over web protocols. Candidate mapping requiring validation.
27039,2,MALWARE-CNC Win.Trojan.OnlineGameHack variant outbound connection,T1071.001 - Web Protocols,llm_candidate,0.75,"Rule matches an outbound HTTP GET request containing MAC and OS parameters, indicating beaconing with system information to a C2 server via web protocols. Candidate mapping requiring validation."
27040,4,EXPLOIT-KIT Styx exploit kit plugin detection connection jorg,T1190 - Exploit Public-Facing Application,improved_heuristic_candidate,0.62,Web-facing exploit indicator matched in msg context. Candidate mapping requiring validation.
27041,4,EXPLOIT-KIT Styx exploit kit plugin detection connection jlnp,T1190 - Exploit Public-Facing Application,improved_heuristic_candidate,0.62,Web-facing exploit indicator matched in msg context. Candidate mapping requiring validation.
27042,5,EXPLOIT-KIT Styx exploit kit plugin detection connection jovf,T1190 - Exploit Public-Facing Application,improved_heuristic_candidate,0.62,Web-facing exploit indicator matched in msg context. Candidate mapping requiring validation.
27044,3,MALWARE-CNC User-Agent known malicious user-agent string pb - Htbot,T1071.001 - Web Protocols,llm_candidate,0.8,Rule detects a known malicious User-Agent string (pb) used by Htbot malware for C2 communication over HTTP. Candidate mapping requiring validation.
27085,3,EXPLOIT-KIT Unknown Malvertising exploit kit Hostile Jar pipe.class,T1190 - Exploit Public-Facing Application,improved_heuristic_candidate,0.62,Web-facing exploit indicator matched in msg context. Candidate mapping requiring validation.
27086,3,EXPLOIT-KIT Unknown Malvertising exploit kit stage-1 redirect,T1190 - Exploit Public-Facing Application,improved_heuristic_candidate,0.62,Web-facing exploit indicator matched in msg context. Candidate mapping requiring validation.
27110,7,EXPLOIT-KIT Blackholev2/Cool exploit kit outbound portable executable request,T1190 - Exploit Public-Facing Application,improved_heuristic_candidate,0.62,Web-facing exploit indicator matched in msg context. Candidate mapping requiring validation.
27144,3,EXPLOIT-KIT Private exploit kit outbound traffic,T1190 - Exploit Public-Facing Application,improved_heuristic_candidate,0.62,Web-facing exploit indicator matched in msg context. Candidate mapping requiring validation.
27199,2,MALWARE-CNC Win.Trojan.Meredrop variant outbound connection GET Request,T1071.001 - Web Protocols,llm_candidate,0.75,"Rule detects Meredrop trojan GET requests with a GUID-like pattern in the URI, indicating C2 beaconing over HTTP. Candidate mapping requiring validation."
27200,2,MALWARE-CNC Win.Trojan.Meredrop variant outbound connection POST Request,T1071.001 - Web Protocols,llm_candidate,0.75,"Rule detects Meredrop trojan POST requests with a distinctive User-Agent containing a GUID pattern, indicating C2 communication over HTTP. Candidate mapping requiring validation."
27201,5,MALWARE-CNC Win.Trojan.Neurevt variant outbound connection,T1071.001 - Web Protocols,llm_candidate,0.8,"Rule matches Neurevt trojan outbound connections with hex-encoded parameters (ps0, ps1, cs1-3) used for C2 check-in via web protocols. Candidate mapping requiring validation."
27204,1,MALWARE-CNC Potential Bancos Brazilian Banking Trojan Browser Proxy Autoconfig File,T1090 - Proxy,llm_candidate,0.7,"Rule detects a proxy auto-config (PAC) file used by Bancos banking trojan to redirect browser traffic through a proxy, indicating proxy usage. Candidate mapping requiring validation."
27246,2,MALWARE-OTHER Mac OSX FBI ransomware,T1486 - Data Encrypted for Impact,improved_heuristic_candidate,0.61,Data encryption impact indicator matched in msg context. Candidate mapping requiring validation.
27248,4,MALWARE-CNC Win.Trojan.Gamarue - Mozi1la User-Agent,T1071.001 - Web Protocols,llm_candidate,0.8,Rule detects a misspelled 'Mozi1la' User-Agent string used by Gamarue trojan for C2 communication over HTTP. Candidate mapping requiring validation.
27252,3,MALWARE-CNC Win.Trojan.ZeroAccess 111-byte URL variant outbound connection,T1071.001 - Web Protocols,llm_candidate,0.8,"Rule matches ZeroAccess trojan's characteristic 111-byte URL pattern with double equals signs, indicating C2 beaconing over HTTP. Candidate mapping requiring validation."
27253,2,MALWARE-CNC Win.Trojan.Cridex Encrypted POST w/ URL Pattern,T1071.001 - Web Protocols,llm_candidate,0.8,"Rule detects Cridex trojan encrypted POST requests with specific header structure and URL pattern, indicating C2 over web protocols. Candidate mapping requiring validation."
27254,1,MALWARE-CNC Yakes Trojan HTTP Header Structure,T1071.001 - Web Protocols,llm_candidate,0.8,"Rule identifies Yakes trojan POST requests with a rigid HTTP header structure (Cache-Control, Connection, Pragma, Content-Type) to PHP endpoints, indicating C2. Candidate mapping requiring validation."
27257,5,MALWARE-CNC Win.Trojan.Kryptic 7-byte URI Invalid Firefox Headers - no Accept-Language,T1071.001 - Web Protocols,llm_candidate,0.75,"Rule detects Kryptic trojan GET requests with a 7-byte uppercase URI and missing standard headers (Accept-Language, Referer), indicative of C2 beaconing. Candidate mapping requiring validation."
27565,2,MALWARE-OTHER HideMeBetter spam injection variant,T1491.001 - Internal Defacement,llm_candidate,0.8,"Rule matches injected HTML/JS spam content (HideMeBetter div and script) that defaces web pages, an internal defacement technique. Candidate mapping requiring validation."
27596,5,MALWARE-CNC Win.Trojan.Redyms variant outbound connection,T1071.001 - Web Protocols,llm_candidate,0.75,"Rule detects Redyms trojan outbound connections with parameters for internal IP, ID, port, and bot ID, indicating C2 registration via HTTP. Candidate mapping requiring validation."
27599,3,MALWARE-CNC Fort Disco Registration variant outbound connection,T1071.001 - Web Protocols,llm_candidate,0.75,"Rule identifies Fort Disco trojan connections to /cmd.php with a Synapse User-Agent, indicating C2 communication over HTTP. Candidate mapping requiring validation."
27629,5,MALWARE-CNC Win.Backdoor.Aumlib variant outbound connection,T1071.001 - Web Protocols,llm_candidate,0.75,"Rule detects Aumlib backdoor connections to a Tomcat JSP endpoint with a legacy IE User-Agent, indicating C2 over web protocols. Candidate mapping requiring validation."
27630,5,MALWARE-CNC Win.Backdoor.Aumlib variant outbound connection,T1071.001 - Web Protocols,llm_candidate,0.85,"Rule detects outbound HTTP request to a specific URI (/bbs/search.asp) with a distinctive User-Agent string, indicative of command-and-control beaconing over web protocols. Candidate mapping requiring validation."
27631,5,MALWARE-CNC Win.Backdoor.Aumlib variant outbound connection,T1071.001 - Web Protocols,llm_candidate,0.85,"Rule matches HTTP GET to a parameterized search URI with a fixed User-Agent, consistent with malware C2 communication over HTTP. Candidate mapping requiring validation."
27633,4,MALWARE-CNC Worm.Silly variant outbound connection,T1071.001 - Web Protocols,llm_candidate,0.8,"Rule identifies HTTP request to /ul.htm with a specific User-Agent and missing Accept-Language header, a pattern used by worm C2 channels. Candidate mapping requiring validation."
27648,4,MALWARE-CNC Win.Trojan.SpyBanker.ZSL variant outbound connection,T1041 - Exfiltration Over C2 Channel,llm_candidate,0.8,"Rule triggers on HTTP POST containing 'valor=' and ']branco[', suggesting exfiltration of structured data (likely banking credentials) over the C2 channel. Candidate mapping requiring validation."
27649,2,MALWARE-CNC Brazilian Banking Trojan data theft,T1041 - Exfiltration Over C2 Channel,improved_heuristic_candidate,0.58,Exfiltration indicator matched in msg context. Candidate mapping requiring validation.
27680,2,MALWARE-CNC Win.Trojan.ZeroAccess variant outbound connection,T1071.001 - Web Protocols,llm_candidate,0.85,"Rule detects HTTP requests to long, algorithmically generated .php filenames with a fixed User-Agent, characteristic of ZeroAccess C2 traffic over web protocols. Candidate mapping requiring validation."
27708,8,MALWARE-CNC Win.Ransomware.Urausy outbound connection,T1486 - Data Encrypted for Impact,improved_heuristic_candidate,0.61,Data encryption impact indicator matched in msg context. Candidate mapping requiring validation.
27775,5,MALWARE-CNC Win.Trojan.Fareit variant outbound connection,T1071.001 - Web Protocols,llm_candidate,0.8,"Rule matches a bare HTTP GET to .htm with a fixed Content-Length and User-Agent but no Accept header, typical of Fareit C2 check-ins. Candidate mapping requiring validation."
27802,4,MALWARE-CNC Win.Trojan.PRISM variant outbound connection,T1071.001 - Web Protocols,llm_candidate,0.75,Rule identifies a specific URI path (/page/index_htm_files2/) and .png extension used by PRISM malware for C2 over HTTP. Candidate mapping requiring validation.
27803,4,MALWARE-CNC Win.Trojan.PRISM variant outbound connection,T1071.001 - Web Protocols,llm_candidate,0.75,"Rule triggers on HTTP request to /form.php with a unique parameter value, indicating a PRISM C2 callback. Candidate mapping requiring validation."
27804,4,MALWARE-CNC Win.Trojan.PRISM variant outbound connection,T1071.001 - Web Protocols,llm_candidate,0.75,"Rule matches a POST to /page/index.php with fixed parameter names (foo, data) and a constant value, a PRISM C2 pattern. Candidate mapping requiring validation."
27805,2,MALWARE-CNC Win.Trojan.Bisonha variant outbound connection,T1071.001 - Web Protocols,llm_candidate,0.85,"Rule detects HTTPS (SSL) GET requests to /3001 followed by a long hex string, showing C2 over encrypted web protocols using symmetric encryption (TLS). Candidate mapping requiring validation."
27805,2,MALWARE-CNC Win.Trojan.Bisonha variant outbound connection,T1573.001 - Symmetric Cryptography,llm_candidate,0.85,"Rule detects HTTPS (SSL) GET requests to /3001 followed by a long hex string, showing C2 over encrypted web protocols using symmetric encryption (TLS). Candidate mapping requiring validation."
27865,7,EXPLOIT-KIT Blackholev2/Darkleech exploit kit landing page request,T1190 - Exploit Public-Facing Application,improved_heuristic_candidate,0.62,Web-facing exploit indicator matched in msg context. Candidate mapping requiring validation.
27866,2,EXPLOIT-KIT Blackholev2/Darkleech exploit kit landing page,T1190 - Exploit Public-Facing Application,improved_heuristic_candidate,0.62,Web-facing exploit indicator matched in msg context. Candidate mapping requiring validation.
27899,4,PROTOCOL-VOIP Possible SIP OPTIONS service information gathering attempt,T1046 - Network Service Discovery,llm_candidate,0.85,"Rule alerts on SIP OPTIONS requests over UDP, a method for enumerating VoIP services and gathering service information. Candidate mapping requiring validation."
27900,4,PROTOCOL-VOIP Excessive number of SIP 4xx responses potential user or password guessing attempt,T1056 - Input Capture,improved_heuristic_candidate,0.68,Credential or input capture indicator matched in msg context. Candidate mapping requiring validation.
27901,4,PROTOCOL-VOIP Ghost call attack attempt,T1046 - Network Service Discovery,llm_candidate,0.8,"Rule detects SIP ghost call attempts, which are used for service enumeration and reconnaissance of VoIP infrastructure. Candidate mapping requiring validation."
27902,3,PROTOCOL-VOIP Possible SIP OPTIONS service information gathering attempt,T1046 - Network Service Discovery,llm_candidate,0.85,Same as rule 2709 but over TCP; SIP OPTIONS used for service discovery. Candidate mapping requiring validation.
27903,3,PROTOCOL-VOIP Ghost call attack attempt,T1046 - Network Service Discovery,llm_candidate,0.8,"SIP ghost call attempt over TCP, used for VoIP service reconnaissance. Candidate mapping requiring validation."
27904,3,PROTOCOL-VOIP Excessive number of SIP 4xx responses potential user or password guessing attempt,T1056 - Input Capture,improved_heuristic_candidate,0.68,Credential or input capture indicator matched in msg context. Candidate mapping requiring validation.
27914,3,PUA-ADWARE Vittalia adware - post install,T1071.001 - Web Protocols,llm_candidate,0.75,"Rule detects HTTP POST to /report.php with a distinctive User-Agent, used by Vittalia adware for post-install check-in (C2-like communication). Candidate mapping requiring validation."
27915,3,PUA-ADWARE Vittalia adware outbound connection - pre install,T1071.001 - Web Protocols,llm_candidate,0.75,"Rule matches pre-install HTTP requests to /instapi.php with multiple parameters, part of adware installation communication over HTTP. Candidate mapping requiring validation."
27916,3,PUA-TOOLBARS Vittalia adware outbound connection - Eazel toolbar install,T1105 - Ingress Tool Transfer,llm_candidate,0.9,"Rule identifies HTTP download of an executable (EazelBar.exe) with a specific User-Agent, directly observing ingress tool transfer. Candidate mapping requiring validation."
27917,3,PUA-TOOLBARS Vittalia adware outbound connection - offers,T1071.001 - Web Protocols,llm_candidate,0.75,"Rule matches HTTP requests to /listener.php with a fixed User-Agent, used by Vittalia adware for offer retrieval (C2 communication). Candidate mapping requiring validation."
27918,3,MALWARE-CNC Win.Trojan.Zeus variant outbound connection,T1071.001 - Web Protocols,llm_candidate,0.9,"Rule detects HTTP C2 beaconing with characteristic Zeus patterns (.exe request, specific headers), directly observing command-and-control over web protocol. Candidate mapping requiring validation."
27964,6,MALWARE-CNC Win.Trojan.Gh0st variant outbound connection,T1095 - Non-Application Layer Protocol,llm_candidate,0.85,"Rule matches raw TCP traffic containing the 'Gh0st' string and binary signatures of the Gh0st RAT's custom protocol, indicating non-application-layer C2 communication. Candidate mapping requiring validation."
27965,3,MALWARE-CNC Win.Trojan.Eupuds variant connection,T1071.001 - Web Protocols,llm_candidate,0.8,"Rule identifies HTTP traffic carrying SQL-like commands ('insert into avs'), consistent with C2 communication over web protocol. Candidate mapping requiring validation."
28005,4,MALWARE-CNC Win.Trojan.Kuluoz outbound command,T1071.001 - Web Protocols,llm_candidate,0.85,"Rule detects outbound HTTP requests with PHP configuration directives (-dsafe_mode, etc.) typical of Kuluoz C2 or webshell interactions over web protocol. Candidate mapping requiring validation."
28007,2,MALWARE-CNC BLYPT installer startupkey outbound traffic,T1071.001 - Web Protocols,llm_candidate,0.9,Rule matches specific HTTP query parameter 'info=startupkey_' used by BLYPT installer for C2 check-in over HTTP. Candidate mapping requiring validation.
28008,2,MALWARE-CNC BLYPT installer reuse outbound traffic,T1071.001 - Web Protocols,llm_candidate,0.9,"Rule detects HTTP request with 'info=reuse' parameter, a BLYPT C2 communication pattern over web protocol. Candidate mapping requiring validation."
28009,2,MALWARE-CNC BLYPT installer configkey outbound traffic,T1071.001 - Web Protocols,llm_candidate,0.9,Rule identifies HTTP request with 'info=configkey' parameter used by BLYPT for configuration retrieval via C2 over HTTP. Candidate mapping requiring validation.
28010,2,MALWARE-CNC BLYPT installer tserror outbound traffic,T1071.001 - Web Protocols,llm_candidate,0.9,"Rule matches HTTP request with 'info=tserror_' parameter, a BLYPT error-reporting C2 channel over web protocol. Candidate mapping requiring validation."
28011,2,MALWARE-CNC BLYPT installer createproc outbound traffic,T1071.001 - Web Protocols,llm_candidate,0.9,"Rule detects HTTP request with 'info=createproc_' parameter, indicating BLYPT C2 command execution over HTTP. Candidate mapping requiring validation."
28012,2,MALWARE-CNC Win.Trojan.Bancos variant outbound connection,T1041 - Exfiltration Over C2 Channel,llm_candidate,0.8,Rule captures HTTP exfiltration of system information ('from=%20Nome..:') from Bancos banking trojan over its C2 channel. Candidate mapping requiring validation.
28026,3,EXPLOIT-KIT Blackholev2 exploit kit landing page,T1190 - Exploit Public-Facing Application,improved_heuristic_candidate,0.62,Web-facing exploit indicator matched in msg context. Candidate mapping requiring validation.
28033,3,MALWARE-CNC Win.Ransomware.Urausy variant outbound connection,T1486 - Data Encrypted for Impact,improved_heuristic_candidate,0.61,Data encryption impact indicator matched in msg context. Candidate mapping requiring validation.
28042,5,MALWARE-CNC Win.Trojan.Caphaw variant outbound connection,T1071.001 - Web Protocols,llm_candidate,0.9,"Rule detects Caphaw C2 beaconing to '/ping.html?r=' with specific marker, a clear web-protocol command-and-control pattern. Candidate mapping requiring validation."
28044,4,MALWARE-CNC Win.Trojan.CryptoLocker variant connection,T1071.001 - Web Protocols,llm_candidate,0.9,Rule identifies CryptoLocker ransomware C2 requests to '/crypt_1_sell' endpoints for key/payment negotiation over HTTP. Candidate mapping requiring validation.
28079,4,MALWARE-CNC Win.Trojan.Napolar variant outbound connection,T1071.001 - Web Protocols,llm_candidate,0.9,"Rule matches Napolar HTTP POST with characteristic parameters (v=, u=, c=, s={), observing C2 communication over web protocol. Candidate mapping requiring validation."
28080,3,MALWARE-CNC Win.Trojan.Napolar data theft,T1041 - Exfiltration Over C2 Channel,improved_heuristic_candidate,0.58,Exfiltration indicator matched in msg context. Candidate mapping requiring validation.
28105,4,MALWARE-CNC Win.Trojan.Banload variant outbound connection,T1071.001 - Web Protocols,llm_candidate,0.85,Rule detects Banload banking trojan C2 check-in to '/v22/mutabixa/' path over HTTP. Candidate mapping requiring validation.
28106,3,MALWARE-CNC Win.Trojan.Banload information upload,T1041 - Exfiltration Over C2 Channel,improved_heuristic_candidate,0.58,Exfiltration indicator matched in msg context. Candidate mapping requiring validation.
28114,2,MALWARE-CNC Win.Trojan.Fareit variant outbound connection - /default.htm GET Encrypted Payload,T1105 - Ingress Tool Transfer,improved_heuristic_candidate,0.64,Tool transfer indicator matched in msg context. Candidate mapping requiring validation.
28115,2,MALWARE-CNC Win.Trojan.Fareit variant outbound connection - /file.htm GET Encrypted Payload,T1105 - Ingress Tool Transfer,improved_heuristic_candidate,0.64,Tool transfer indicator matched in msg context. Candidate mapping requiring validation.
28116,2,MALWARE-CNC Win.Trojan.Fareit variant outbound connection - /home.htm GET Encrypted Payload,T1105 - Ingress Tool Transfer,improved_heuristic_candidate,0.64,Tool transfer indicator matched in msg context. Candidate mapping requiring validation.
28117,2,MALWARE-CNC Win.Trojan.Fareit variant outbound connection - /install.htm GET Encrypted Payload,T1105 - Ingress Tool Transfer,improved_heuristic_candidate,0.64,Tool transfer indicator matched in msg context. Candidate mapping requiring validation.
28118,2,MALWARE-CNC Win.Trojan.Fareit variant outbound connection - /login.htm GET Encrypted Payload,T1105 - Ingress Tool Transfer,improved_heuristic_candidate,0.64,Tool transfer indicator matched in msg context. Candidate mapping requiring validation.
28119,2,MALWARE-CNC Win.Trojan.Fareit variant outbound connection - /search.htm GET Encrypted Payload,T1105 - Ingress Tool Transfer,improved_heuristic_candidate,0.64,Tool transfer indicator matched in msg context. Candidate mapping requiring validation.
28120,2,MALWARE-CNC Win.Trojan.Fareit variant outbound connection - /start.htm GET Encrypted Payload,T1105 - Ingress Tool Transfer,improved_heuristic_candidate,0.64,Tool transfer indicator matched in msg context. Candidate mapping requiring validation.
28121,2,MALWARE-CNC Win.Trojan.Fareit variant outbound connection - /welcome.htm GET Encrypted Payload,T1105 - Ingress Tool Transfer,improved_heuristic_candidate,0.64,Tool transfer indicator matched in msg context. Candidate mapping requiring validation.
28122,2,MALWARE-CNC Win.Trojan.Fareit variant outbound connection - /index.htm GET Encrypted Payload,T1105 - Ingress Tool Transfer,improved_heuristic_candidate,0.64,Tool transfer indicator matched in msg context. Candidate mapping requiring validation.
28123,2,MALWARE-CNC Win.Trojan.Fareit variant outbound connection - /setup.htm GET Encrypted Payload,T1105 - Ingress Tool Transfer,improved_heuristic_candidate,0.64,Tool transfer indicator matched in msg context. Candidate mapping requiring validation.
28147,5,MALWARE-CNC Win.Trojan.Conficker variant outbound connection,T1071.001 - Web Protocols,llm_candidate,0.85,"Rule matches Conficker's characteristic HTTP GET to /search?q= with a specific User-Agent and missing headers, showing C2 communication via web protocol. Candidate mapping requiring validation."
28148,3,MALWARE-CNC Win.Trojan.Mevade variant outbound connection,T1071.001 - Web Protocols,llm_candidate,0.75,"Rule detects HTTP POST with binary/octet-stream content and a UUID, suggesting encrypted C2 payloads over web protocol with symmetric encryption. Candidate mapping requiring validation."
28148,3,MALWARE-CNC Win.Trojan.Mevade variant outbound connection,T1573.001 - Symmetric Cryptography,llm_candidate,0.75,"Rule detects HTTP POST with binary/octet-stream content and a UUID, suggesting encrypted C2 payloads over web protocol with symmetric encryption. Candidate mapping requiring validation."
28153,3,MALWARE-CNC Win.Trojan.Foreign variant outbound connection - /html2/,T1071.001 - Web Protocols,llm_candidate,0.8,"Rule identifies HTTP POST to /html2/ with missing Accept-Language header and non-printable payload, consistent with C2 over web protocol. Candidate mapping requiring validation."
28154,3,MALWARE-CNC Win.Trojan.Foreign variant outbound connection - MSIE 7.1,T1071.001 - Web Protocols,llm_candidate,0.8,"Rule matches HTTP POST with a spoofed MSIE 7.1 User-Agent and missing Accept-Language, indicating C2 traffic over web protocol. Candidate mapping requiring validation."
28155,3,MALWARE-CNC Win.Trojan.Foreign variant outbound connection - MSIE 7.2,T1071.001 - Web Protocols,llm_candidate,0.8,"Rule matches HTTP POST with a spoofed MSIE 7.2 User-Agent and missing Accept-Language, indicating C2 traffic over web protocol. Candidate mapping requiring validation."
28156,4,PUA-ADWARE Linkury outbound time check,T1071.001 - Web Protocols,llm_candidate,0.6,"Rule detects an HTTP request to a time API (timeapi.org) which may be used for time-based evasion or C2 synchronization, but the primary observable is web protocol usage. Candidate mapping requiring validation."
28192,3,MALWARE-CNC Win.Trojan.Kuluoz Potential Phishing URL,T1041 - Exfiltration Over C2 Channel,llm_candidate,0.7,"Rule flags outbound HTTP requests to /info.php?message= without a Referer, a pattern associated with data exfiltration over C2 channel. Candidate mapping requiring validation."
28215,3,SERVER-WEBAPP vBulletin upgrade.php exploit attempt,T1056 - Input Capture,improved_heuristic_candidate,0.68,Credential or input capture indicator matched in content context. Candidate mapping requiring validation.
28215,3,SERVER-WEBAPP vBulletin upgrade.php exploit attempt,T1190 - Exploit Public-Facing Application,improved_heuristic_candidate,0.62,Web-facing exploit indicator matched in msg context. Candidate mapping requiring validation.
28242,4,MALWARE-CNC Win.Trojan.KanKan variant connection,T1071.001 - Web Protocols,llm_candidate,0.8,"Rule matches HTTP GET with specific query parameters and an NSIS installer User-Agent, indicating C2 communication over web protocol. Candidate mapping requiring validation."
28285,2,MALWARE-CNC Win.Trojan.hdog connectivity check-in version 2,T1016.001 - Internet Connection Discovery,llm_candidate,0.75,"Rule detects an HTTP request to Google with parameter 'gws_rd=cr' and a generic MSIE User-Agent, consistent with internet connectivity discovery. Candidate mapping requiring validation."
28300,4,MALWARE-CNC Win.Trojan.Agent variant connection,T1071.001 - Web Protocols,llm_candidate,0.8,"Rule identifies HTTP GET to /status/ with campaign and source parameters, missing standard headers, typical of C2 check-in over web protocol. Candidate mapping requiring validation."
28324,3,PUA-ADWARE FakeAV runtime detection,T1071.001 - Web Protocols,llm_candidate,0.75,"Rule matches HTTP requests with affiliate tracking parameters (/api/, ts, token, group) used by FakeAV for C2 communication over web protocol. Candidate mapping requiring validation."
28405,2,MALWARE-CNC Win.Trojan.Kazy variant outbound connection,T1071.001 - Web Protocols,llm_candidate,0.8,"Rule detects HTTP GET to /p.ashx with product, GUID, version, and random parameters, missing Accept header, indicative of C2 over web protocol. Candidate mapping requiring validation."
28406,2,MALWARE-CNC Win.Trojan.Kazy variant outbound connection,T1105 - Ingress Tool Transfer,llm_candidate,0.8,"Rule matches HTTP GET requests for .exe files with a Mozilla/MSIE User-Agent, suggesting ingress tool transfer (payload download) over web protocol. Candidate mapping requiring validation."
28428,3,EXPLOIT-KIT Glazunov exploit kit landing page,T1190 - Exploit Public-Facing Application,improved_heuristic_candidate,0.62,Web-facing exploit indicator matched in msg context. Candidate mapping requiring validation.
28450,2,EXPLOIT-KIT Sakura exploit kit exploit payload retrieve attempt,T1105 - Ingress Tool Transfer,improved_heuristic_candidate,0.64,Tool transfer indicator matched in msg context. Candidate mapping requiring validation.
28450,2,EXPLOIT-KIT Sakura exploit kit exploit payload retrieve attempt,T1190 - Exploit Public-Facing Application,improved_heuristic_candidate,0.62,Web-facing exploit indicator matched in msg context. Candidate mapping requiring validation.
28493,6,MALWARE-CNC DeputyDog diskless method outbound connection,T1071.001 - Web Protocols,llm_candidate,0.8,"Rule detects HTTP POST with a Lynx User-Agent to a hex-encoded URI, consistent with DeputyDog's diskless C2 over web protocol. Candidate mapping requiring validation."
28538,5,MALWARE-CNC Win.Trojan.Asprox/Kuluoz variant connection,T1041 - Exfiltration Over C2 Channel,llm_candidate,0.85,"Rule identifies HTTP multipart/form-data POST with key.bin and data.bin file uploads, showing exfiltration over C2 channel. Candidate mapping requiring validation."
28542,3,MALWARE-CNC Win.Trojan.Conficker variant outbound connection,T1016.001 - Internet Connection Discovery,llm_candidate,0.9,Rule matches a full HTTP request to checkip.dyndns.org used by Conficker to discover the victim's public IP address. Candidate mapping requiring validation.
28543,3,MALWARE-CNC Win.Trojan.Conficker variant outbound connection,T1016.001 - Internet Connection Discovery,llm_candidate,0.9,Rule matches a full HTTP request to www.ask.com used by Conficker for internet connection discovery. Candidate mapping requiring validation.
28553,2,MALWARE-CNC Win.Trojan.Fareit variant outbound connection - /main.htm GET Encrypted Payload,T1105 - Ingress Tool Transfer,improved_heuristic_candidate,0.64,Tool transfer indicator matched in msg context. Candidate mapping requiring validation.
28554,2,MALWARE-CNC Win.Trojan.Fareit variant outbound connection - /online.htm GET Encrypted Payload,T1105 - Ingress Tool Transfer,improved_heuristic_candidate,0.64,Tool transfer indicator matched in msg context. Candidate mapping requiring validation.
28555,2,MALWARE-OTHER SQL Slammer worm propagation attempt inbound,T1210 - Exploitation of Remote Services,llm_candidate,0.9,"Rule matches SQL Slammer worm propagation attempt exploiting MS SQL Server vulnerability, directly observing exploitation of a remote service. Candidate mapping requiring validation."
28556,3,PROTOCOL-DNS DNS query amplification attempt,T1498.002 - Reflection Amplification,llm_candidate,0.9,Rule identifies DNS query amplification pattern used for reflection/amplification denial-of-service attacks. Candidate mapping requiring validation.
28557,3,PROTOCOL-DNS Malformed DNS query with HTTP content,T1572 - Protocol Tunneling,llm_candidate,0.6,"Rule detects HTTP content within DNS queries, suggesting protocol tunneling, but the evidence is limited to malformed packets without confirmed data transfer. Candidate mapping requiring validation."
28596,4,EXPLOIT-KIT Nuclear exploit kit payload request,T1105 - Ingress Tool Transfer,improved_heuristic_candidate,0.64,Tool transfer indicator matched in msg context. Candidate mapping requiring validation.
28596,4,EXPLOIT-KIT Nuclear exploit kit payload request,T1190 - Exploit Public-Facing Application,improved_heuristic_candidate,0.62,Web-facing exploit indicator matched in msg context. Candidate mapping requiring validation.
28800,4,MALWARE-CNC Win.Trojan.Zeus outbound connection,T1071.001 - Web Protocols,llm_candidate,0.85,"Rule identifies characteristic Zeus C2 HTTP traffic with specific User-Agent and missing headers, indicating command and control over web protocol. Candidate mapping requiring validation."
28802,4,MALWARE-CNC Win.Trojan.Bancos outbound connection,T1071.001 - Web Protocols,llm_candidate,0.85,"Rule detects Bancos trojan connecting to ip-who-is.com with a distinct User-Agent, showing C2 communication via HTTP. Candidate mapping requiring validation."
28803,5,MALWARE-CNC Win.Trojan.Injector inbound connection,T1071.001 - Web Protocols,llm_candidate,0.85,"Rule matches Injector trojan's HTTP check-in format (UPDATE|version|hash), revealing C2 beacon over web protocol. Candidate mapping requiring validation."
28804,4,MALWARE-CNC Win.Trojan.Injector outbound connection,T1071.001 - Web Protocols,llm_candidate,0.8,"Rule observes HTTP POST with parameters (&nome=, conteudo=) used by Injector for outbound C2, though exfiltration is not confirmed. Candidate mapping requiring validation."
28807,3,MALWARE-CNC Win.Trojan.Injector variant outbound connection,T1105 - Ingress Tool Transfer,llm_candidate,0.85,"Rule detects HTTP request for /load.exe with a malicious User-Agent, indicating payload download (ingress tool transfer). Candidate mapping requiring validation."
28809,6,MALWARE-CNC Win.Trojan.Dofoil inbound connection,T1071.001 - Web Protocols,llm_candidate,0.8,"Rule identifies HTTP traffic containing 'filename=exe.exe' associated with Dofoil trojan, suggesting C2 or file upload over web protocol. Candidate mapping requiring validation."
28810,2,MALWARE-CNC Win.Trojan.Zeus variant outbound connection - MSIE7 No Referer No Cookie,T1071.001 - Web Protocols,llm_candidate,0.85,"Rule matches Zeus variant C2 HTTP traffic with specific header anomalies (no Referer, no Cookie, MSIE 7.0). Candidate mapping requiring validation."
28814,3,MALWARE-CNC Win.Trojan.Gozi/Neverquest variant outbound connection,T1071.001 - Web Protocols,llm_candidate,0.85,Rule detects Gozi/Neverquest C2 HTTP requests to /post.aspx with forumID parameter and missing Accept header. Candidate mapping requiring validation.
28815,3,MALWARE-CNC Win.Trojan.Gozi/Neverquest variant outbound connection,T1071.001 - Web Protocols,llm_candidate,0.85,Rule identifies Gozi/Neverquest C2 pattern using forumdisplay.php with specific id parameter format over HTTP. Candidate mapping requiring validation.
28817,4,MALWARE-CNC Win.Backdoor.Iniduoh variant outbound connection,T1071.001 - Web Protocols,llm_candidate,0.85,"Rule matches Iniduoh backdoor HTTP beacon to /is-ready with XML-like tags and Windows identifier, indicating C2 over web protocol. Candidate mapping requiring validation."
28852,5,MALWARE-CNC User-Agent known malicious user-agent string - Linux.Trojan.Zollard,T1071.001 - Web Protocols,llm_candidate,0.85,"Rule detects known malicious User-Agent 'Zollard' in HTTP traffic, signifying C2 communication. Candidate mapping requiring validation."
28859,3,MALWARE-CNC User-Agent known malicious user-agent z00sAgent - Win.Trojan.Zbot,T1071.001 - Web Protocols,llm_candidate,0.85,Rule detects known malicious User-Agent 'z00sAgent' used by Zbot for HTTP C2. Candidate mapping requiring validation.
28918,3,MALWARE-CNC Win.Trojan.Symmi variant network connectivity check,T1071.001 - Web Protocols,llm_candidate,0.85,"Rule identifies Symmi trojan HTTP connectivity check to bit.ly, a C2 technique using web protocol. Candidate mapping requiring validation."
28919,3,MALWARE-CNC Win.Trojan.Symmi variant network connectivity check,T1071.001 - Web Protocols,llm_candidate,0.85,"Rule identifies Symmi trojan HTTP connectivity check to bitly.com, a C2 technique using web protocol. Candidate mapping requiring validation."
28930,2,MALWARE-CNC Win.Trojan.Fakeav variant outbound data connection,T1071.001 - Web Protocols,llm_candidate,0.8,"Rule detects FakeAV variant HTTP request with long alphanumeric query parameters, likely C2 or data exfiltration over web protocol. Candidate mapping requiring validation."
28960,3,MALWARE-CNC Win.Trojan.Alurewo outbound connection,T1071.001 - Web Protocols,llm_candidate,0.85,"Rule matches Alurewo trojan HTTP check-in with parameters (version, aid, id, os), indicating C2 over web protocol. Candidate mapping requiring validation."
28969,4,EXPLOIT-KIT HiMan exploit kit outbound payload retreival - specific string,T1105 - Ingress Tool Transfer,improved_heuristic_candidate,0.64,Tool transfer indicator matched in msg context. Candidate mapping requiring validation.
28969,4,EXPLOIT-KIT HiMan exploit kit outbound payload retreival - specific string,T1190 - Exploit Public-Facing Application,improved_heuristic_candidate,0.62,Web-facing exploit indicator matched in msg context. Candidate mapping requiring validation.
28977,2,MALWARE-CNC Win.Trojan.Agent.DF - User-Agent Missing Bracket,T1071.001 - Web Protocols,llm_candidate,0.85,"Rule identifies Agent.DF trojan HTTP traffic with malformed User-Agent (missing bracket), signifying C2 over web protocol. Candidate mapping requiring validation."
28982,2,MALWARE-CNC Win.Worm.Steckt IRCbot requesting URL through IRC,T1071.001 - Web Protocols,llm_candidate,0.85,"Rule detects IRC bot joining channel and issuing '!dl http://' download command, indicating HTTP-based ingress tool transfer (T1105) and web protocol C2 (T1071.001). Candidate mapping requiring validation."
28982,2,MALWARE-CNC Win.Worm.Steckt IRCbot requesting URL through IRC,T1105 - Ingress Tool Transfer,llm_candidate,0.85,"Rule detects IRC bot joining channel and issuing '!dl http://' download command, indicating HTTP-based ingress tool transfer (T1105) and web protocol C2 (T1071.001). Candidate mapping requiring validation."
28986,3,MALWARE-CNC Win.Worm.Neeris IRCbot variant outbound connection,T1071 - Application Layer Protocol,llm_candidate,0.8,"Rule matches IRC JOIN command to a specific channel, observing application-layer C2 communication over IRC (T1071). Candidate mapping requiring validation."
28987,3,MALWARE-CNC Win.Worm.Steckt IRCbot variant outbound connection,T1071 - Application Layer Protocol,llm_candidate,0.8,"Rule matches IRC JOIN command, indicating IRC-based C2 traffic (T1071). Candidate mapping requiring validation."
28988,3,MALWARE-CNC Win.Worm.Steckt IRCbot variant outbound connection,T1071 - Application Layer Protocol,llm_candidate,0.8,"Rule matches multiple IRC JOIN commands to test channels, observing IRC C2 beaconing (T1071). Candidate mapping requiring validation."
29127,2,MALWARE-CNC Win.Trojan.Zeus variant outbound connection,T1071.001 - Web Protocols,llm_candidate,0.9,"Rule detects HTTP GET to '/webstat/?i=' with characteristic Zeus User-Agent, indicating web-protocol C2 (T1071.001). Candidate mapping requiring validation."
29174,3,MALWARE-CNC User-Agent known malicious user-agent string fortis,T1071.001 - Web Protocols,llm_candidate,0.9,"Rule matches malicious 'fortis' User-Agent string in HTTP traffic, indicating web-protocol C2 (T1071.001). Candidate mapping requiring validation."
29189,5,EXPLOIT-KIT Magnitude exploit kit Microsoft Internet Explorer Payload request,T1105 - Ingress Tool Transfer,improved_heuristic_candidate,0.64,Tool transfer indicator matched in msg context. Candidate mapping requiring validation.
29189,5,EXPLOIT-KIT Magnitude exploit kit Microsoft Internet Explorer Payload request,T1190 - Exploit Public-Facing Application,improved_heuristic_candidate,0.62,Web-facing exploit indicator matched in msg context. Candidate mapping requiring validation.
29216,2,MALWARE-CNC Win.Trojan.Androm variant outbound connection,T1071.001 - Web Protocols,llm_candidate,0.9,"Rule matches HTTP POST to '/se/gate.php' with specific headers, typical of Andromeda C2 gate communication (T1071.001). Candidate mapping requiring validation."
29220,2,MALWARE-CNC Win.Trojan.Strictor variant outbound connection,T1071.001 - Web Protocols,llm_candidate,0.85,"Rule detects HTTP request for '/mod/lookfashon.jpg' lacking Accept-Language header, consistent with Strictor C2 over web protocols (T1071.001). Candidate mapping requiring validation."
29259,2,MALWARE-CNC Win.Trojan.Graftor variant outbound connection,T1071.001 - Web Protocols,llm_candidate,0.85,Rule matches suspicious HTTP URI pattern '/chamjavanv.inf?aapf/login.jsp?=' used by Graftor for C2 (T1071.001). Candidate mapping requiring validation.
29260,2,MALWARE-CNC Win.Trojan.Graftor variant outbound connection,T1071.001 - Web Protocols,llm_candidate,0.85,Rule matches HTTP URI '/novredir_inf.php?apt/login.jsp?=' associated with Graftor C2 (T1071.001). Candidate mapping requiring validation.
29300,4,MALWARE-CNC Win.Trojan.Graftor variant inbound connection,T1071.001 - Web Protocols,llm_candidate,0.85,"Rule detects HTTP response delivering 'CostcoForm.zip' containing 'CostcoForm.exe', indicating web-protocol transfer of malicious tool (T1105) over HTTP (T1071.001). Candidate mapping requiring validation."
29300,4,MALWARE-CNC Win.Trojan.Graftor variant inbound connection,T1105 - Ingress Tool Transfer,llm_candidate,0.85,"Rule detects HTTP response delivering 'CostcoForm.zip' containing 'CostcoForm.exe', indicating web-protocol transfer of malicious tool (T1105) over HTTP (T1071.001). Candidate mapping requiring validation."
29349,2,MALWARE-CNC Win.Trojan.Zusy variant outbound connection,T1071.001 - Web Protocols,llm_candidate,0.9,Rule matches HTTP POST parameters 'rotina=UPDATE&tip=stat&nome=' used by Zusy for C2 check-ins (T1071.001). Candidate mapping requiring validation.
29378,2,MALWARE-CNC Win.Trojan.Dropper inbound encrypted traffic,T1105 - Ingress Tool Transfer,improved_heuristic_candidate,0.64,Tool transfer indicator matched in msg context. Candidate mapping requiring validation.
29380,2,MALWARE-CNC Win.Trojan.Dropper outbound encrypted traffic,T1105 - Ingress Tool Transfer,improved_heuristic_candidate,0.64,Tool transfer indicator matched in msg context. Candidate mapping requiring validation.
29395,1,MALWARE-CNC Win.Trojan.Zeus variant outbound connection,T1016.001 - Internet Connection Discovery,llm_candidate,0.75,"Rule detects HTTP request to Google '/webhp' with specific headers and no Accept-* headers, consistent with internet connectivity discovery (T1016.001) over web protocols (T1071.001). Candidate mapping requiring validation."
29395,1,MALWARE-CNC Win.Trojan.Zeus variant outbound connection,T1071.001 - Web Protocols,llm_candidate,0.75,"Rule detects HTTP request to Google '/webhp' with specific headers and no Accept-* headers, consistent with internet connectivity discovery (T1016.001) over web protocols (T1071.001). Candidate mapping requiring validation."
29454,2,PROTOCOL-ICMP Unusual L3retriever Ping detected,T1595.001 - Scanning IP Blocks,llm_candidate,0.7,"Rule matches ICMP echo request with 'L3retriever' payload pattern, indicating active scanning via ICMP (T1595.001). Candidate mapping requiring validation."
29455,2,PROTOCOL-ICMP Unusual Microsoft Windows Ping detected,T1595.001 - Scanning IP Blocks,llm_candidate,0.7,"Rule matches ICMP echo request with default Windows ping payload, indicating active scanning (T1595.001). Candidate mapping requiring validation."
29456,3,PROTOCOL-ICMP Unusual PING detected,T1595.001 - Scanning IP Blocks,llm_candidate,0.7,"Rule detects anomalous ICMP payloads not matching known OS fingerprints, suggesting active scanning (T1595.001). Candidate mapping requiring validation."
29457,2,PROTOCOL-ICMP Unusual Microsoft Windows 7 Ping detected,T1595.001 - Scanning IP Blocks,llm_candidate,0.7,"Rule matches ICMP echo request with Windows 7 default payload, indicating active scanning (T1595.001). Candidate mapping requiring validation."
29459,3,MALWARE-CNC Win.Trojan.Fexel variant outbound connection,T1071.001 - Web Protocols,llm_candidate,0.85,Rule detects HTTP traffic with custom 'Agtid:' header used by Fexel for C2 (T1071.001). Candidate mapping requiring validation.
29569,3,MALWARE-CNC Linux.Backdoor.Shellbot outbound connection,T1071 - Application Layer Protocol,llm_candidate,0.8,"Rule matches IRC JOIN/PRIVMSG to channel '#vnc' with status messages, observing IRC-based C2 (T1071). Candidate mapping requiring validation."
29664,3,MALWARE-CNC Win.Trojan.DomaIQ variant outbound connection,T1071.001 - Web Protocols,llm_candidate,0.9,"Rule matches HTTP requests to '/trace/Start' and '/debug/Version/' with missing standard headers, typical of DomaIQ C2 over web protocols (T1071.001). Candidate mapping requiring validation."
29665,2,MALWARE-CNC Win.Trojan.Graftor variant outbound connection,T1071.001 - Web Protocols,llm_candidate,0.9,Rule detects HTTP POST parameters characteristic of Graftor C2 communication over web protocol. Candidate mapping requiring validation.
29666,4,MALWARE-CNC Win.Trojan.Linkup outbound connection,T1071.001 - Web Protocols,llm_candidate,0.9,"Rule matches HTTP POST to a known Linkup C2 endpoint (/uplink.php) with a token parameter, indicating web-based C2. Candidate mapping requiring validation."
29760,4,MALWARE-CNC User-Agent known malicious user-agent string MSIE 4.01 - Win.Trojan.Careto,T1071.001 - Web Protocols,llm_candidate,0.7,Rule identifies a specific malicious User-Agent string (MSIE 4.01) used by Careto malware for HTTP C2 blending. Candidate mapping requiring validation.
29788,3,MALWARE-CNC Win.Trojan.Careto outbound connection,T1071.001 - Web Protocols,llm_candidate,0.9,"Rule detects HTTP parameter names (Group, Install, Ver, Ask, Bn) used in Careto C2 requests. Candidate mapping requiring validation."
29816,3,MALWARE-CNC Win.Trojan.Jackpos outbound connection,T1071.001 - Web Protocols,llm_candidate,0.9,"Rule matches HTTP POST to /post with mac and t1 parameters, typical of Jackpos C2 traffic. Candidate mapping requiring validation."
29817,3,MALWARE-CNC Win.Trojan.Jackpos outbound connection,T1071.001 - Web Protocols,llm_candidate,0.8,"Rule looks for HTTP request to /post/echo lacking a User-Agent header, a behavior seen in Jackpos variants. Candidate mapping requiring validation."
29824,3,MALWARE-CNC User-Agent known malicious user agent - TixDll - Win.Trojan.Adload.dyhq,T1071.001 - Web Protocols,llm_candidate,0.7,Rule flags a known malicious User-Agent (TixDll) associated with Adload.dyhq HTTP C2. Candidate mapping requiring validation.
29828,2,MALWARE-CNC Win.Trojan.Adload.dyhq variant outbound connection,T1071.001 - Web Protocols,llm_candidate,0.9,"Rule detects HTTP GET with specific query parameters (ver, aid, hid, rid, data) used by Adload.dyhq for C2. Candidate mapping requiring validation."
29829,2,SERVER-WEBAPP HNAP remote code execution attempt,T1190 - Exploit Public-Facing Application,improved_heuristic_candidate,0.62,Web-facing exploit indicator matched in msg context. Candidate mapping requiring validation.
29830,4,SERVER-WEBAPP Linksys E-series HNAP TheMoon remote code execution attempt,T1190 - Exploit Public-Facing Application,improved_heuristic_candidate,0.62,Web-facing exploit indicator matched in msg context. Candidate mapping requiring validation.
29831,3,SERVER-WEBAPP Linksys E-series HNAP TheMoon remote code execution attempt,T1190 - Exploit Public-Facing Application,improved_heuristic_candidate,0.62,Web-facing exploit indicator matched in msg context. Candidate mapping requiring validation.
29862,2,MALWARE-CNC Win.Trojan.Pirminay variant outbout connection,T1071.001 - Web Protocols,llm_candidate,0.8,"Rule matches HTTP multipart upload with filename full__setup.zip and reference to full__setup.exe, consistent with Pirminay C2 file transfer. Candidate mapping requiring validation."
29863,2,MALWARE-CNC Win.Trojan.Pirminay variant outbound connection,T1071.001 - Web Protocols,llm_candidate,0.8,Rule detects HTTP request to a specific JSP endpoint with cache and core parameters used by Pirminay variants. Candidate mapping requiring validation.
29864,2,EXPLOIT-KIT Redkit exploit kit payload request,T1105 - Ingress Tool Transfer,improved_heuristic_candidate,0.64,"Tool transfer indicator matched in msg, content, pcre context. Candidate mapping requiring validation."
29864,2,EXPLOIT-KIT Redkit exploit kit payload request,T1190 - Exploit Public-Facing Application,improved_heuristic_candidate,0.62,Web-facing exploit indicator matched in msg context. Candidate mapping requiring validation.
29865,6,MALWARE-CNC Win.Trojan.Kuluoz outbound connection,T1071.001 - Web Protocols,llm_candidate,0.9,Rule matches distinctive HTTP POST with 42-character hex path and specific headers used by Kuluoz for C2. Candidate mapping requiring validation.
29870,3,MALWARE-CNC Win.Trojan.Pony HTTP response connection,T1071.001 - Web Protocols,llm_candidate,0.8,"Rule detects HTTP response containing 'STATUS-IMPORT-OK' from Pony C2 server, confirming web-based C2 channel. Candidate mapping requiring validation."
29882,4,MALWARE-CNC Win.Trojan.WEC variant outbound connection,T1016.001 - Internet Connection Discovery,llm_candidate,0.95,"Rule captures HTTP GET to checkip.dyndns.org, a classic internet connection discovery technique used by WEC malware. Candidate mapping requiring validation."
29884,2,MALWARE-CNC Win.Trojan.Zeus variant outbound connection,T1071.001 - Web Protocols,llm_candidate,0.9,Rule matches Zeus C2 POST to /gate.php with MSIE user agent and missing Accept-Language/Referer headers. Candidate mapping requiring validation.
29891,8,MALWARE-CNC Win.Trojan.Pushdo variant outbound connection,T1071.001 - Web Protocols,llm_candidate,0.9,"Rule identifies Pushdo C2 HTTP POST with a fixed set of headers (octet-stream, keep-alive, no-cache). Candidate mapping requiring validation."
29895,3,MALWARE-CNC Win.Trojan.Bancos variant outbound connection,T1071.001 - Web Protocols,llm_candidate,0.9,"Rule detects Bancos C2 POST with specific content-length, user agent, and v/c parameters. Candidate mapping requiring validation."
29897,4,MALWARE-CNC Win.Trojan.ExplorerHijack variant outbound connection,T1071.001 - Web Protocols,llm_candidate,0.8,Rule matches HTTP request to /prl/el.html with Accept: text/html header used by ExplorerHijack. Candidate mapping requiring validation.
29981,2,MALWARE-CNC Win.Trojan.Tiny variant outbound connection,T1071.001 - Web Protocols,llm_candidate,0.8,"Rule identifies Tiny trojan C2 GET request to /ie-error.gif with os, error, rnd parameters. Candidate mapping requiring validation."
30068,2,MALWARE-CNC Win.Trojan.Androm variant outbound connection,T1071.001 - Web Protocols,llm_candidate,0.9,Rule matches Androm C2 POST to /and/image.php with Mozilla/4.0 user agent and base64-like body pattern. Candidate mapping requiring validation.
30070,2,MALWARE-OTHER ANDR.Trojan.iBanking outbound connection attempt,T1071.001 - Web Protocols,llm_candidate,0.9,"Rule detects iBanking Android malware C2 request to /android/sms/sync.php with bot_id, imei, and iscallhack parameters. Candidate mapping requiring validation."
30071,2,MALWARE-OTHER ANDR.Trojan.iBanking outbound connection attempt,T1071.001 - Web Protocols,llm_candidate,0.9,Rule identifies iBanking C2 POST to /android/sms/ping.php with Apache-HttpClient user agent. Candidate mapping requiring validation.
30072,2,MALWARE-OTHER ANDR.Trojan.iBanking outbound connection attempt,T1041 - Exfiltration Over C2 Channel,llm_candidate,0.8,"Rule detects Android trojan exfiltrating device identifiers (IMEI, ICCID, model) via HTTP POST to a C2 endpoint, directly observing exfiltration over the command and control channel. Candidate mapping requiring validation."
30091,2,MALWARE-CNC Win.Trojan.Necurs variant outbound connection,T1071.001 - Web Protocols,llm_candidate,0.7,"Rule matches a characteristic Necurs C2 HTTP request (specific URI, octet-stream content, missing standard headers), observing use of web protocols for command and control. Candidate mapping requiring validation."
30191,2,MALWARE-CNC Win.Trojan.Uroburos usermode-centric client request,T1071.001 - Web Protocols,llm_candidate,0.7,"Rule identifies a unique Uroburos C2 HTTP request URI pattern and keep-alive connection, indicating web protocol usage for C2 communication. Candidate mapping requiring validation."
30196,3,MALWARE-CNC Win.Trojan.Androm variant outbound connection,T1071.001 - Web Protocols,llm_candidate,0.7,"Rule detects Andromeda/Gamarue beaconing to a PHP script with a fixed User-Agent and missing Accept header, typical of HTTP-based C2. Candidate mapping requiring validation."
30198,3,MALWARE-CNC Win.Trojan.Symmi variant outbound connection,T1071.001 - Web Protocols,llm_candidate,0.6,"Rule matches a Symmi trojan HTTP request to a Brazilian domain with a specific Accept header, suggesting web protocol C2 traffic. Candidate mapping requiring validation."
30220,6,EXPLOIT-KIT Nuclear exploit kit outbound payload request,T1105 - Ingress Tool Transfer,improved_heuristic_candidate,0.64,Tool transfer indicator matched in msg context. Candidate mapping requiring validation.
30220,6,EXPLOIT-KIT Nuclear exploit kit outbound payload request,T1190 - Exploit Public-Facing Application,improved_heuristic_candidate,0.62,Web-facing exploit indicator matched in msg context. Candidate mapping requiring validation.
30234,3,MALWARE-CNC Win.Trojan.Graftor variant outbound connection,T1071.001 - Web Protocols,llm_candidate,0.7,"Rule matches Graftor variant HTTP POST with a hardcoded User-Agent and form-urlencoded content, indicating web-based C2. Candidate mapping requiring validation."
30255,2,MALWARE-CNC Win.Trojan.Strictor HTTP Response - Brazil Geolocated Infected User,T1071.001 - Web Protocols,llm_candidate,0.5,"Rule triggers on an HTTP response (Content-Length: 6, body 'BRASIL') from a Strictor C2 server, showing web protocol use for C2, though direction is ambiguous. Candidate mapping requiring validation."
30256,2,MALWARE-CNC Win.Trojan.Strictor HTTP Response - Non-Brazil Geolocated Infected User,T1071.001 - Web Protocols,llm_candidate,0.5,"Similar to previous, rule matches an HTTP response (Content-Length: 13, body 'INTERNACIONAL') from Strictor C2, indicating web protocol C2 traffic. Candidate mapping requiring validation."
30257,3,MALWARE-CNC Win.Trojan.ExplorerHijack variant outbound connection,T1071.001 - Web Protocols,llm_candidate,0.7,"Rule detects ExplorerHijack trojan requesting a specific HTML page with a fixed Content-Type header, characteristic of HTTP C2. Candidate mapping requiring validation."
30258,3,MALWARE-CNC Win.Trojan.Zeus variant outbound connection,T1071.001 - Web Protocols,llm_candidate,0.8,"Rule matches classic Zeus/Zbot C2 POST request to /forumdisplay.php with id and iv parameters and no Referer, clearly observing web protocol C2. Candidate mapping requiring validation."
30259,5,MALWARE-CNC Win.Trojan.Strictor variant outbound connection,T1071.001 - Web Protocols,llm_candidate,0.6,"Rule identifies Strictor variant HTTP request with a numeric path and .inf extension, suggesting web-based C2. Candidate mapping requiring validation."
30260,8,PUA-ADWARE Lucky Leap Adware outbound connection,T1071.001 - Web Protocols,llm_candidate,0.7,"Rule detects Lucky Leap adware beaconing to /gcs with a no-store cache control and missing standard headers, indicating HTTP C2. Candidate mapping requiring validation."
30261,8,PUA-ADWARE Lucky Leap Adware outbound connection,T1071.001 - Web Protocols,llm_candidate,0.7,"Same adware family, different endpoint (/gdi), same header anomalies, observing web protocol C2. Candidate mapping requiring validation."
30262,3,MALWARE-CNC Win.Trojan.Symmi variant outbound connection,T1041 - Exfiltration Over C2 Channel,llm_candidate,0.7,"Rule matches a multipart/form-data upload (filename=C:\...log) from a Symmi variant, directly observing data exfiltration over the C2 channel. Candidate mapping requiring validation."
30288,3,MALWARE-CNC Win.Trojan.Glupteba.M initial outbound connection,T1071.001 - Web Protocols,llm_candidate,0.8,"Rule detects Calfbot Linux bot reporting system stats (uptime, downlink, uplink) via HTTP GET parameters, clear web protocol C2. Candidate mapping requiring validation."
30319,5,EXPLOIT-KIT Goon/Infinity exploit kit malicious portable executable file request,T1190 - Exploit Public-Facing Application,improved_heuristic_candidate,0.62,Web-facing exploit indicator matched in msg context. Candidate mapping requiring validation.
30336,2,MALWARE-CNC Linux.Trojan.Calfbot outbound connection,T1071.001 - Web Protocols,llm_candidate,0.8,"Rule detects Calfbot variant sending spam statistics (sent, notsent) to a C2 PHP script, using HTTP for command and control. Candidate mapping requiring validation."
30482,3,MALWARE-CNC Win.Trojan.Zbot/Bublik inbound connection,T1071.001 - Web Protocols,llm_candidate,0.5,"Rule matches a Zbot/Bublik inbound connection with a Unicode 'ENDSERVERBUFFER' string, likely a C2 server response over HTTP, but direction and context are unclear. Candidate mapping requiring validation."
30483,3,MALWARE-CNC Win.Trojan.Zbot/Bublik outbound connection,T1071.001 - Web Protocols,llm_candidate,0.7,"Rule detects Zbot/Bublik outbound GET request for a specific .functionss resource, typical of HTTP C2. Candidate mapping requiring validation."
30484,4,MALWARE-CNC Win.Trojan.Zbot/Bublik outbound connection,T1071.001 - Web Protocols,llm_candidate,0.7,"Rule matches Zbot/Bublik version reporting via a 'myversion|' delimiter in HTTP traffic, observing web protocol C2. Candidate mapping requiring validation."
30510,8,SERVER-OTHER OpenSSL SSLv3 heartbeat read overrun attempt,T1190 - Exploit Public-Facing Application,llm_candidate,0.9,"Rule detects the Heartbleed exploit (CVE-2014-0160) against SSLv3 by matching the malicious heartbeat record type, directly observing exploitation of a public-facing application. Candidate mapping requiring validation."
30511,8,SERVER-OTHER OpenSSL TLSv1 heartbeat read overrun attempt,T1190 - Exploit Public-Facing Application,llm_candidate,0.9,"Same Heartbleed exploit detection for TLSv1, observing exploitation of a public-facing service. Candidate mapping requiring validation."
30512,8,SERVER-OTHER OpenSSL TLSv1.1 heartbeat read overrun attempt,T1190 - Exploit Public-Facing Application,llm_candidate,0.9,"Heartbleed exploit detection for TLSv1.1, observing exploitation of a public-facing application. Candidate mapping requiring validation."
30513,8,SERVER-OTHER OpenSSL TLSv1.2 heartbeat read overrun attempt,T1190 - Exploit Public-Facing Application,llm_candidate,0.9,"Heartbleed exploit detection for TLSv1.2, observing exploitation of a public-facing application. Candidate mapping requiring validation."
30514,11,SERVER-OTHER OpenSSL SSLv3 large heartbeat response - possible ssl heartbleed attempt,T1210 - Exploitation of Remote Services,llm_candidate,0.9,Detects a large TLS heartbeat response indicative of successful Heartbleed exploitation (CVE-2014-0160) against a public-facing SSL/TLS service. Candidate mapping requiring validation.
30515,11,SERVER-OTHER OpenSSL TLSv1 large heartbeat response - possible ssl heartbleed attempt,T1210 - Exploitation of Remote Services,llm_candidate,0.9,Detects a large TLS heartbeat response indicative of successful Heartbleed exploitation (CVE-2014-0160) against a public-facing SSL/TLS service. Candidate mapping requiring validation.
30516,11,SERVER-OTHER OpenSSL TLSv1.1 large heartbeat response - possible ssl heartbleed attempt,T1210 - Exploitation of Remote Services,llm_candidate,0.9,Detects a large TLS heartbeat response indicative of successful Heartbleed exploitation (CVE-2014-0160) against a public-facing SSL/TLS service. Candidate mapping requiring validation.
30517,11,SERVER-OTHER OpenSSL TLSv1.2 large heartbeat response - possible ssl heartbleed attempt,T1210 - Exploitation of Remote Services,llm_candidate,0.9,Detects a large TLS heartbeat response indicative of successful Heartbleed exploitation (CVE-2014-0160) against a public-facing SSL/TLS service. Candidate mapping requiring validation.
30520,9,SERVER-OTHER OpenSSL SSLv3 heartbeat read overrun attempt - vulnerable client response,T1210 - Exploitation of Remote Services,llm_candidate,0.9,"Detects a vulnerable client's large heartbeat response, indicating successful Heartbleed exploitation against the client. Candidate mapping requiring validation."
30521,9,SERVER-OTHER OpenSSL TLSv1 heartbeat read overrun attempt - vulnerable client response,T1210 - Exploitation of Remote Services,llm_candidate,0.9,"Detects a vulnerable client's large heartbeat response, indicating successful Heartbleed exploitation against the client. Candidate mapping requiring validation."
30522,9,SERVER-OTHER OpenSSL TLSv1.1 heartbeat read overrun attempt - vulnerable client response,T1210 - Exploitation of Remote Services,llm_candidate,0.9,"Detects a vulnerable client's large heartbeat response, indicating successful Heartbleed exploitation against the client. Candidate mapping requiring validation."
30523,9,SERVER-OTHER OpenSSL TLSv1.2 heartbeat read overrun attempt - vulnerable client response,T1210 - Exploitation of Remote Services,llm_candidate,0.9,"Detects a vulnerable client's large heartbeat response, indicating successful Heartbleed exploitation against the client. Candidate mapping requiring validation."
30524,5,SERVER-OTHER OpenSSL TLSv1.1 heartbeat read overrun attempt,T1210 - Exploitation of Remote Services,llm_candidate,0.9,"Detects a malicious TLS heartbeat request with oversized payload length, the attack vector for Heartbleed (CVE-2014-0160). Candidate mapping requiring validation."
30525,4,SERVER-OTHER OpenSSL TLSv1.2 heartbeat read overrun attempt,T1210 - Exploitation of Remote Services,llm_candidate,0.9,"Detects a malicious TLS heartbeat request with oversized payload length, the attack vector for Heartbleed (CVE-2014-0160). Candidate mapping requiring validation."
30547,3,MALWARE-CNC Win.Trojan.Ramdo variant outbound connection,T1071.001 - Web Protocols,llm_candidate,0.8,"Detects characteristic HTTP POST beaconing to a .org domain with minimal headers, consistent with Ramdo trojan C2 communication over web protocols. Candidate mapping requiring validation."
30548,3,MALWARE-CNC Win.Trojan.Zeus variant outbound connection,T1071.001 - Web Protocols,llm_candidate,0.8,"Detects HTTP POST to '/write' with a default Host header, a known Zeus variant C2 pattern over HTTP. Candidate mapping requiring validation."
30549,2,SERVER-OTHER OpenSSL Heartbleed masscan access exploitation attempt,T1595.002 - Vulnerability Scanning,llm_candidate,0.9,"Detects the masscan scanner's user-agent string in SSL traffic, indicating active vulnerability scanning for Heartbleed. Candidate mapping requiring validation."
30570,4,MALWARE-CNC Win.Trojan.Zeus variant outbound connection,T1071.001 - Web Protocols,llm_candidate,0.8,Detects HTTP GET requests to Google with specific headers matching a known Zeus variant's C2 or connectivity-check pattern. Candidate mapping requiring validation.
30777,4,SERVER-OTHER OpenSSL SSLv3 large heartbeat response - possible ssl heartbleed attempt,T1210 - Exploitation of Remote Services,llm_candidate,0.9,Detects a large TLS heartbeat response (alert + heartbeat records) indicative of Heartbleed exploitation. Candidate mapping requiring validation.
30778,4,SERVER-OTHER OpenSSL SSLv3 large heartbeat response - possible ssl heartbleed attempt,T1210 - Exploitation of Remote Services,llm_candidate,0.9,Detects a large TLS heartbeat response (application data + heartbeat records) indicative of Heartbleed exploitation. Candidate mapping requiring validation.
30779,4,SERVER-OTHER OpenSSL TLSv1 large heartbeat response - possible ssl heartbleed attempt,T1210 - Exploitation of Remote Services,llm_candidate,0.9,Detects a large TLS heartbeat response (alert + heartbeat records) indicative of Heartbleed exploitation. Candidate mapping requiring validation.
30780,4,SERVER-OTHER OpenSSL TLSv1 large heartbeat response - possible ssl heartbleed attempt,T1210 - Exploitation of Remote Services,llm_candidate,0.9,Detects a large TLS heartbeat response (application data + heartbeat records) indicative of Heartbleed exploitation. Candidate mapping requiring validation.
30781,5,SERVER-OTHER OpenSSL TLSv1.1 large heartbeat response - possible ssl heartbleed attempt,T1210 - Exploitation of Remote Services,llm_candidate,0.9,Detects a large TLS heartbeat response (alert + heartbeat records) indicative of Heartbleed exploitation. Candidate mapping requiring validation.
30782,4,SERVER-OTHER OpenSSL TLSv1.1 large heartbeat response - possible ssl heartbleed attempt,T1210 - Exploitation of Remote Services,llm_candidate,0.9,Detects a large TLS heartbeat response (application data + heartbeat records) indicative of Heartbleed exploitation. Candidate mapping requiring validation.
30783,4,SERVER-OTHER OpenSSL TLSv1.2 large heartbeat response - possible ssl heartbleed attempt,T1210 - Exploitation of Remote Services,llm_candidate,0.9,Detects a large TLS heartbeat response (alert + heartbeat records) indicative of Heartbleed exploitation. Candidate mapping requiring validation.
30784,4,SERVER-OTHER OpenSSL TLSv1.2 large heartbeat response - possible ssl heartbleed attempt,T1210 - Exploitation of Remote Services,llm_candidate,0.9,Detects a large TLS heartbeat response (application data + heartbeat records) indicative of Heartbleed exploitation. Candidate mapping requiring validation.
30785,4,SERVER-OTHER OpenSSL SSLv3 large heartbeat response - possible ssl heartbleed attempt,T1210 - Exploitation of Remote Services,llm_candidate,0.9,Detects a large TLS heartbeat response (duplicate heartbeat records) indicative of Heartbleed exploitation. Candidate mapping requiring validation.
30786,4,SERVER-OTHER OpenSSL TLSv1 large heartbeat response - possible ssl heartbleed attempt,T1210 - Exploitation of Remote Services,llm_candidate,0.9,Detects a large TLS heartbeat response (duplicate heartbeat records) indicative of Heartbleed exploitation. Candidate mapping requiring validation.
30787,5,SERVER-OTHER OpenSSL TLSv1.1 large heartbeat response - possible ssl heartbleed attempt,T1190 - Exploit Public-Facing Application,llm_candidate,0.9,"Detects Heartbleed exploit attempt against OpenSSL TLSv1.1, which is an exploitation of a vulnerability in a public-facing SSL/TLS service. Candidate mapping requiring validation."
30788,5,SERVER-OTHER OpenSSL TLSv1.2 large heartbeat response - possible ssl heartbleed attempt,T1190 - Exploit Public-Facing Application,llm_candidate,0.9,"Detects Heartbleed exploit attempt against OpenSSL TLSv1.2, which is an exploitation of a vulnerability in a public-facing SSL/TLS service. Candidate mapping requiring validation."
30906,3,FILE-OTHER RARLAB WinRAR ZIP format filename spoof attempt,T1036.007 - Double File Extension,llm_candidate,0.8,"Detects ZIP file with .exe extension spoofing (double extension) in HTTP/FTP/IMAP/POP3 traffic, a masquerading technique to disguise executable as archive. Candidate mapping requiring validation."
30909,3,FILE-OTHER RARLAB WinRAR ZIP format filename spoof attempt,T1036.007 - Double File Extension,llm_candidate,0.8,"Detects ZIP file with .exe extension spoofing (double extension) in SMTP traffic, a masquerading technique to disguise executable as archive. Candidate mapping requiring validation."
30914,3,MALWARE-CNC Win.Trojan.SpySmall variant outbound connection,T1071.001 - Web Protocols,llm_candidate,0.7,Detects specific User-Agent string used by SpySmall trojan for HTTP command-and-control communication. Candidate mapping requiring validation.
30915,3,MALWARE-CNC Win.Trojan.SpySmall variant outbound connection,T1071.001 - Web Protocols,llm_candidate,0.6,Detects hex-encoded command string 'echo cmd_begin' in HTTP traffic indicative of SpySmall trojan C2 command channel. Candidate mapping requiring validation.
30918,3,MALWARE-CNC User-Agent known malicious user agent - User-Agent User-Agent Mozilla,T1071.001 - Web Protocols,llm_candidate,0.6,Detects anomalous double User-Agent header used by malware for HTTP C2 communication. Candidate mapping requiring validation.
30919,3,MALWARE-CNC Win.Trojan.Bancos variant outbound connection,T1071.001 - Web Protocols,llm_candidate,0.7,Detects specific POST request pattern to /js/prototype/order.php with characteristic headers used by Bancos banking trojan for C2. Candidate mapping requiring validation.
30920,2,EXPLOIT-KIT Multiple exploit kit redirection gate,T1190 - Exploit Public-Facing Application,improved_heuristic_candidate,0.62,Web-facing exploit indicator matched in msg context. Candidate mapping requiring validation.
30948,3,MALWARE-BACKDOOR Win.Backdoor.Hikit outbound banner response,T1071.001 - Web Protocols,llm_candidate,0.7,Detects 'hikit' banner in HTTP/SSL response characteristic of Hikit backdoor C2 communication. Candidate mapping requiring validation.
30973,7,EXPLOIT-KIT CritX exploit kit payload request,T1105 - Ingress Tool Transfer,improved_heuristic_candidate,0.64,Tool transfer indicator matched in msg context. Candidate mapping requiring validation.
30973,7,EXPLOIT-KIT CritX exploit kit payload request,T1190 - Exploit Public-Facing Application,improved_heuristic_candidate,0.62,Web-facing exploit indicator matched in msg context. Candidate mapping requiring validation.
31020,3,MALWARE-CNC Win.Trojan.Bancos variant outbound connection,T1071.001 - Web Protocols,llm_candidate,0.7,"Detects Bancos variant POST to /hunter/123/order.php with missing standard headers, indicative of C2 beaconing. Candidate mapping requiring validation."
31036,2,MALWARE-CNC Win.Trojan.SpyBanker variant outbound connection,T1071.001 - Web Protocols,llm_candidate,0.7,Detects SpyBanker variant POST with specific keep-alive and zero content-length headers used for C2 communication. Candidate mapping requiring validation.
31053,3,MALWARE-CNC Win.Trojan.MadnessPro outbound connection,T1071.001 - Web Protocols,llm_candidate,0.7,"Detects MadnessPro trojan C2 GET request with characteristic UID, MK, OS, RS parameters. Candidate mapping requiring validation."
31084,3,MALWARE-CNC Win.Trojan.Zbot variant outbound connection,T1071.001 - Web Protocols,llm_candidate,0.7,"Detects Zbot (Zeus) variant POST to /srt/ge.php, a known C2 endpoint pattern. Candidate mapping requiring validation."
31090,3,MALWARE-CNC User-Agent known malicious user agent - User-Agent hello crazyk,T1071.001 - Web Protocols,llm_candidate,0.6,Detects specific 'hello crazyk' User-Agent string used by malware for HTTP C2 identification. Candidate mapping requiring validation.
31112,2,MALWARE-CNC Win.Trojan.Bancos password stealing attempt,T1056 - Input Capture,improved_heuristic_candidate,0.68,Credential or input capture indicator matched in msg context. Candidate mapping requiring validation.
31113,3,MALWARE-CNC Win.Trojan.Bancos variant outbound connection,T1041 - Exfiltration Over C2 Channel,llm_candidate,0.7,"Detects exfiltration of system information (dt, pc, av, wd) from Bancos trojan to C2 via HTTP parameters. Candidate mapping requiring validation."
31136,3,MALWARE-CNC Win.Trojan.ZeroAccess inbound connection,T1095 - Non-Application Layer Protocol,llm_candidate,0.8,Detects ZeroAccess P2P UDP protocol signature (0x28948DAB) used for non-application-layer C2 communication. Candidate mapping requiring validation.
31221,2,MALWARE-CNC Win.Trojan.Banker variant outbound connection,T1071.001 - Web Protocols,llm_candidate,0.7,"Detects Banker trojan POST to /notify.php with Indy Library User-Agent and zero content-length, a C2 beacon pattern. Candidate mapping requiring validation."
31222,2,MALWARE-CNC Win.Trojan.Banker variant outbound connection,T1071.001 - Web Protocols,llm_candidate,0.7,"Detects Banker trojan GET request for /second/game1.inf with MSIE User-Agent and missing standard headers, indicative of C2. Candidate mapping requiring validation."
31243,1,MALWARE-CNC Win.Trojan.Necurs variant outbound connection,T1071.001 - Web Protocols,llm_candidate,0.7,"Detects Necurs trojan POST to /news/index.php with octet-stream content and missing standard headers, a C2 communication pattern. Candidate mapping requiring validation."
31244,5,MALWARE-CNC Win.Trojan.Kuluoz outbound connection,T1071.001 - Web Protocols,llm_candidate,0.7,"Detects Kuluoz trojan POST with Firefox User-Agent, missing Accept headers, and 42-char hex path regex, characteristic of its C2. Candidate mapping requiring validation."
31260,2,MALWARE-CNC Win.Trojan.Andromeda HTTP proxy response attempt,T1090.002 - External Proxy,llm_candidate,0.7,Detects Andromeda trojan HTTP proxy auto-config (PAC) script response used to route C2 traffic through external proxy. Candidate mapping requiring validation.
31261,2,MALWARE-CNC Win.Trojan.Symmi outbound connection,T1071.001 - Web Protocols,llm_candidate,0.7,"Detects Symmi trojan GET request for .inf file with specific Accept-Encoding and MSIE User-Agent, a C2 communication pattern. Candidate mapping requiring validation."
31262,4,MALWARE-CNC Win.Worm.VBNA variant outbound connection,T1071.001 - Web Protocols,llm_candidate,0.8,"Rule detects HTTP GET request to a known C2 domain (histats.com) with a specific beacon path (/0.gif?), indicating command and control over web protocol. Candidate mapping requiring validation."
31293,4,MALWARE-CNC Win.Trojan.Dyre publickey outbound connection,T1071.001 - Web Protocols,llm_candidate,0.8,"Rule matches HTTP request for /publickey/ with Wget user agent, typical of malware fetching encryption keys for C2 communication over HTTP. Candidate mapping requiring validation."
31295,3,MALWARE-CNC Win.Trojan.Zusy variant outbound connection,T1071.001 - Web Protocols,llm_candidate,0.8,"Rule identifies HTTP check-in with system information (mac, gpu parameters) sent to a C2 server via web protocol. Candidate mapping requiring validation."
31315,3,MALWARE-CNC Win.Trojan.MSIL variant outbound connection,T1071.001 - Web Protocols,llm_candidate,0.8,"Rule detects HTTP request to a PHP script (/srv2.php) with keep-alive connection, consistent with malware C2 over web protocol. Candidate mapping requiring validation."
31405,2,SERVER-APACHE Apache Chunked-Encoding worm attempt,T1190 - Exploit Public-Facing Application,llm_candidate,0.9,"Rule matches Apache chunked-encoding exploit attempt (CVE-2002-0071 etc.), directly observing exploitation of a public-facing web server. Candidate mapping requiring validation."
31442,3,MALWARE-CNC Win.Trojan.Injector variant outbound connection,T1071.001 - Web Protocols,llm_candidate,0.8,"Rule captures HTTP POST to /re/ with form data and specific headers, indicative of C2 traffic over HTTP. Candidate mapping requiring validation."
31450,3,MALWARE-CNC Win.Trojan.CryptoWall outbound connection,T1071.001 - Web Protocols,llm_candidate,0.8,Rule detects HTTP POST with encrypted key-value pair (98 hex chars) characteristic of CryptoWall ransomware C2 communication over web protocol. Candidate mapping requiring validation.
31452,3,MALWARE-CNC Win.Trojan.Symmi variant outbound connection,T1071.001 - Web Protocols,llm_candidate,0.7,"Rule matches HTTP request with parameters (chave, url) to a PHP endpoint, suggesting C2 over HTTP. Candidate mapping requiring validation."
31453,2,MALWARE-CNC Win.Trojan.ChoHeap variant outbound connection,T1071.001 - Web Protocols,llm_candidate,0.7,"Rule identifies HTTP request with User-Agent and 'Service Pack' string, likely sending system info to C2 via web protocol. Candidate mapping requiring validation."
31454,1,MALWARE-CNC Win.Trojan.ChoHeap variant outbound connection,T1105 - Ingress Tool Transfer,llm_candidate,0.6,"Rule observes HTTP GET request for a .rar file, consistent with malware downloading a payload (ingress tool transfer) over HTTP. Candidate mapping requiring validation."
31455,4,EXPLOIT-KIT Rig Exploit Kit Outbound DGA Request,T1190 - Exploit Public-Facing Application,improved_heuristic_candidate,0.62,Web-facing exploit indicator matched in msg context. Candidate mapping requiring validation.
31458,3,MALWARE-CNC Win.Trojan.SDBot variant outbound connection,T1071.001 - Web Protocols,llm_candidate,0.7,"Rule matches HTTP request to /install with parameters (argc, name, previous), typical of SDBot C2 check-in over web protocol. Candidate mapping requiring validation."
31465,2,MALWARE-CNC Win.Trojan.Androm Click Fraud Request,T1071.001 - Web Protocols,llm_candidate,0.8,"Rule detects HTTP query with version, sid, builddate parameters used by Androm click-fraud malware for C2 communication over HTTP. Candidate mapping requiring validation."
31466,2,MALWARE-CNC Win.Trojan.Androm Click Fraud Request,T1071.001 - Web Protocols,llm_candidate,0.8,"Rule identifies HTTP headers (builddate, aid, redirect) in Androm click-fraud C2 traffic over web protocol. Candidate mapping requiring validation."
31467,2,MALWARE-CNC Win.Trojan.Androm variant outbound connection,T1071.001 - Web Protocols,llm_candidate,0.8,"Rule matches HTTP request to /gate.php with Mozilla/4.0 user agent, a common C2 gate pattern for Androm malware over HTTP. Candidate mapping requiring validation."
31468,2,MALWARE-CNC Win.Trojan.Papras variant outbound connection,T1071.001 - Web Protocols,llm_candidate,0.8,"Rule captures HTTP POST to forum-like URL with 32-hex session ID, indicative of Papras banking trojan C2 over web protocol. Candidate mapping requiring validation."
31507,2,MALWARE-CNC Win.Trojan.HW32 variant spam attempt,T1071.003 - Mail Protocols,llm_candidate,0.5,"Rule observes SMTP MAIL FROM command from a known spambot, showing use of mail protocol for malicious email sending; no specific ATT&CK technique for spam, so mapped to mail protocol usage. Candidate mapping requiring validation."
31530,2,MALWARE-CNC Win.Trojan.Symmi variant outbound connection,T1071.001 - Web Protocols,llm_candidate,0.7,"Rule detects HTTP request with email parameter to index.php, consistent with Symmi malware C2 over web protocol. Candidate mapping requiring validation."
31531,2,INDICATOR-COMPROMISE MinerDeploy monitor request attempt,T1071.001 - Web Protocols,llm_candidate,0.8,"Rule identifies HTTP monitor request with miner ID, IP, cgminer, and OS parameters, showing cryptominer C2 communication over HTTP. Candidate mapping requiring validation."
31593,3,MALWARE-CNC Andr.Trojan.SMSSend outbound connection,T1071.001 - Web Protocols,llm_candidate,0.7,"Rule matches HTTP request with 'sms' and .ashx endpoint, indicating Android SMSSend trojan C2 over web protocol. Candidate mapping requiring validation."
31641,3,MALWARE-CNC Win.Tinybanker variant outbound connection,T1071.001 - Web Protocols,llm_candidate,0.8,"Rule captures HTTP POST with non-printable characters (likely encrypted data) and specific headers, characteristic of Tinybanker banking trojan C2 over web protocol. Candidate mapping requiring validation."
31642,3,MALWARE-CNC Win.Tinybanker variant outbound connection,T1071.001 - Web Protocols,llm_candidate,0.9,Rule detects HTTP POST to '/de/' with specific headers indicating C2 communication over web protocol. Candidate mapping requiring validation.
31644,3,MALWARE-CNC Andr.Trojan.Scarelocker outbound connection,T1071.001 - Web Protocols,llm_candidate,0.9,Rule detects HTTP request to '/api.php' with parameters and specific User-Agent indicating C2 over web protocol. Candidate mapping requiring validation.
31649,2,MALWARE-CNC Win.Trojan.Bancos variant outbound connection,T1071.001 - Web Protocols,llm_candidate,0.9,Rule detects HTTP request to '/boydn/boye.html' with Indy Library User-Agent indicating C2 over web protocol. Candidate mapping requiring validation.
31680,2,MALWARE-CNC Win.Trojan.Tirabot variant outbound connection,T1071.001 - Web Protocols,llm_candidate,0.9,Rule detects HTTP POST with key/string parameters and PCRE matching User-Agent/key pattern indicating C2 over web protocol. Candidate mapping requiring validation.
31683,2,MALWARE-CNC Win.Trojan.Badur variant outbound connection,T1071.001 - Web Protocols,llm_candidate,0.9,Rule detects HTTP GET to '/get/?data=' with 'win32' User-Agent indicating C2 over web protocol. Candidate mapping requiring validation.
31719,2,FILE-IMAGE Microsoft Multiple Products JPEG parser heap overflow attempt,T1203 - Exploitation for Client Execution,llm_candidate,0.8,"Rule detects JPEG parser heap overflow exploit (CVE-2004-0200) delivered via SMTP, indicating client-side exploitation. Candidate mapping requiring validation."
31820,3,MALWARE-CNC Win.Banker.Delf variant outbound connection,T1071.001 - Web Protocols,llm_candidate,0.9,Rule detects HTTP POST to '/notify.php' with specific headers indicating C2 over web protocol. Candidate mapping requiring validation.
31824,3,MALWARE-CNC Win.Trojan.Graftor variant outbound connection,T1071.001 - Web Protocols,llm_candidate,0.9,Rule detects HTTP request with 'dados=' and '&ct=' parameters indicating C2 over web protocol. Candidate mapping requiring validation.
31826,2,MALWARE-CNC Win.Trojan.Delf variant HTTP Response,T1071.001 - Web Protocols,llm_candidate,0.85,Rule detects HTTP response with token pattern indicating C2 server response over web protocol. Candidate mapping requiring validation.
31827,3,MALWARE-CNC Win.Trojan.Delf variant outbound connection,T1071.001 - Web Protocols,llm_candidate,0.9,Rule detects HTTP GET to '/token/token.html' with specific headers indicating C2 over web protocol. Candidate mapping requiring validation.
31916,3,MALWARE-CNC Win.Trojan.Bancos variant outbound connection,T1021.001 - Remote Desktop Protocol,improved_heuristic_candidate,0.65,Remote Desktop Protocol indicator matched in content context. Candidate mapping requiring validation.
31923,2,MALWARE-CNC Win.Trojan.Symmi variant HTTP response attempt,T1071.001 - Web Protocols,llm_candidate,0.85,Rule detects HTTP response with C2-specific template strings indicating C2 over web protocol. Candidate mapping requiring validation.
31924,3,MALWARE-CNC Win.Trojan.Symmi variant outbound connection,T1071.001 - Web Protocols,llm_candidate,0.9,Rule detects HTTP request to '.php?method=' with specific headers indicating C2 over web protocol. Candidate mapping requiring validation.
31964,2,MALWARE-CNC Win.Trojan.Banker variant outbound connection,T1071.001 - Web Protocols,llm_candidate,0.9,Rule detects HTTP request to '/notify.php' indicating C2 over web protocol. Candidate mapping requiring validation.
31965,4,EXPLOIT-KIT Astrum exploit kit landing page,T1190 - Exploit Public-Facing Application,improved_heuristic_candidate,0.62,Web-facing exploit indicator matched in msg context. Candidate mapping requiring validation.
31966,3,EXPLOIT-KIT Astrum exploit kit payload delivery,T1105 - Ingress Tool Transfer,improved_heuristic_candidate,0.64,Tool transfer indicator matched in msg context. Candidate mapping requiring validation.
31966,3,EXPLOIT-KIT Astrum exploit kit payload delivery,T1190 - Exploit Public-Facing Application,improved_heuristic_candidate,0.62,Web-facing exploit indicator matched in msg context. Candidate mapping requiring validation.
31967,3,EXPLOIT-KIT Astrum exploit kit payload delivery,T1105 - Ingress Tool Transfer,improved_heuristic_candidate,0.64,Tool transfer indicator matched in msg context. Candidate mapping requiring validation.
31967,3,EXPLOIT-KIT Astrum exploit kit payload delivery,T1190 - Exploit Public-Facing Application,improved_heuristic_candidate,0.62,Web-facing exploit indicator matched in msg context. Candidate mapping requiring validation.
31970,4,EXPLOIT-KIT Astrum exploit kit redirection attempt,T1190 - Exploit Public-Facing Application,improved_heuristic_candidate,0.62,Web-facing exploit indicator matched in msg context. Candidate mapping requiring validation.
31972,3,EXPLOIT-KIT Astrum exploit kit payload delivery,T1105 - Ingress Tool Transfer,improved_heuristic_candidate,0.64,Tool transfer indicator matched in msg context. Candidate mapping requiring validation.
31972,3,EXPLOIT-KIT Astrum exploit kit payload delivery,T1190 - Exploit Public-Facing Application,improved_heuristic_candidate,0.62,Web-facing exploit indicator matched in msg context. Candidate mapping requiring validation.
31973,3,MALWARE-CNC Win.Trojan.Chebri variant outbound connection,T1036.005 - Match Legitimate Resource Name or Location,llm_candidate,0.7,Rule detects HTTP request to '/index.php' with spoofed Host header 'google.com' and patterned User-Agent indicating C2 over web protocol with masquerading as legitimate resource. Candidate mapping requiring validation.
31973,3,MALWARE-CNC Win.Trojan.Chebri variant outbound connection,T1071.001 - Web Protocols,llm_candidate,0.7,Rule detects HTTP request to '/index.php' with spoofed Host header 'google.com' and patterned User-Agent indicating C2 over web protocol with masquerading as legitimate resource. Candidate mapping requiring validation.
31975,6,OS-OTHER Bash CGI environment variable injection attempt,T1190 - Exploit Public-Facing Application,llm_candidate,0.9,Rule detects Shellshock (CVE-2014-6271/6277/6278/7169) exploit attempt via HTTP CGI environment variable injection against public-facing web application. Candidate mapping requiring validation.
31976,6,OS-OTHER Bash CGI environment variable injection attempt,T1190 - Exploit Public-Facing Application,llm_candidate,0.9,Rule detects Shellshock exploit attempt via '() {' pattern in HTTP traffic against public-facing web application. Candidate mapping requiring validation.
31977,5,OS-OTHER Bash CGI environment variable injection attempt,T1190 - Exploit Public-Facing Application,llm_candidate,0.9,Rule detects Shellshock exploit attempt via '() {' pattern in HTTP traffic against public-facing web application. Candidate mapping requiring validation.
31978,5,OS-OTHER Bash CGI environment variable injection attempt,T1190 - Exploit Public-Facing Application,llm_candidate,0.9,Rule detects Shellshock exploit attempt via '() {' pattern in HTTP traffic against public-facing web application. Candidate mapping requiring validation.
31985,6,OS-OTHER Malicious DHCP server bash environment variable injection attempt,T1203 - Exploitation for Client Execution,llm_candidate,0.8,"Rule detects Shellshock exploitation via malicious DHCP server options targeting client Bash environment, indicating exploitation for client execution. Candidate mapping requiring validation."
31990,4,MALWARE-CNC User-Agent known malicious user-agent string - Install - Win.Backdoor.Upatre,T1071.001 - Web Protocols,llm_candidate,0.9,Rule matches a known malicious User-Agent string ('Install') used by Upatre backdoor in HTTP C2 communications. Candidate mapping requiring validation.
31991,4,MALWARE-CNC User-Agent known malicious user-agent string - Treck - Win.Backdoor.Upatre,T1071.001 - Web Protocols,llm_candidate,0.9,Rule matches a known malicious User-Agent string ('Treck') used by Upatre backdoor in HTTP C2 communications. Candidate mapping requiring validation.
32009,3,MALWARE-CNC Linux.Backdoor.Flooder inbound connection attempt - command,T1071 - Application Layer Protocol,llm_candidate,0.6,"Rule detects inbound command ('SCANNER ON') to Linux.Backdoor.Flooder over TCP, indicating application-layer C2 protocol usage. Candidate mapping requiring validation."
32010,2,MALWARE-CNC Linux.Backdoor.Flooder outbound telnet connection attempt,T1071 - Application Layer Protocol,llm_candidate,0.7,"Rule detects outbound telnet connection with encoded busybox payload from Linux.Backdoor.Flooder, showing application-layer C2 over telnet. Candidate mapping requiring validation."
32011,5,MALWARE-CNC Linux.Backdoor.Flooder outbound connection,T1071 - Application Layer Protocol,llm_candidate,0.6,"Rule matches 'BUILD X86' string in outbound traffic from Linux.Backdoor.Flooder, indicative of C2 check-in over an application-layer protocol. Candidate mapping requiring validation."
32038,3,OS-OTHER Bash environment variable injection attempt,T1190 - Exploit Public-Facing Application,llm_candidate,0.8,"Rule detects Shellshock exploitation attempt via SMTP MAIL FROM command, targeting a public-facing mail server. Candidate mapping requiring validation."
32039,3,OS-OTHER Bash environment variable injection attempt,T1190 - Exploit Public-Facing Application,llm_candidate,0.8,"Rule detects Shellshock exploitation attempt via SMTP RCPT TO command, targeting a public-facing mail server. Candidate mapping requiring validation."
32041,4,OS-OTHER Bash environment variable injection attempt,T1190 - Exploit Public-Facing Application,llm_candidate,0.8,"Rule detects Shellshock exploitation attempt in SIP traffic over UDP, targeting a public-facing SIP service. Candidate mapping requiring validation."
32042,4,OS-OTHER Bash environment variable injection attempt,T1190 - Exploit Public-Facing Application,llm_candidate,0.8,"Rule detects Shellshock exploitation attempt in SIP traffic over TCP, targeting a public-facing SIP service. Candidate mapping requiring validation."
32043,3,OS-OTHER Bash environment variable injection attempt,T1190 - Exploit Public-Facing Application,llm_candidate,0.8,"Rule detects Shellshock exploitation attempt via FTP USER command, targeting a public-facing FTP server. Candidate mapping requiring validation."
32065,3,MALWARE-CNC Win.Trojan.Asprox inbound connection,T1071.001 - Web Protocols,llm_candidate,0.8,"Rule matches specific HTTP response pattern from Win.Trojan.Asprox inbound connection, indicating web-based C2. Candidate mapping requiring validation."
32066,4,MALWARE-CNC Win.Trojan.Asprox outbound connection,T1071.001 - Web Protocols,llm_candidate,0.9,"Rule matches distinctive HTTP request URI and headers (/b/pkg/T202, UA-CPU) used by Asprox for C2 over web protocols. Candidate mapping requiring validation."
32067,4,MALWARE-CNC Win.Trojan.Asprox outbound connection,T1071.001 - Web Protocols,llm_candidate,0.9,Rule matches distinctive HTTP request pattern (/x/ with specific regex) used by Asprox for C2 over web protocols. Candidate mapping requiring validation.
32069,3,OS-OTHER Bash environment variable injection attempt,T1190 - Exploit Public-Facing Application,llm_candidate,0.8,"Rule detects Shellshock exploitation attempt via FTP PASS command, targeting a public-facing FTP server. Candidate mapping requiring validation."
32073,3,MALWARE-CNC Win.Trojan.Zemot outbound connection,T1071.001 - Web Protocols,llm_candidate,0.9,Rule matches specific HTTP request URI (/b/shoe/) and headers used by Zemot for C2 over web protocols. Candidate mapping requiring validation.
32130,3,MALWARE-CNC Win.Trojan.Bancos variant outbound connection,T1071.001 - Web Protocols,llm_candidate,0.9,Rule matches HTTP POST to /beta/order.php with specific User-Agent and content-type used by Bancos for C2 over web protocols. Candidate mapping requiring validation.
32179,2,MALWARE-CNC WIN.Trojan.Plugx variant outbound connection,T1071.001 - Web Protocols,llm_candidate,0.7,"Rule detects custom protocol strings (HHV1:, HHV2:, etc.) across DNS, HTTP, and SSL services used by Plugx for C2. Candidate mapping requiring validation."
32179,2,MALWARE-CNC WIN.Trojan.Plugx variant outbound connection,T1071.004 - DNS,llm_candidate,0.7,"Rule detects custom protocol strings (HHV1:, HHV2:, etc.) across DNS, HTTP, and SSL services used by Plugx for C2. Candidate mapping requiring validation."
32180,4,MALWARE-CNC Win.Backdoor.ZxShell connection incoming attempt,T1095 - Non-Application Layer Protocol,llm_candidate,0.7,"Rule matches a specific 8-byte binary signature of ZxShell inbound connection, indicating a non-standard application-layer protocol. Candidate mapping requiring validation."
32181,4,MALWARE-CNC Win.Backdoor.ZxShell connection outgoing attempt,T1095 - Non-Application Layer Protocol,llm_candidate,0.7,"Rule matches a specific 8-byte binary signature of ZxShell outbound connection, indicating a non-standard application-layer protocol. Candidate mapping requiring validation."
32192,2,MALWARE-CNC Win.Trojan.Zxshell variant outbound connection,T1071 - Application Layer Protocol,llm_candidate,0.6,"Rule detects system information (OS, CPU, Hz) in outbound traffic from Zxshell variant, suggesting C2 communication over an application-layer protocol. Candidate mapping requiring validation."
32196,2,MALWARE-CNC Win.Trojan.Graftor variant outbound connection,T1071.001 - Web Protocols,llm_candidate,0.9,"Rule matches specific multipart form-data fields (PLUG, PC, SEG) and User-Agent in HTTP traffic used by Graftor for C2. Candidate mapping requiring validation."
32225,3,MALWARE-CNC Win.Trojan.Cryptowall variant outbound connection,T1071.001 - Web Protocols,llm_candidate,0.9,Rule matches a specific HTTP request path (/blog-trabajos/n65dj17i1836) used by Cryptowall for C2 over web protocols. Candidate mapping requiring validation.
32244,3,BROWSER-FIREFOX Mozilla 1.0 Javascript arbitrary cookie access attempt,T1203 - Exploitation for Client Execution,llm_candidate,0.7,"Rule detects JavaScript cookie-stealing payload in SMTP traffic, indicating an attempt to exploit a client-side browser vulnerability (CVE-2002-2314). Candidate mapping requiring validation."
32250,2,MALWARE-CNC Win.Trojan.Hydraq.variant outbound detected,T1071.001 - Web Protocols,llm_candidate,0.9,Rule matches HTTP request to /info.xml with Host header 'update-adobe.com' used by Hydraq for C2 over web protocols. Candidate mapping requiring validation.
32260,3,MALWARE-OTHER Sinkhole reply - irc-sinkhole.cert.pl,T1071.005 - Publish/Subscribe Protocols,llm_candidate,0.7,"Rule detects IRC traffic to a known sinkhole domain (irc-sinkhole.cert.pl), indicating command-and-control communication over a publish/subscribe protocol. Candidate mapping requiring validation."
32335,2,OS-OTHER Bash CGI environment variable injection attempt,T1190 - Exploit Public-Facing Application,llm_candidate,0.95,"Rule matches the Shellshock (CVE-2014-6271) exploitation pattern in HTTP CGI environment variables, directly observing an attempt to exploit a public-facing web application. Candidate mapping requiring validation."
32366,2,OS-OTHER Bash environment variable injection attempt,T1190 - Exploit Public-Facing Application,llm_candidate,0.95,"Rule detects Shellshock exploitation attempts via SMTP headers, observing network-level exploitation of a public-facing mail service. Candidate mapping requiring validation."
32367,3,MALWARE-CNC Win.Trojan.GameOverZeus variant outbound connection,T1071.001 - Web Protocols,llm_candidate,0.9,Rule identifies characteristic HTTP POST requests to '/update' with specific headers used by GameOver Zeus for command-and-control over web protocols. Candidate mapping requiring validation.
32370,4,SERVER-OTHER AOL Instant Messenger goaway message buffer overflow attempt,T1203 - Exploitation for Client Execution,llm_candidate,0.8,"Rule detects a buffer overflow exploit (CVE-2004-0636) in the AIM goaway message parameter, which targets a client application via network-delivered payload. Candidate mapping requiring validation."
32374,3,MALWARE-CNC Win.Trojan.Androm variant outbound connection,T1071.001 - Web Protocols,llm_candidate,0.9,Rule matches HTTP POST to '/and/gate.php' with a distinctive User-Agent string used by the Andromeda botnet for C2 over web protocols. Candidate mapping requiring validation.
32386,4,EXPLOIT-KIT Nuclear exploit kit outbound structure,T1190 - Exploit Public-Facing Application,improved_heuristic_candidate,0.62,Web-facing exploit indicator matched in msg context. Candidate mapping requiring validation.
32583,3,MALWARE-CNC Win.Trojan.Symmi variant outbound connection,T1071.001 - Web Protocols,llm_candidate,0.9,Rule identifies a specific HTTP request path and User-Agent string used by the Symmi trojan for command-and-control over web protocols. Candidate mapping requiring validation.
32584,3,MALWARE-CNC Win.Trojan.Symmi variant outbound connection,T1071.001 - Web Protocols,llm_candidate,0.9,Rule matches HTTP request parameters and headers characteristic of Symmi trojan C2 communication over web protocols. Candidate mapping requiring validation.
32604,3,MALWARE-CNC Win.Trojan.Geodo variant outbound connection,T1071.001 - Web Protocols,llm_candidate,0.9,Rule detects a distinctive User-Agent string and missing Accept-Language header used by the Geodo trojan for HTTP-based C2. Candidate mapping requiring validation.
32605,3,MALWARE-CNC Win.Worm.Jenxcus variant outbound connection,T1071.001 - Web Protocols,llm_candidate,0.9,Rule identifies a specific HTTP GET request with parameters used by the Jenxcus worm for command-and-control over web protocols. Candidate mapping requiring validation.
32606,3,MALWARE-CNC Win.Trojan.Sodebral variant outbound connection,T1071.001 - Web Protocols,llm_candidate,0.9,Rule matches HTTP request path and User-Agent string used by the Sodebral trojan for C2 over web protocols. Candidate mapping requiring validation.
32607,3,MALWARE-CNC Win.Trojan.Sodebral HTTP Response attempt,T1071.001 - Web Protocols,llm_candidate,0.85,"Rule detects HTTP response characteristics (chunked encoding, specific body content) from the Sodebral trojan C2 server. Candidate mapping requiring validation."
32608,3,MALWARE-CNC Win.Trojan.Sodebral HTTP Response attempt,T1071.001 - Web Protocols,llm_candidate,0.85,"Rule detects HTTP response characteristics (chunked encoding, specific body content) from the Sodebral trojan C2 server. Candidate mapping requiring validation."
32645,3,MALWARE-CNC User-Agent known malicious user-agent string RUpdate,T1071.001 - Web Protocols,llm_candidate,0.9,Rule identifies a known malicious User-Agent string ('RUpdate') used by malware for HTTP-based command-and-control. Candidate mapping requiring validation.
32665,4,MALWARE-CNC Win.Trojan.Chopstick variant outbound request,T1071.001 - Web Protocols,llm_candidate,0.8,Rule matches HTTP request parameters mimicking Google search traffic used by the Chopstick trojan for C2 over web protocols. Candidate mapping requiring validation.
32667,4,MALWARE-CNC Win.Trojan.Chopstick variant outbound request,T1071.001 - Web Protocols,llm_candidate,0.8,Rule matches HTTP request parameters mimicking Google webhp traffic used by the Chopstick trojan for C2 over web protocols. Candidate mapping requiring validation.
32670,3,MALWARE-CNC Win.Dropper.Ch variant outbound connection,T1105 - Ingress Tool Transfer,improved_heuristic_candidate,0.64,Tool transfer indicator matched in msg context. Candidate mapping requiring validation.
32674,5,MALWARE-CNC Win.Trojan.Wiper variant outbound connection,T1486 - Data Encrypted for Impact,improved_heuristic_candidate,0.61,Data encryption impact indicator matched in msg context. Candidate mapping requiring validation.
32776,2,MALWARE-CNC FIN4 VBA Macro credentials upload attempt,T1041 - Exfiltration Over C2 Channel,improved_heuristic_candidate,0.58,Exfiltration indicator matched in msg context. Candidate mapping requiring validation.
32776,2,MALWARE-CNC FIN4 VBA Macro credentials upload attempt,T1056 - Input Capture,improved_heuristic_candidate,0.68,Credential or input capture indicator matched in msg context. Candidate mapping requiring validation.
32823,3,MALWARE-CNC Win.Trojan.Darkhotel outbound connection,T1071.001 - Web Protocols,llm_candidate,0.9,Rule matches HTTP request to '/images/view.php' with a distinctive User-Agent and missing headers used by Darkhotel for C2. Candidate mapping requiring validation.
32824,3,MALWARE-CNC Win.Trojan.Darkhotel variant outbound connection,T1071.001 - Web Protocols,llm_candidate,0.9,Rule matches HTTP request to '/txt/read.php' with a distinctive User-Agent and missing headers used by Darkhotel for C2. Candidate mapping requiring validation.
32825,3,MALWARE-CNC Win.Trojan.Darkhotel outbound connection,T1071.001 - Web Protocols,llm_candidate,0.9,"Rule identifies HTTP GET request with specific parameters ('a1=', 'a2=step2-down') used by Darkhotel for command-and-control. Candidate mapping requiring validation."
32826,2,MALWARE-CNC Win.Trojan.Darkhotel data upload attempt,T1041 - Exfiltration Over C2 Channel,improved_heuristic_candidate,0.58,Exfiltration indicator matched in msg context. Candidate mapping requiring validation.
32827,2,MALWARE-CNC Win.Trojan.Darkhotel response connection attempt,T1071.001 - Web Protocols,llm_candidate,0.8,"Rule matches a custom marker (DEXT87) in HTTP traffic, suggesting a malware-specific response protocol over web protocols. Candidate mapping requiring validation."
32852,3,MALWARE-CNC Win.Trojan.Poolfiend variant outbound connection,T1071.001 - Web Protocols,llm_candidate,0.9,"Rule identifies HTTP POST to /11/form.php with base64-encoded data and missing Accept header, characteristic of C2 over web protocols. Candidate mapping requiring validation."
32853,3,MALWARE-CNC Win.Trojan.Poolfiend variant outbound connection,T1071.001 - Web Protocols,llm_candidate,0.9,"Rule identifies HTTP POST to /11/feed.php with base64-encoded data and missing Accept header, characteristic of C2 over web protocols. Candidate mapping requiring validation."
32889,2,FILE-IMAGE Microsoft and libpng multiple products PNG large image width overflow attempt,T1203 - Exploitation for Client Execution,llm_candidate,0.9,"Rule detects PNG files with malformed IHDR chunks sent via SMTP, matching known exploitation of client-side image parsing vulnerabilities. Candidate mapping requiring validation."
32911,2,MALWARE-BACKDOOR Win.Trojan.Wiper inbound communication attempt,T1486 - Data Encrypted for Impact,improved_heuristic_candidate,0.61,Data encryption impact indicator matched in msg context. Candidate mapping requiring validation.
32912,2,MALWARE-BACKDOOR Win.Trojan.Wiper outbound communication attempt,T1486 - Data Encrypted for Impact,improved_heuristic_candidate,0.61,Data encryption impact indicator matched in msg context. Candidate mapping requiring validation.
32915,2,MALWARE-BACKDOOR Win.Trojan.Wiper inbound communication attempt,T1486 - Data Encrypted for Impact,improved_heuristic_candidate,0.61,Data encryption impact indicator matched in msg context. Candidate mapping requiring validation.
32916,2,MALWARE-BACKDOOR Win.Trojan.Wiper outbound communication attempt,T1486 - Data Encrypted for Impact,improved_heuristic_candidate,0.61,Data encryption impact indicator matched in msg context. Candidate mapping requiring validation.
32917,2,MALWARE-BACKDOOR Win.Trojan.Wiper inbound communication attempt,T1486 - Data Encrypted for Impact,improved_heuristic_candidate,0.61,Data encryption impact indicator matched in msg context. Candidate mapping requiring validation.
32937,2,MALWARE-TOOLS Win.Trojan.Wiper proxy communication attempt,T1486 - Data Encrypted for Impact,improved_heuristic_candidate,0.61,Data encryption impact indicator matched in msg context. Candidate mapping requiring validation.
32956,3,MALWARE-CNC Android.CoolReaper.Trojan outbound connection,T1071.001 - Web Protocols,llm_candidate,0.9,"Rule detects HTTP POST to an API endpoint with an Android-specific User-Agent, showing C2 over web protocols. Candidate mapping requiring validation."
32957,2,MALWARE-CNC Win.Trojan.TinyZBot outbound SOAP connection attempt,T1102 - Web Service,llm_candidate,0.9,"Rule identifies SOAP web service calls (POST to .asmx with SOAPAction headers) used for C2, matching the Web Service technique. Candidate mapping requiring validation."
32958,2,MALWARE-CNC Win.Trojan.TinyZBot response connection attempt,T1102 - Web Service,llm_candidate,0.9,"Rule matches SOAP XML responses with GetFileListResult, confirming bidirectional web service communication for C2. Candidate mapping requiring validation."
32976,3,MALWARE-CNC Win.Trojan.Kuluos variant outbound connection,T1071.001 - Web Protocols,llm_candidate,0.9,"Rule detects HTTP POST to /w1/feed.php with missing standard headers, typical of malware C2 over web protocols. Candidate mapping requiring validation."
32977,3,MALWARE-CNC Win.Trojan.Kuluos variant outbound connection,T1071.001 - Web Protocols,llm_candidate,0.9,"Rule detects HTTP POST to /w1/form.php with missing standard headers, typical of malware C2 over web protocols. Candidate mapping requiring validation."
33047,4,MALWARE-CNC User-Agent known malicious user-agent string - realupdate - Win.Backdoor.Upatre,T1071.001 - Web Protocols,llm_candidate,0.9,"Rule flags a known malicious User-Agent string (realupdate) in HTTP requests, indicating C2 over web protocols. Candidate mapping requiring validation."
33058,3,MALWARE-CNC Win.Backdoor.Medusa variant inbound connection,T1071.001 - Web Protocols,llm_candidate,0.8,"Rule matches Unicode strings in HTTP responses containing Microsoft-related paths, suggesting C2 over web protocols. Candidate mapping requiring validation."
33059,2,MALWARE-CNC Win.Backdoor.Medusa variant outbound connection,T1071.001 - Web Protocols,llm_candidate,0.9,"Rule detects HTTP POST to /bbc_mirror/ with search parameters, consistent with C2 over web protocols. Candidate mapping requiring validation."
33060,2,MALWARE-CNC Win.Backdoor.Medusa variant outbound connection,T1071.001 - Web Protocols,llm_candidate,0.9,"Rule detects HTTP POST to CNN_Mirror/EN with search parameters, consistent with C2 over web protocols. Candidate mapping requiring validation."
33153,3,MALWARE-CNC Win.Trojan.Heur variant outbound connection,T1071.001 - Web Protocols,llm_candidate,0.9,"Rule identifies HTTP GET to /01/WindowsUpdate with missing User-Agent and Accept headers, indicative of C2 over web protocols. Candidate mapping requiring validation."
33207,4,MALWARE-CNC User-Agent known malicious user-agent string - Mazilla/5.0 - Win.Backdoor.Upatre,T1071.001 - Web Protocols,llm_candidate,0.9,"Rule flags a known malicious User-Agent string (Mazilla/5.0) in HTTP requests, indicating C2 over web protocols. Candidate mapping requiring validation."
33212,2,PUA-ADWARE SoftPulse variant HTTP response attempt,T1071.001 - Web Protocols,llm_candidate,0.8,"Rule matches JSON-like HTTP responses with time and country fields across multiple protocols, suggesting adware beaconing over web protocols. Candidate mapping requiring validation."
33219,3,MALWARE-CNC Win.Trojan.Gamarue variant outbound connection,T1071.001 - Web Protocols,llm_candidate,0.9,"Rule detects HTTP POST to /2ldr.php with a specific User-Agent, characteristic of Gamarue C2 over web protocols. Candidate mapping requiring validation."
33224,2,INDICATOR-COMPROMISE Win.Trojan.Blocker variant outbound connection attempt,T1071.001 - Web Protocols,llm_candidate,0.9,"Rule matches a distinctive User-Agent string in HTTP requests with missing Accept header, indicating Blocker variant C2 over web protocols. Candidate mapping requiring validation."
33227,4,MALWARE-CNC Win.Agent.BHHK variant outbound connection,T1001.003 - Protocol or Service Impersonation,llm_candidate,0.85,"Rule detects HTTP GET masquerading as Windows Update traffic (protocol impersonation) with anomalous missing Accept header, indicating C2 over web protocol. Candidate mapping requiring validation."
33227,4,MALWARE-CNC Win.Agent.BHHK variant outbound connection,T1071.001 - Web Protocols,llm_candidate,0.85,"Rule detects HTTP GET masquerading as Windows Update traffic (protocol impersonation) with anomalous missing Accept header, indicating C2 over web protocol. Candidate mapping requiring validation."
33228,4,MALWARE-CNC Win.Trojan.Kovter variant outbound connection,T1071.001 - Web Protocols,llm_candidate,0.8,"Rule matches HTTP POST with base64-encoded payload (PCRE) and missing Accept header, showing C2 communication with standard encoding. Candidate mapping requiring validation."
33228,4,MALWARE-CNC Win.Trojan.Kovter variant outbound connection,T1132.001 - Standard Encoding,llm_candidate,0.8,"Rule matches HTTP POST with base64-encoded payload (PCRE) and missing Accept header, showing C2 communication with standard encoding. Candidate mapping requiring validation."
33282,3,MALWARE-CNC Win.Trojan.Upatre variant outbound connection,T1071.001 - Web Protocols,llm_candidate,0.75,"Rule detects HTTP request referencing JavaScript files with encoded parameters in query string (PCRE), indicating C2 with data encoding. Candidate mapping requiring validation."
33282,3,MALWARE-CNC Win.Trojan.Upatre variant outbound connection,T1132.001 - Standard Encoding,llm_candidate,0.75,"Rule detects HTTP request referencing JavaScript files with encoded parameters in query string (PCRE), indicating C2 with data encoding. Candidate mapping requiring validation."
33443,3,MALWARE-CNC Win.Trojan.Symmi variant outbound connection,T1071.001 - Web Protocols,llm_candidate,0.7,"Rule matches specific HTTP URI path and Indy Library User-Agent, consistent with HTTP-based C2 check-in. Candidate mapping requiring validation."
33444,3,MALWARE-CNC Win.Trojan.SpyBanker variant outbound connection,T1071.001 - Web Protocols,llm_candidate,0.7,"Rule matches specific HTTP URI path and Indy Library User-Agent, consistent with HTTP-based C2 check-in. Candidate mapping requiring validation."
33449,3,MALWARE-CNC Win.Trojan.FileEncoder IP geolocation checkin attempt,T1016.001 - Internet Connection Discovery,llm_candidate,0.9,"Rule explicitly matches HTTP GET to ip-addr.es, an IP geolocation service, directly observing internet connection discovery. Candidate mapping requiring validation."
33450,3,MALWARE-CNC Win.Trojan.FileEncoder variant outbound connection,T1071.001 - Web Protocols,llm_candidate,0.8,"Rule detects HTTP POST with fixed content-length and hex-encoded key=value payload (PCRE), showing C2 with data encoding. Candidate mapping requiring validation."
33450,3,MALWARE-CNC Win.Trojan.FileEncoder variant outbound connection,T1132.001 - Standard Encoding,llm_candidate,0.8,"Rule detects HTTP POST with fixed content-length and hex-encoded key=value payload (PCRE), showing C2 with data encoding. Candidate mapping requiring validation."
33452,3,PUA-TOOLBARS Win.Toolbar.Crossrider variant outbound connection,T1071.001 - Web Protocols,llm_candidate,0.85,"Rule matches HTTP request with browser, OS build, and OS product parameters in query string, directly observing system information discovery over web protocol. Candidate mapping requiring validation."
33452,3,PUA-TOOLBARS Win.Toolbar.Crossrider variant outbound connection,T1082 - System Information Discovery,llm_candidate,0.85,"Rule matches HTTP request with browser, OS build, and OS product parameters in query string, directly observing system information discovery over web protocol. Candidate mapping requiring validation."
33453,3,MALWARE-CNC Win.Trojan.Kovter variant outbound connection,T1071.001 - Web Protocols,llm_candidate,0.7,"Rule matches HTTP POST to specific PHP endpoint with anomalous User-Agent and missing Accept header, indicating C2 over web protocol. Candidate mapping requiring validation."
33457,3,MALWARE-CNC Win.Trojan.Symmi variant outbound connection,T1071.001 - Web Protocols,llm_candidate,0.65,"Rule matches HTTP GET with suspicious User-Agent and missing Referer/Accept headers, consistent with C2 but less specific. Candidate mapping requiring validation."
33521,2,MALWARE-CNC Win.Trojan.Zusy variant outbound connection,T1071.001 - Web Protocols,llm_candidate,0.85,"Rule detects HTTP request parameters containing pcname, hwid, mode, system, and version, directly observing system information discovery via web protocol. Candidate mapping requiring validation."
33521,2,MALWARE-CNC Win.Trojan.Zusy variant outbound connection,T1082 - System Information Discovery,llm_candidate,0.85,"Rule detects HTTP request parameters containing pcname, hwid, mode, system, and version, directly observing system information discovery via web protocol. Candidate mapping requiring validation."
33523,2,MALWARE-CNC Win.Trojan.DNSChanger variant outbound connection,T1071.001 - Web Protocols,llm_candidate,0.65,"Rule matches HTTP request to postinstall.php with src and medium parameters, consistent with C2 check-in but not definitively malicious. Candidate mapping requiring validation."
33524,2,MALWARE-CNC Win.Trojan.DNSChanger variant outbound connection,T1071.001 - Web Protocols,llm_candidate,0.65,"Rule matches HTTP request to updateb.xml with rnd, spfail, and guid parameters, consistent with C2 update check-in. Candidate mapping requiring validation."
33646,4,MALWARE-CNC Linux.Trojan.XORDDoS outbound connection,T1071.001 - Web Protocols,llm_candidate,0.8,"Rule detects HTTP request with iid and kernel parameters, observing system information (kernel) discovery via web protocol. Candidate mapping requiring validation."
33646,4,MALWARE-CNC Linux.Trojan.XORDDoS outbound connection,T1082 - System Information Discovery,llm_candidate,0.8,"Rule detects HTTP request with iid and kernel parameters, observing system information (kernel) discovery via web protocol. Candidate mapping requiring validation."
33647,3,MALWARE-CNC Linux.Trojan.XORDDoS outbound connection,T1056 - Input Capture,improved_heuristic_candidate,0.68,Credential or input capture indicator matched in content context. Candidate mapping requiring validation.
33648,4,MALWARE-CNC Linux.Trojan.XORDDoS outbound connection,T1056 - Input Capture,improved_heuristic_candidate,0.68,Credential or input capture indicator matched in content context. Candidate mapping requiring validation.
33650,3,MALWARE-CNC Win.Trojan.Tinba outbound connection,T1041 - Exfiltration Over C2 Channel,llm_candidate,0.8,"Rule matches HTTP POST with fixed content-length, missing User-Agent, and binary payload, indicating C2 with potential data exfiltration. Candidate mapping requiring validation."
33650,3,MALWARE-CNC Win.Trojan.Tinba outbound connection,T1071.001 - Web Protocols,llm_candidate,0.8,"Rule matches HTTP POST with fixed content-length, missing User-Agent, and binary payload, indicating C2 with potential data exfiltration. Candidate mapping requiring validation."
33677,2,MALWARE-CNC Win.Trojan.Babar outbound connection,T1071.001 - Web Protocols,llm_candidate,0.65,"Rule matches HTTP request to specific PHP path with anomalous User-Agent, consistent with C2 over web protocol. Candidate mapping requiring validation."
33678,3,MALWARE-CNC Win.Trojan.FannyWorm outbound connection,T1071.001 - Web Protocols,llm_candidate,0.65,"Rule matches HTTP request to /ads/QueryRecord with minimal User-Agent, consistent with C2 over web protocol. Candidate mapping requiring validation."
33815,2,PUA-ADWARE Adware Goobzo/CrossRider variant outbound connection,T1071.001 - Web Protocols,llm_candidate,0.65,"Rule matches HTTP request to install.ashx with id parameter and NSIS User-Agent, consistent with C2/installation check-in. Candidate mapping requiring validation."
33816,2,PUA-ADWARE Adware Goobzo/CrossRider variant outbound connection,T1071.001 - Web Protocols,llm_candidate,0.65,"Rule matches HTTP request to ping.ashx with action, usid, aff parameters, consistent with C2 beaconing. Candidate mapping requiring validation."
33822,2,MALWARE-CNC Win.Trojan.Egamipload variant outbound connection,T1071.001 - Web Protocols,llm_candidate,0.65,"Rule matches HTTP POST to service/related with sector parameter and specific User-Agent, consistent with C2 over web protocol. Candidate mapping requiring validation."
33825,7,OS-WINDOWS Microsoft Windows SMB NTLM NULL session attempt,T1021.002 - SMB/Windows Admin Shares,improved_heuristic_candidate,0.63,"SMB or administrative share indicator matched in msg, content context. Candidate mapping requiring validation."
33851,3,MALWARE-CNC Win.Trojan.Poseidon outbound connection,T1071.001 - Web Protocols,llm_candidate,0.8,"The rule detects an HTTP C2 beacon with a distinctive User-Agent and parameter pattern used by the Poseidon trojan, indicating command and control over web protocols. Candidate mapping requiring validation."
33852,3,MALWARE-CNC Win.Trojan.Poseidon outbound connection,T1071.001 - Web Protocols,llm_candidate,0.8,"The rule detects an HTTP C2 beacon with a distinctive User-Agent and parameter pattern used by the Poseidon trojan, indicating command and control over web protocols. Candidate mapping requiring validation."
33885,2,MALWARE-CNC Win.Trojan.Gh0st variant outbound connection,T1095 - Non-Application Layer Protocol,llm_candidate,0.6,"The rule matches a custom binary protocol (Gh0st RAT) over TCP with a specific marker and zlib header, indicating non-application layer C2 communication. Candidate mapping requiring validation."
34047,2,MALWARE-CNC Win.Trojan.VBPasswordStealer variant outbound connection,T1056 - Input Capture,improved_heuristic_candidate,0.68,"Credential or input capture indicator matched in msg, content context. Candidate mapping requiring validation."
34119,2,PUA-ADWARE InstallMetrix precheck stage outbound connection,T1105 - Ingress Tool Transfer,improved_heuristic_candidate,0.64,Tool transfer indicator matched in content context. Candidate mapping requiring validation.
34120,2,PUA-ADWARE InstallMetrix fetch offers stage outbound connection,T1105 - Ingress Tool Transfer,improved_heuristic_candidate,0.64,Tool transfer indicator matched in content context. Candidate mapping requiring validation.
34122,2,PUA-ADWARE InstallMetrix reporting fetch offers stage status,T1105 - Ingress Tool Transfer,improved_heuristic_candidate,0.64,Tool transfer indicator matched in content context. Candidate mapping requiring validation.
34136,2,MALWARE-CNC Win.Trojan.Banload variant MSSQL response,T1071 - Application Layer Protocol,llm_candidate,0.5,"The rule detects MSSQL TDS protocol traffic associated with the Banload trojan, indicating use of an application layer protocol (SQL) for C2, though the specific sub-technique is not in the permitted list. Candidate mapping requiring validation."
34140,3,MALWARE-CNC Win.Trojan.Dyre publickey outbound connection,T1071.001 - Web Protocols,llm_candidate,0.7,"The rule detects an HTTP C2 connection with a hardcoded public key and string used by the Dyre banking trojan, indicating command and control over web protocols. Candidate mapping requiring validation."
34261,3,MALWARE-CNC Linux.Trojan.XORDDoS outbound connection,T1071.001 - Web Protocols,llm_candidate,0.8,"The rule detects an HTTP check-in request with specific parameters used by the XORDDoS botnet, indicating command and control over web protocols. Candidate mapping requiring validation."
34262,3,MALWARE-CNC Linux.Trojan.XORDDoS outbound connection,T1056 - Input Capture,improved_heuristic_candidate,0.68,Credential or input capture indicator matched in content context. Candidate mapping requiring validation.
34263,3,MALWARE-CNC Linux.Trojan.XORDDoS outbound connection,T1041 - Exfiltration Over C2 Channel,improved_heuristic_candidate,0.58,Exfiltration indicator matched in content context. Candidate mapping requiring validation.
34287,3,SERVER-WEBAPP vBulletin XSS redirect attempt,T1190 - Exploit Public-Facing Application,llm_candidate,0.9,"Rule matches a vBulletin XSS redirect attempt (/misc.php?v=, &js=js), directly indicating exploitation of a public-facing web application. Candidate mapping requiring validation."
34292,3,MALWARE-CNC Win.Trojan.Kraken outbound connection,T1071.001 - Web Protocols,llm_candidate,0.8,"Rule identifies HTTP query parameters (/idcontact.php?, &steam=, &origin=, &webnavig=) characteristic of Win.Trojan.Kraken C2 traffic over web protocols. Candidate mapping requiring validation."
34307,2,MALWARE-CNC Win.Trojan.DesertFalcon variant outbound connection,T1071.001 - Web Protocols,llm_candidate,0.8,Rule detects a specific HTTP GET path (/get_status.php?name=) used by DesertFalcon variants for C2 communication via web protocols. Candidate mapping requiring validation.
34308,2,MALWARE-CNC Win.Trojan.DesertFalcon variant outbound connection,T1071.001 - Web Protocols,llm_candidate,0.8,"Rule matches HTTP POST to /products/fupdates.php? with account and name parameters, indicative of DesertFalcon C2 over web protocols. Candidate mapping requiring validation."
34309,2,MALWARE-CNC Win.Trojan.DesertFalcon variant outbound connection,T1071.001 - Web Protocols,llm_candidate,0.8,"Rule detects HTTP URI pattern (/products/file_order, .php?, name=, &path=) used by DesertFalcon for C2 via web protocols. Candidate mapping requiring validation."
34310,2,MALWARE-CNC Win.Trojan.DesertFalcon variant outbound connection,T1071.001 - Web Protocols,llm_candidate,0.8,"Rule identifies HTTP request to /add_user.php?name= with user parameter, consistent with DesertFalcon C2 traffic over HTTP. Candidate mapping requiring validation."
34311,2,MALWARE-CNC Win.Trojan.DesertFalcon variant outbound connection,T1071.001 - Web Protocols,llm_candidate,0.8,Rule matches HTTP URI (/new/_flash.php?name=&serial=) used by DesertFalcon for C2 communication via web protocols. Candidate mapping requiring validation.
34312,2,MALWARE-CNC Win.Trojan.DesertFalcon variant outbound connection,T1071.001 - Web Protocols,llm_candidate,0.8,"Rule detects HTTP request to /new/get_tree.php? with name and date parameters, characteristic of DesertFalcon C2 over HTTP. Candidate mapping requiring validation."
34313,2,MALWARE-CNC Win.Trojan.DesertFalcon variant outbound connection,T1071.001 - Web Protocols,llm_candidate,0.8,Rule identifies HTTP URI (/new/add_tree.php?name=&date=) used by DesertFalcon for C2 via web protocols. Candidate mapping requiring validation.
34314,2,MALWARE-CNC Win.Trojan.DesertFalcon variant outbound connection,T1071.001 - Web Protocols,llm_candidate,0.8,"Rule matches HTTP request to /new/all_file_info1.php? with multiple parameters, indicative of DesertFalcon C2 traffic over HTTP. Candidate mapping requiring validation."
34315,2,MALWARE-CNC Win.Trojan.DesertFalcon variant outbound connection,T1071.001 - Web Protocols,llm_candidate,0.8,"Rule detects HTTP path (/flupdate/\d.html) via content and PCRE, used by DesertFalcon for C2 communication over web protocols. Candidate mapping requiring validation."
34316,2,MALWARE-CNC Win.Trojan.DesertFalcon variant outbound connection,T1071.001 - Web Protocols,llm_candidate,0.8,"Rule identifies HTTP request to /gget_rtemp.php?n= with a specific User-Agent, consistent with DesertFalcon C2 over HTTP. Candidate mapping requiring validation."
34317,2,MALWARE-CNC Win.Trojan.DesertFalcon variant outbound connection,T1071.001 - Web Protocols,llm_candidate,0.8,"Rule matches HTTP URI (/aadd_rtemp.php?n=) with a specific User-Agent, used by DesertFalcon for C2 via web protocols. Candidate mapping requiring validation."
34318,5,MALWARE-CNC Win.Trojan.CryptoWall variant outbound connection,T1071.001 - Web Protocols,llm_candidate,0.8,"Rule detects HTTP POST patterns (Cache-Control, Content-Type, PCRE for key=value) characteristic of CryptoWall C2 communication over web protocols. Candidate mapping requiring validation."
34365,3,SERVER-WEBAPP Magento remote code execution attempt,T1190 - Exploit Public-Facing Application,improved_heuristic_candidate,0.62,Web-facing exploit indicator matched in msg context. Candidate mapping requiring validation.
34366,3,MALWARE-CNC Win.Trojan.Beebone outbound connection,T1071.001 - Web Protocols,llm_candidate,0.8,Rule identifies HTTP GET with specific User-Agent and URI pattern (PCRE) used by Win.Trojan.Beebone for C2 over web protocols. Candidate mapping requiring validation.
34367,2,MALWARE-CNC Win.Trojan.Banload variant outbound connection,T1071.001 - Web Protocols,llm_candidate,0.8,"Rule detects HTTP request to /arquivo/vrs.txt with Accept header, indicative of Banload variant C2 traffic via HTTP. Candidate mapping requiring validation."
34368,2,MALWARE-CNC Win.Trojan.Banload variant outbound connection,T1071.001 - Web Protocols,llm_candidate,0.8,"Rule matches HTTP request to /arquivo/cookie.txt with Accept header, used by Banload variant for C2 over web protocols. Candidate mapping requiring validation."
34452,2,MALWARE-CNC Win.Trojan.Bancos variant outbound connection,T1071.001 - Web Protocols,llm_candidate,0.8,"Rule identifies HTTP request to /poppxr/popi.html with specific User-Agent (Indy Library), characteristic of Bancos variant C2 via HTTP. Candidate mapping requiring validation."
34453,2,MALWARE-CNC Win.Trojan.Bancos variant outbound connection,T1071.001 - Web Protocols,llm_candidate,0.8,"Rule detects HTTP request with sname= parameter and Indy Library User-Agent, used by Bancos variant for C2 over web protocols. Candidate mapping requiring validation."
34461,4,MALWARE-CNC Linux.Trojan.Mumblehard variant outbound connection,T1071.001 - Web Protocols,llm_candidate,0.8,"Rule matches HTTP POST with specific headers (Host, Content-type, Content-Length) and body pattern, indicative of Mumblehard C2 communication via HTTP. Candidate mapping requiring validation."
34500,4,MALWARE-BACKDOOR Win.Backdoor.Wekby Torn variant outbound connection,T1095 - Non-Application Layer Protocol,llm_candidate,0.6,"Rule detects a static 16-byte binary pattern (|00 00 00 11 C8...|) in TCP traffic with no HTTP service, suggesting a non-application-layer C2 protocol used by Wekby Torn backdoor. Candidate mapping requiring validation."
34501,3,MALWARE-CNC Win.Backdoor.Wekby Torn variant outbound connection,T1095 - Non-Application Layer Protocol,llm_candidate,0.6,"Rule matches an 8-byte binary pattern (|00 00 00 11 D0 00 00 00|) in TCP traffic without HTTP, indicating a custom non-application-layer protocol for Wekby Torn C2. Candidate mapping requiring validation."
34622,2,MALWARE-CNC Win.Trojan.Bancos variant outbound connection,T1071.001 - Web Protocols,llm_candidate,0.8,"Rule identifies HTTP request to /popkx3/popi.html with Indy Library User-Agent, consistent with Bancos variant C2 over web protocols. Candidate mapping requiring validation."
34843,3,MALWARE-CNC User-Agent known malicious user agent - EMERY - Win.Trojan.W97M,T1071.001 - Web Protocols,llm_candidate,0.9,"Rule detects a known malicious User-Agent string (EMERY) in HTTP traffic, indicative of command-and-control communication over web protocols. Candidate mapping requiring validation."
34864,3,INDICATOR-COMPROMISE Metasploit Meterpreter reverse HTTPS certificate,T1573.002 - Asymmetric Cryptography,llm_candidate,0.8,"Rule matches specific byte patterns of a Metasploit Meterpreter reverse HTTPS certificate, indicating establishment of an encrypted C2 channel using asymmetric cryptography. Candidate mapping requiring validation."
34868,2,MALWARE-CNC Win.Trojan.Rovnix variant outbound connection,T1071.001 - Web Protocols,llm_candidate,0.9,"Rule identifies characteristic HTTP POST requests to a specific URI with missing standard headers, consistent with Rovnix trojan C2 over web protocols. Candidate mapping requiring validation."
34917,2,MALWARE-CNC Win.Trojan.Critroni certificate exchange,T1573.002 - Asymmetric Cryptography,llm_candidate,0.8,"Rule matches unique certificate byte sequences used by Critroni ransomware, indicating encrypted C2 channel establishment via asymmetric cryptography. Candidate mapping requiring validation."
34931,2,MALWARE-CNC Win.Trojan.Bancos variant outbound connection,T1071.001 - Web Protocols,llm_candidate,0.9,"Rule detects HTTP requests containing system information parameters (ID_MAQUINA, VERSAO, etc.) sent to C2 server, characteristic of Bancos banking trojan beaconing over web protocols. Candidate mapping requiring validation."
34950,2,MALWARE-CNC Win.Trojan.Prok variant outbound connection,T1071.001 - Web Protocols,llm_candidate,0.9,"Rule identifies HTTP POST to a specific path with multipart/form-data content type, indicative of Prok trojan C2 communication over web protocols. Candidate mapping requiring validation."
34958,2,MALWARE-CNC Win.Trojan.Androm variant outbound connection,T1071.001 - Web Protocols,llm_candidate,0.9,"Rule matches HTTP POST to a forum image upload script with a specific User-Agent and content type, consistent with Androm trojan C2 over web protocols. Candidate mapping requiring validation."
34959,2,MALWARE-CNC Win.Trojan.SpyBanker variant outbound connection,T1071.001 - Web Protocols,llm_candidate,0.9,"Rule detects HTTP requests with an Indy Library User-Agent and specific URI path, characteristic of SpyBanker trojan C2 over web protocols. Candidate mapping requiring validation."
34994,2,MALWARE-CNC Win.Trojan.Banbra variant outbound connection,T1071.001 - Web Protocols,llm_candidate,0.9,"Rule identifies HTTP requests to a specific PHP path with a spoofed Firefox User-Agent, consistent with Banbra banking trojan C2 over web protocols. Candidate mapping requiring validation."
34995,2,MALWARE-CNC Win.Trojan.Banbra HTTP Header Structure,T1071.001 - Web Protocols,llm_candidate,0.9,"Rule matches a distinctive HTTP header structure used by Banbra trojan, indicating C2 communication over web protocols. Candidate mapping requiring validation."
34996,2,MALWARE-CNC Win.Trojan.Agent-ALPW variant outbound connection,T1071.001 - Web Protocols,llm_candidate,0.9,"Rule detects HTTP requests with specific Accept header and .php extension patterns, indicative of Agent-ALPW trojan C2 over web protocols. Candidate mapping requiring validation."
34997,3,MALWARE-CNC Win.Trojan.Graftor variant HTTP Response,T1071.001 - Web Protocols,llm_candidate,0.9,"Rule matches HTTP responses containing a session identifier in the body, characteristic of Graftor trojan C2 over web protocols. Candidate mapping requiring validation."
35030,2,MALWARE-CNC Win.Trojan.Zeus variant outbound connection,T1071.001 - Web Protocols,llm_candidate,0.9,"Rule identifies HTTP POST to /diff.php with specific headers and a binary pattern, consistent with Zeus trojan C2 over web protocols. Candidate mapping requiring validation."
35076,2,MALWARE-CNC Win.Zusy variant outbound connection,T1071.001 - Web Protocols,llm_candidate,0.9,"Rule detects HTTP POST to a specific PHP script with cache-control headers, indicative of Zusy trojan C2 over web protocols. Candidate mapping requiring validation."
35312,4,MALWARE-CNC Win.Trojan.Ursnif outbound connection,T1071.001 - Web Protocols,llm_candidate,0.9,Rule matches HTTP GET requests with parameterized paths (/photoLibrary/?user=) used by Ursnif trojan for C2 over web protocols. Candidate mapping requiring validation.
35344,2,MALWARE-CNC Win.Trojan.Cryptowall click fraud response,T1071.001 - Web Protocols,llm_candidate,0.8,"Rule identifies HTTP responses containing click-fraud URLs and patterns, representing C2 communication for Cryptowall ransomware over web protocols. Candidate mapping requiring validation."
35353,2,MALWARE-CNC Win.Trojan.Elise.B variant outbound connection,T1071.001 - Web Protocols,llm_candidate,0.9,"Rule matches HTTP requests with a specific User-Agent and page_*.html paths, characteristic of Elise.B trojan C2 over web protocols. Candidate mapping requiring validation."
35386,3,MALWARE-CNC Win.Trojan.Bedep initial outbound connection,T1071.001 - Web Protocols,llm_candidate,0.9,"Rule detects HTTP requests with JSON-like key-value pairs (protocolVersion, rev, buildId) used by Bedep trojan for initial C2 check-in over web protocols. Candidate mapping requiring validation."
35387,3,MALWARE-CNC Win.Trojan.Andromeda initial outbound connection,T1071.001 - Web Protocols,llm_candidate,0.9,"Rule identifies HTTP requests to /forum.php with a specific User-Agent and missing Accept/Referer headers, indicative of Andromeda trojan initial C2 over web protocols. Candidate mapping requiring validation."
35393,2,MALWARE-CNC Win.Trojan.TorrentLocker/Teerac self-signed certificate,T1573.002 - Asymmetric Cryptography,llm_candidate,0.8,"Rule matches specific fields in a self-signed SSL certificate (country XX, Default City, Default Company Ltd) used by TorrentLocker/Teerac ransomware for encrypted C2 via asymmetric cryptography. Candidate mapping requiring validation."
35394,2,MALWARE-CNC Win.Trojan.TorrentLocker/Teerac payment page request,T1071.001 - Web Protocols,llm_candidate,0.9,"Rule detects HTTP requests to a payment page with user_code, user_pass, and tor referer, consistent with TorrentLocker/Teerac ransomware C2 over web protocols. Candidate mapping requiring validation."
35549,2,MALWARE-CNC Win.Trojan.Zeus variant outbound connection,T1071.001 - Web Protocols,llm_candidate,0.9,"Rule matches HTTP POST to /order.php with specific headers and binary pattern, another variant of Zeus trojan C2 over web protocols. Candidate mapping requiring validation."
35733,3,MALWARE-CNC Win.Trojan.Potao outbound connection,T1071.001 - Web Protocols,llm_candidate,0.9,"Rule identifies XML-RPC methodName with a UUID in HTTP traffic, used by Potao trojan for C2 communication over web protocols. Candidate mapping requiring validation."
35734,4,SERVER-WEBAPP Netgear WNDR4700 and R6200 admin interface authentication bypass attempt,T1190 - Exploit Public-Facing Application,llm_candidate,0.9,"Rule detects HTTP requests to a specific Netgear admin interface path (BRS_03B_haveBackupFile_fileRestore.html) associated with CVE-2013-3071 authentication bypass, indicating exploitation of a public-facing application. Candidate mapping requiring validation."
35745,2,INDICATOR-COMPROMISE Wild Neutron potential exploit attempt,T1190 - Exploit Public-Facing Application,improved_heuristic_candidate,0.62,Web-facing exploit indicator matched in msg context. Candidate mapping requiring validation.
35746,2,MALWARE-CNC Win.Trojan.Zeus variant outbound connection,T1071.001 - Web Protocols,llm_candidate,0.85,"Rule matches specific HTTP URI (/atomic.php), User-Agent, and byte pattern used by Zeus C2 communications, indicating command and control over web protocols. Candidate mapping requiring validation."
35749,3,MALWARE-CNC Win.Backdoor.IsSpace outbound connection,T1071.001 - Web Protocols,llm_candidate,0.85,"Rule detects POST requests to /SNews.asp?HostID= used by IsSpace backdoor for C2, indicating command and control over HTTP. Candidate mapping requiring validation."
35750,4,MALWARE-CNC Win.Backdoor.IsSpace initial outbound connection,T1071.001 - Web Protocols,llm_candidate,0.85,"Rule detects initial POST to /STTip.asp used by IsSpace backdoor for C2, indicating command and control over HTTP. Candidate mapping requiring validation."
35852,9,FILE-IDENTIFY JPEG file upload detected,T1041 - Exfiltration Over C2 Channel,improved_heuristic_candidate,0.58,Exfiltration indicator matched in msg context. Candidate mapping requiring validation.
36058,10,FILE-IDENTIFY OLE Document upload detected,T1041 - Exfiltration Over C2 Channel,improved_heuristic_candidate,0.58,Exfiltration indicator matched in msg context. Candidate mapping requiring validation.
36064,2,MALWARE-CNC Win.Trojan.Bagsu variant outbound connection,T1071.001 - Web Protocols,llm_candidate,0.8,"Rule matches HTTP URI (/rp?v=) and parameter patterns (&u=, &c=, &f=) used by Bagsu trojan for C2, indicating command and control over web protocols. Candidate mapping requiring validation."
36065,2,MALWARE-CNC Win.Trojan.Bagsu variant outbound connection,T1071.001 - Web Protocols,llm_candidate,0.8,"Rule matches HTTP URI (/offers_new?v=) and parameter patterns (&a=, &i=, &f=) used by Bagsu trojan for C2, indicating command and control over web protocols. Candidate mapping requiring validation."
36066,2,MALWARE-CNC Win.Trojan.Bagsu variant outbound connection,T1071.001 - Web Protocols,llm_candidate,0.8,"Rule matches specific User-Agent string and parameters (windows=, &av=) used by Bagsu trojan for C2, indicating command and control over web protocols. Candidate mapping requiring validation."
36107,2,MALWARE-CNC Win.Trojan.FakeAV variant outbound connection,T1071.001 - Web Protocols,llm_candidate,0.8,"Rule matches HTTP URI (/purchase.php) and parameters (&a=, &v=, &u=, &bgload=) used by FakeAV trojan for C2, indicating command and control over web protocols. Candidate mapping requiring validation."
36108,2,MALWARE-CNC Win.Trojan.Nimisi variant outbound connection,T1056.001 - Keylogging,llm_candidate,0.75,"Rule detects exfiltration of keylogger data via /logs.php with parameters for program, URL, user, and password, indicating input capture (keylogging) and exfiltration. Candidate mapping requiring validation."
36202,2,MALWARE-CNC Win.Trojan.Yakes variant dropper,T1105 - Ingress Tool Transfer,improved_heuristic_candidate,0.64,Tool transfer indicator matched in msg context. Candidate mapping requiring validation.
36611,4,INDICATOR-COMPROMISE Metasploit Meterpreter reverse HTTPS certificate,T1573.001 - Symmetric Cryptography,llm_candidate,0.9,"Rule matches specific SSL/TLS certificate byte patterns used by Metasploit Meterpreter reverse HTTPS, indicating encrypted command and control channel using symmetric cryptography. Candidate mapping requiring validation."
36612,3,INDICATOR-COMPROMISE Metasploit Meterpreter reverse HTTPS certificate,T1573.001 - Symmetric Cryptography,llm_candidate,0.9,"Rule matches specific SSL/TLS 1.2 certificate byte patterns used by Metasploit Meterpreter reverse HTTPS, indicating encrypted command and control channel using symmetric cryptography. Candidate mapping requiring validation."
36914,2,MALWARE-CNC Potential hostile executable served from compromised or malicious WordPress site,T1021.001 - Remote Desktop Protocol,improved_heuristic_candidate,0.65,Remote Desktop Protocol indicator matched in msg context. Candidate mapping requiring validation.
37045,4,MALWARE-CNC Win.Trojan.Kovter outbound connection,T1071.001 - Web Protocols,llm_candidate,0.8,"Rule matches HTTP URI (/counter/?), UA-CPU header, and MSIE 7.0 User-Agent used by Kovter trojan for C2, indicating command and control over web protocols. Candidate mapping requiring validation."
37467,2,MALWARE-CNC Win.Trojan.Vawtrak variant outbound connection,T1071.001 - Web Protocols,llm_candidate,0.8,"Rule detects HTTP request to /rss/feed/stream with query parameters used by Vawtrak trojan for C2, indicating command and control over web protocols. Candidate mapping requiring validation."
37521,2,MALWARE-CNC Win.Trojan.iSpySoft variant outbound connection,T1555.003 - Credentials from Web Browsers,llm_candidate,0.75,"Rule detects upload of Browser.txt (likely browser credential data) to /Recoveries/ path without standard headers, indicating exfiltration of credentials from web browsers. Candidate mapping requiring validation."
37522,2,MALWARE-CNC Win.Trojan.iSpySoft variant outbound connection,T1114.001 - Local Email Collection,llm_candidate,0.75,"Rule detects upload of Mail.txt (likely email data) to /Recoveries/ path without standard headers, indicating local email collection and exfiltration. Candidate mapping requiring validation."
37523,2,MALWARE-CNC Win.Trojan.iSpySoft variant outbound connection,T1005 - Data from Local System,llm_candidate,0.7,"Rule detects upload of OSKey.txt (likely OS product key) to /Recoveries/ path, indicating data collection from local system and exfiltration. Candidate mapping requiring validation."
37647,2,MALWARE-CNC Win.Trojan.Symmi variant outbound connection,T1071.001 - Web Protocols,llm_candidate,0.8,"Rule matches HTTP request for /vip.jpg with specific Mozilla/4.0 User-Agent used by Symmi trojan for C2 beaconing, indicating command and control over web protocols. Candidate mapping requiring validation."
37730,5,PROTOCOL-DNS glibc getaddrinfo A record stack buffer overflow attempt,T1203 - Exploitation for Client Execution,llm_candidate,0.9,"Rule detects malicious DNS A record response crafted to exploit glibc getaddrinfo stack buffer overflow (CVE-2015-7547), indicating client-side exploitation via DNS. Candidate mapping requiring validation."
37731,5,PROTOCOL-DNS glibc getaddrinfo AAAA record stack buffer overflow attempt,T1203 - Exploitation for Client Execution,llm_candidate,0.9,"Rule detects malicious DNS AAAA record response crafted to exploit glibc getaddrinfo stack buffer overflow (CVE-2015-7547), indicating client-side exploitation via DNS. Candidate mapping requiring validation."
37733,2,MALWARE-CNC Win.Trojan.Dridex dropper variant outbound connection,T1105 - Ingress Tool Transfer,improved_heuristic_candidate,0.64,Tool transfer indicator matched in msg context. Candidate mapping requiring validation.
37816,2,MALWARE-CNC Win.Trojan.Kazy variant outbound connection,T1071.001 - Web Protocols,llm_candidate,0.85,"Detects HTTP POST to /index.php without a User-Agent header, characteristic of command-and-control beaconing over web protocols. Candidate mapping requiring validation."
37834,2,MALWARE-CNC Win.Trojan.Locky variant outbound connection,T1105 - Ingress Tool Transfer,llm_candidate,0.75,"Detects an HTTP request for a specific .rar file (/lockycrypt.rar) without User-Agent, consistent with malware downloading a payload (ingress tool transfer). Candidate mapping requiring validation."
37835,2,MALWARE-CNC Win.Trojan.Locky variant outbound connection,T1105 - Ingress Tool Transfer,llm_candidate,0.75,"Detects an HTTP request for a suspicious path (/34gf5y/r34f3345g) without User-Agent, indicative of malware retrieving a payload. Candidate mapping requiring validation."
38255,3,MALWARE-CNC Win-Linux.Trojan.Derusbi variant outbound connection,T1071.001 - Web Protocols,llm_candidate,0.9,"Matches a distinct HTTP POST to /photos/photo.asp with specific headers (User-Agent, Pragma, Proxy-Connection) used by Derusbi malware for C2 communication. Candidate mapping requiring validation."
38256,4,MALWARE-CNC Win-Linux.Trojan.Derusbi variant outbound connection,T1071.001 - Web Protocols,llm_candidate,0.9,Detects an HTTP CONNECT request with characteristic headers used by Derusbi for proxy-based C2 over web protocols. Candidate mapping requiring validation.
38257,3,MALWARE-CNC Win-Linux.Trojan.Derusbi variant outbound connection,T1071.001 - Web Protocols,llm_candidate,0.9,"Matches an HTTP GET to /Query.asp?loginid= with specific headers, a known Derusbi C2 pattern over HTTP. Candidate mapping requiring validation."
38258,3,MALWARE-CNC Win/Linux.Trojan.Derusbi variant outbound connection,T1071.001 - Web Protocols,llm_candidate,0.9,"Detects an HTTP POST to /login1.asp with characteristic headers, another Derusbi C2 communication pattern. Candidate mapping requiring validation."
38331,2,MALWARE-CNC Win.Trojan.Locky variant outbound connection,T1071.001 - Web Protocols,llm_candidate,0.9,"Identifies a minimal HTTP POST to /main.php lacking common headers (Accept-Language, Referer, Cookie), typical of Locky C2 beaconing. Candidate mapping requiring validation."
38357,3,MALWARE-CNC Win.Trojan.NetWiredRC variant send credentials,T1056 - Input Capture,improved_heuristic_candidate,0.68,Credential or input capture indicator matched in msg context. Candidate mapping requiring validation.
38359,3,MALWARE-CNC Win.Trojan.NetWiredRC variant send mail credentials,T1056 - Input Capture,improved_heuristic_candidate,0.68,Credential or input capture indicator matched in msg context. Candidate mapping requiring validation.
38378,2,MALWARE-CNC Win.Trojan.Dridex certificate exchange,T1573 - Encrypted Channel,llm_candidate,0.7,"Matches SSL/TLS certificate exchange fields (Lisbon, Souppi Otiop SEM, wthcethesmw.ph) used by Dridex to establish an encrypted C2 channel. Candidate mapping requiring validation."
38584,2,MALWARE-CNC Win.Backdoor.DFSCook variant JS dropper outbound connection,T1105 - Ingress Tool Transfer,improved_heuristic_candidate,0.64,Tool transfer indicator matched in msg context. Candidate mapping requiring validation.
38585,3,MALWARE-CNC Win.Backdoor.DFSCook variant outbound connection,T1071.001 - Web Protocols,llm_candidate,0.8,"Detects an HTTP request to /wp-includes.php?d= with minimal headers (no User-Agent), a DFSCook C2 beacon pattern. Candidate mapping requiring validation."
38586,3,MALWARE-CNC Win.Backdoor.DFSCook variant outbound connection,T1071.001 - Web Protocols,llm_candidate,0.9,"Rule matches HTTP request to /api.php?d= with minimal headers (Accept: */*, Connection: close, no User-Agent), typical of malware C2 beaconing over web protocol. Candidate mapping requiring validation."
38587,2,MALWARE-CNC Win.Backdoor.DFSCook variant temporary redirect attempt,T1071.001 - Web Protocols,llm_candidate,0.8,"Rule detects HTTP 307 Temporary Redirect with a specific Set-Cookie (DFSCOOK) and Location header, indicating C2 communication over HTTP. Candidate mapping requiring validation."
38588,3,MALWARE-CNC Win.Backdoor.DFSCook variant outbound connection,T1071.001 - Web Protocols,llm_candidate,0.9,"Rule matches HTTP requests to .php?d= with a 174-character hex parameter, no User-Agent or Referer, consistent with DFSCook C2 beaconing. Candidate mapping requiring validation."
38603,2,MALWARE-CNC Win.Trojan.UP007 variant outbound connection,T1071.001 - Web Protocols,llm_candidate,0.9,"Rule matches HTTP request to /index.asp with a specific Internet Explorer 7 User-Agent and UP007 string, indicative of UP007 Trojan C2 over web protocol. Candidate mapping requiring validation."
38606,2,MALWARE-CNC Win.Trojan.Qakbot variant network speed test,T1016.001 - Internet Connection Discovery,llm_candidate,0.7,"Rule detects HTTP requests for /random750x750.jpg with parameters, described as a network speed test, which is a form of internet connection discovery. Candidate mapping requiring validation."
38607,3,MALWARE-CNC Win.Trojan.Qakbot variant outbound connection,T1071.001 - Web Protocols,llm_candidate,0.9,"Rule matches HTTP requests with parameters btst= and snkz=, specific Accept and Cache-Control headers, typical of Qakbot C2 traffic. Candidate mapping requiring validation."
38608,2,MALWARE-CNC Win.Trojan.RockLoader variant outbound connection,T1071.001 - Web Protocols,llm_candidate,0.9,"Rule detects HTTP POST to /api/ with Content-Type octet-stream and no User-Agent/Referer, consistent with RockLoader C2 using web protocol. Candidate mapping requiring validation."
38619,5,INDICATOR-COMPROMISE Content-Type text/plain containing Portable Executable data,T1041 - Exfiltration Over C2 Channel,llm_candidate,0.6,"Rule identifies PE file (MZ/PE headers) transferred with Content-Type text/plain over HTTP/FTP/IMAP/POP3, suggesting exfiltration or malicious file transfer over C2 channel. Candidate mapping requiring validation."
38620,2,MALWARE-CNC Win.Trojan.Dridex certificate exchange,T1573 - Encrypted Channel,llm_candidate,0.8,"Rule matches specific self-signed SSL certificate fields (Ouagadougou, Tiongon Wledb A.M.B.A., ina.themanyag.zm) used by Dridex for encrypted C2 channel. Candidate mapping requiring validation."
38621,2,MALWARE-CNC Win.Trojan.Dridex certificate exchange,T1573 - Encrypted Channel,llm_candidate,0.8,"Rule matches another Dridex self-signed SSL certificate (Bujumbura, Wiqur Hitin ehf., puppeitursilth.cz), indicating encrypted C2 channel. Candidate mapping requiring validation."
38886,4,MALWARE-CNC Win.Trojan.Bayrob variant outbound connection,T1095 - Non-Application Layer Protocol,llm_candidate,0.8,"Rule detects a unique 8-byte sequence (4C 48 42 80 71 C2 A5 DF) over raw TCP, characteristic of Bayrob's custom non-application layer protocol. Candidate mapping requiring validation."
38887,2,MALWARE-CNC Win.Trojan.Locky JS dropper outbound connection,T1105 - Ingress Tool Transfer,improved_heuristic_candidate,0.64,Tool transfer indicator matched in msg context. Candidate mapping requiring validation.
38888,2,MALWARE-CNC Win.Trojan.Locky variant outbound connection,T1071.001 - Web Protocols,llm_candidate,0.9,"Rule detects HTTP POST to /userinfo.php with application/x-www-form-urlencoded content and no Accept/Referer, consistent with Locky C2. Candidate mapping requiring validation."
38891,2,MALWARE-CNC Win.Trojan.Kirts initial registration,T1071.003 - Mail Protocols,llm_candidate,0.8,"Rule matches SMTP email with base64-encoded subject 'Hawkeye Logger', indicating C2 communication via mail protocol. Candidate mapping requiring validation."
38951,2,PUA-ADWARE Win.Adware.OpenSoftwareUpdater variant outbound connection attempt,T1071.001 - Web Protocols,llm_candidate,0.5,"Rule detects HTTP requests to /installer.php? with CODE, UID, action parameters from OpenSoftwareUpdater adware; low confidence as it is PUA. Candidate mapping requiring validation."
38952,2,PUA-ADWARE Win.Adware.OpenSoftwareUpdater variant outbound connection attempt,T1071.001 - Web Protocols,llm_candidate,0.5,Rule matches HTTP to /optin.php? with f= and quant= parameters from same adware; low confidence due to PUA classification. Candidate mapping requiring validation.
38953,2,PUA-ADWARE Win.Adware.OpenSoftwareUpdater variant outbound connection attempt,T1071.001 - Web Protocols,llm_candidate,0.5,"Rule detects HTTP to /info.php? with quant, f, h, size parameters from adware; low confidence. Candidate mapping requiring validation."
38993,9,SQL use of sleep function in HTTP header - likely SQL injection attempt,T1190 - Exploit Public-Facing Application,improved_heuristic_candidate,0.62,Web-facing exploit indicator matched in msg context. Candidate mapping requiring validation.
39064,3,MALWARE-CNC Win.Trojan.Sinrin initial JS dropper outbound connection,T1105 - Ingress Tool Transfer,improved_heuristic_candidate,0.64,Tool transfer indicator matched in msg context. Candidate mapping requiring validation.
39080,2,MALWARE-CNC Win.Trojan.NetWiredRC variant connection setup,T1095 - Non-Application Layer Protocol,llm_candidate,0.8,"Rule detects a specific 5-byte sequence (3B 00 00 00 05) over raw TCP, indicative of NetWiredRC's custom protocol. Candidate mapping requiring validation."
39106,3,MALWARE-CNC Win.Trojan.LuminosityLink RAT variant outbound connection,T1095 - Non-Application Layer Protocol,llm_candidate,0.8,"Rule matches unique strings '=P4CK3T=' and '8_=_8' over TCP, characteristic of LuminosityLink RAT's custom C2 protocol. Candidate mapping requiring validation."
39107,3,MALWARE-CNC Win.Trojan.LuminosityLink RAT variant inbound connection,T1095 - Non-Application Layer Protocol,llm_candidate,0.8,"Same custom protocol strings as rule 3347 but for inbound direction, still non-application layer protocol. Candidate mapping requiring validation."
39159,2,MALWARE-CNC Win.Backdoor.JRat inbound self-signed SSL certificate,T1573 - Encrypted Channel,llm_candidate,0.8,"Rule matches JRat's self-signed SSL certificate with fields FR and assylias.Inc, indicating encrypted C2 channel. Candidate mapping requiring validation."
39160,2,MALWARE-CNC Win.Backdoor.JRat inbound self-signed SSL certificate,T1573 - Encrypted Channel,llm_candidate,0.8,"Rule matches another JRat self-signed SSL certificate with fields US and California, also indicating encrypted C2 channel. Candidate mapping requiring validation."
39163,2,MALWARE-CNC Win.Trojan.Dridex self-signed certificate exchange,T1573.001 - Symmetric Cryptography,llm_candidate,0.7,"Rule detects a self-signed SSL/TLS certificate exchange with specific subject fields, indicating encrypted C2 channel establishment using symmetric cryptography. Candidate mapping requiring validation."
39164,2,MALWARE-CNC Win.Trojan.Dridex self-signed certificate exchange,T1573.001 - Symmetric Cryptography,llm_candidate,0.7,"Rule detects a self-signed SSL/TLS certificate exchange with distinct subject fields, indicating encrypted C2 channel establishment using symmetric cryptography. Candidate mapping requiring validation."
39411,2,MALWARE-CNC Win.Trojan.Qbot variant outbound connection,T1071.001 - Web Protocols,llm_candidate,0.9,Rule matches a specific HTTP URI and Host header used by Qbot for command-and-control communication over web protocols. Candidate mapping requiring validation.
39526,2,FILE-OFFICE RTF document incorrect file magic attempt,T1204.002 - Malicious File,llm_candidate,0.6,"Rule detects an RTF file with incorrect magic bytes (CVE-2015-1641) transmitted over multiple protocols, suggesting delivery of a malicious file for user execution. Candidate mapping requiring validation."
39527,2,FILE-OFFICE RTF document incorrect file magic attempt,T1204.002 - Malicious File,llm_candidate,0.6,"Rule detects an RTF file with incorrect magic bytes (CVE-2015-1641) transmitted via SMTP, suggesting delivery of a malicious file for user execution. Candidate mapping requiring validation."
39573,4,MALWARE-CNC Win.Backdoor.NanoBot variant outbound connection,T1095 - Non-Application Layer Protocol,llm_candidate,0.7,Rule matches a unique binary pattern in TCP traffic characteristic of NanoBot's custom non-application layer C2 protocol. Candidate mapping requiring validation.
39574,4,MALWARE-CNC Win.Backdoor.NanoBot variant outbound connection,T1095 - Non-Application Layer Protocol,llm_candidate,0.7,Rule matches a unique binary pattern in TCP traffic characteristic of NanoBot's custom non-application layer C2 protocol. Candidate mapping requiring validation.
39575,6,MALWARE-CNC Win.Backdoor.NanoBot variant outbound connection,T1095 - Non-Application Layer Protocol,llm_candidate,0.7,Rule matches a unique binary pattern in TCP traffic characteristic of NanoBot's custom non-application layer C2 protocol. Candidate mapping requiring validation.
39576,5,MALWARE-CNC Win.Backdoor.NanoBot variant outbound connection,T1095 - Non-Application Layer Protocol,llm_candidate,0.7,Rule matches a unique binary pattern in TCP traffic characteristic of NanoBot's custom non-application layer C2 protocol. Candidate mapping requiring validation.
39577,4,MALWARE-CNC Win.Backdoor.NanoBot variant outbound connection,T1095 - Non-Application Layer Protocol,llm_candidate,0.7,Rule matches a unique binary pattern in TCP traffic characteristic of NanoBot's custom non-application layer C2 protocol. Candidate mapping requiring validation.
39578,4,MALWARE-CNC Win.Backdoor.NanoBot variant inbound connection,T1095 - Non-Application Layer Protocol,llm_candidate,0.7,Rule matches a unique binary pattern in TCP traffic characteristic of NanoBot's custom non-application layer C2 protocol (inbound). Candidate mapping requiring validation.
39579,4,MALWARE-CNC Win.Backdoor.NanoBot variant outbound connection,T1095 - Non-Application Layer Protocol,llm_candidate,0.7,Rule matches a unique binary pattern in TCP traffic characteristic of NanoBot's custom non-application layer C2 protocol. Candidate mapping requiring validation.
39580,4,MALWARE-CNC Win.Backdoor.NanoBot variant outbound connection,T1095 - Non-Application Layer Protocol,llm_candidate,0.7,Rule matches a unique binary pattern in TCP traffic characteristic of NanoBot's custom non-application layer C2 protocol. Candidate mapping requiring validation.
39581,4,MALWARE-CNC Win.Trojan.NanoBot/Perseus initial outbound connection,T1095 - Non-Application Layer Protocol,llm_candidate,0.7,Rule matches a unique binary pattern in TCP traffic characteristic of NanoBot/Perseus initial C2 handshake using a custom protocol. Candidate mapping requiring validation.
39582,3,MALWARE-CNC Win.Trojan.NanoBot/Perseus server heartbeat request attempt,T1095 - Non-Application Layer Protocol,llm_candidate,0.7,Rule matches a unique binary pattern in TCP traffic characteristic of NanoBot/Perseus heartbeat request using a custom protocol. Candidate mapping requiring validation.
39583,3,MALWARE-CNC Win.Trojan.NanoBot/Perseus client heartbeat response attempt,T1095 - Non-Application Layer Protocol,llm_candidate,0.7,Rule matches a unique binary pattern in TCP traffic characteristic of NanoBot/Perseus heartbeat response using a custom protocol. Candidate mapping requiring validation.
39705,4,MALWARE-CNC Win.Trojan.Zeus variant inbound connection,T1071.001 - Web Protocols,llm_candidate,0.9,Rule detects specific HTTP headers and URI (/us.xml) used by Zeus for C2 communication and file transfer over web protocols. Candidate mapping requiring validation.
39729,3,INDICATOR-COMPROMISE Content-Type image containing Portable Executable data,T1027.003 - Steganography,llm_candidate,0.8,"Rule detects a Portable Executable (MZ/PE) embedded within a Content-Type declared as image, indicating steganography or file type masquerading. Candidate mapping requiring validation."
39737,2,SERVER-WEBAPP HttpOxy CGI application vulnerability potential man-in-the-middle attempt,T1190 - Exploit Public-Facing Application,llm_candidate,0.9,Rule detects the 'Proxy' HTTP header used to exploit the HttpOxy vulnerability (CVE-2016-5385/5386/5387/5388) in public-facing CGI applications. Candidate mapping requiring validation.
39738,3,MALWARE-CNC Win.Trojan.Trans variant outbound connection,T1071.001 - Web Protocols,llm_candidate,0.8,Rule matches a specific HTTP URI (/site/images/banners/casecor21.gif) used by the Trans trojan for C2 over web protocols. Candidate mapping requiring validation.
39800,2,MALWARE-CNC Win.Trojan.Hancitor variant outbound connection,T1071.001 - Web Protocols,llm_candidate,0.9,"Rule detects HTTP POST to /gate.php with characteristic parameters (GUID, BUILD, INFO, IP) used by Hancitor for C2 over web protocols. Candidate mapping requiring validation."
39801,2,MALWARE-CNC Win.Trojan.Spyrat variant outbound connection,T1095 - Non-Application Layer Protocol,llm_candidate,0.7,Rule matches a custom binary string ('myversion|2.5.2.') in TCP traffic used by Spyrat for C2 over a non-standard protocol. Candidate mapping requiring validation.
39903,4,FILE-OFFICE Microsoft Windows RTF file with embedded object package SMTP upload attempt,T1041 - Exfiltration Over C2 Channel,improved_heuristic_candidate,0.58,Exfiltration indicator matched in msg context. Candidate mapping requiring validation.
40011,3,MALWARE-CNC Win.Trojan.Locky variant outbound connection,T1071.001 - Web Protocols,llm_candidate,0.9,"Rule matches specific HTTP URIs, headers (X-Requested-With, Referer) used by Locky ransomware for C2 communication over web protocols. Candidate mapping requiring validation."
40015,2,BROWSER-FIREFOX Mozilla Firefox about field spoofing attempt,T1190 - Exploit Public-Facing Application,llm_candidate,0.7,Rule detects a crafted 'about:' URL with query and location spoofing attempting to exploit Firefox (CVE-2016-5268) via a public-facing web browser. Candidate mapping requiring validation.
40063,5,OS-LINUX Linux Kernel Challenge ACK provocation attempt,T1210 - Exploitation of Remote Services,llm_candidate,0.8,"Detects TCP Challenge ACK provocation exploiting CVE-2016-5696/CVE-2017-7285, a remote service vulnerability in the Linux kernel. Candidate mapping requiring validation."
40184,2,EXPLOIT-KIT Phoenix Exploit Kit inbound geoip.php bdr exploit attempt,T1190 - Exploit Public-Facing Application,improved_heuristic_candidate,0.62,Web-facing exploit indicator matched in msg context. Candidate mapping requiring validation.
40221,5,SERVER-OTHER Cisco IOS Group-Prime MD5 memory disclosure attempt,T1210 - Exploitation of Remote Services,llm_candidate,0.85,Detects Cisco IOS IKEv1 Group-Prime MD5 memory disclosure exploit (CVE-2016-6415) targeting a remote network service. Candidate mapping requiring validation.
40222,5,SERVER-OTHER Cisco IOS Group-Prime SHA memory disclosure attempt,T1210 - Exploitation of Remote Services,llm_candidate,0.85,Detects Cisco IOS IKEv1 Group-Prime SHA memory disclosure exploit (CVE-2016-6415) targeting a remote network service. Candidate mapping requiring validation.
40251,3,MALWARE-CNC User-Agent known malicious user-agent string - Win.Trojan.Perseus,T1071.001 - Web Protocols,llm_candidate,0.7,Detects known malicious User-Agent string used by Win.Trojan.Perseus for C2 communication over HTTP. Candidate mapping requiring validation.
40252,3,MALWARE-CNC Win.Perseus variant outbound connection,T1041 - Exfiltration Over C2 Channel,llm_candidate,0.75,"Detects Perseus trojan outbound HTTP POST with system information (machine, publickey, user, OS, processor), indicating exfiltration over C2 channel. Candidate mapping requiring validation."
40541,3,MALWARE-CNC Win.Trojan.Satana ransomware outbound connection,T1486 - Data Encrypted for Impact,improved_heuristic_candidate,0.61,Data encryption impact indicator matched in msg context. Candidate mapping requiring validation.
40549,2,MALWARE-CNC Win.Trojan.CryPy ransomware variant outbound connection,T1486 - Data Encrypted for Impact,improved_heuristic_candidate,0.61,Data encryption impact indicator matched in msg context. Candidate mapping requiring validation.
40551,2,MALWARE-CNC Win.Trojan.Dexter Banker variant successful installation report attempt,T1041 - Exfiltration Over C2 Channel,llm_candidate,0.8,"Detects Dexter Banker installation report (/LetsGo.php with system, qual), indicating exfiltration over C2 channel. Candidate mapping requiring validation."
40559,3,MALWARE-CNC Win.Trojan.iSpy variant outbound connection,T1041 - Exfiltration Over C2 Channel,llm_candidate,0.75,"Detects iSpy keylogger C2 communication (gate, token, name), indicating exfiltration over C2 channel. Candidate mapping requiring validation."
40762,2,MALWARE-CNC Android.Trojan.SpyNote RAT variant inbound connection,T1219.002 - Remote Desktop Software,llm_candidate,0.7,"Detects SpyNote RAT inbound connection banner ('Server Prent'), indicating remote access tool usage. Candidate mapping requiring validation."
40763,2,MALWARE-CNC Android.Trojan.SpyNote RAT variant getSMS command response,T1041 - Exfiltration Over C2 Channel,llm_candidate,0.8,"Detects SpyNote RAT exfiltrating SMS data (getSMS response), indicating exfiltration over C2 channel. Candidate mapping requiring validation."
40764,2,MALWARE-CNC Android.Trojan.SpyNote RAT variant getContacts command response,T1041 - Exfiltration Over C2 Channel,llm_candidate,0.8,"Detects SpyNote RAT exfiltrating contacts data (getContacts response), indicating exfiltration over C2 channel. Candidate mapping requiring validation."
40816,3,MALWARE-CNC Win.Trojan.Locky variant outbound connection,T1041 - Exfiltration Over C2 Channel,llm_candidate,0.8,"Detects Locky ransomware C2 communication (/message.php with specific headers), indicating exfiltration over C2 channel. Candidate mapping requiring validation."
40827,2,PUA-ADWARE MindSpark framework installer attempt,T1105 - Ingress Tool Transfer,llm_candidate,0.6,"Detects MindSpark adware installer download attempt via HTTP User-Agent, indicating ingress tool transfer. Candidate mapping requiring validation."
40831,3,MALWARE-CNC Win.Backdoor.Houdini variant initial outbound connection,T1041 - Exfiltration Over C2 Channel,llm_candidate,0.8,"Detects Houdini backdoor initial outbound connection ('new_houdini'), indicating exfiltration over C2 channel. Candidate mapping requiring validation."
40833,2,MALWARE-CNC Win.Backdoor.Houdini variant screenshot inbound init command attempt,T1113 - Screen Capture,llm_candidate,0.7,"Detects Houdini backdoor command to initiate screenshot capture ('screenshot_init'), indicating screen capture capability. Candidate mapping requiring validation."
40834,3,MALWARE-CNC Win.Backdoor.Houdini variant screenshot inbound silence command attempt,T1113 - Screen Capture,llm_candidate,0.7,"Detects Houdini backdoor command to silence screenshot capture ('silence_screenshot'), indicating screen capture capability. Candidate mapping requiring validation."
40835,2,MALWARE-CNC Win.Backdoor.Houdini variant screen_thumb inbound init command attempt,T1113 - Screen Capture,llm_candidate,0.7,"Detects Houdini backdoor command to initiate screen thumbnail capture ('screen_thumb'), indicating screen capture capability. Candidate mapping requiring validation."
40836,4,MALWARE-CNC Win.Backdoor.Houdini variant file enumeration inbound init/root/faf command attempt,T1083 - File and Directory Discovery,llm_candidate,0.75,"Detects Houdini backdoor file enumeration commands (file_manager_init/root/faf), indicating file and directory discovery. Candidate mapping requiring validation."
40839,2,PUA-ADWARE Sokuxuan outbound connection attempt,T1105 - Ingress Tool Transfer,llm_candidate,0.6,"Detects Sokuxuan adware update request (/UpgSvr/ with .xml), indicating ingress tool transfer. Candidate mapping requiring validation."
40840,2,PUA-OTHER Bitcoin Mining subscribe Stratum protocol client request attempt,T1496.001 - Compute Hijacking,llm_candidate,0.85,"Detects Stratum mining.subscribe request, indicating cryptocurrency mining (compute hijacking). Candidate mapping requiring validation."
40841,2,PUA-OTHER Bitcoin Mining authorize Stratum protocol client request attempt,T1496.001 - Compute Hijacking,llm_candidate,0.85,"Detects Stratum mining.authorize request, indicating cryptocurrency mining (compute hijacking). Candidate mapping requiring validation."
40842,2,PUA-OTHER Bitcoin Mining extranonce Stratum protocol subscribe client request attempt,T1496.001 - Compute Hijacking,llm_candidate,0.85,"The rule detects Stratum protocol JSON-RPC requests for Bitcoin mining (mining.extranonce.subscribe), which directly indicates unauthorized cryptomining activity hijacking compute resources. Candidate mapping requiring validation."
40866,3,PROTOCOL-OTHER TP-Link TDDP SET_CONFIG type buffer overflow attempt,T1210 - Exploitation of Remote Services,llm_candidate,0.8,"The rule matches a buffer overflow exploit attempt against the TP-Link TDDP network service (SET_CONFIG type), observable as exploitation of a remote service on a network device. Candidate mapping requiring validation."
40888,3,BROWSER-FIREFOX Mozilla Firefox ESR NotifyTimeChange use after free attempt,T1203 - Exploitation for Client Execution,llm_candidate,0.9,"The rule identifies HTTP-delivered exploit code targeting CVE-2016-9079 (Firefox use-after-free), which is client-side exploitation triggered by user browsing. Candidate mapping requiring validation."
40896,3,BROWSER-FIREFOX Mozilla Firefox ESR NotifyTimeChange use after free attempt,T1203 - Exploitation for Client Execution,llm_candidate,0.9,Same CVE-2016-9079 Firefox exploit as sid 40888 but with a different SVG animation payload signature; still client-side exploitation via web content. Candidate mapping requiring validation.
40907,2,PROTOCOL-OTHER TP-Link TDDP Get_config configuration leak attempt,T1602.002 - Network Device Configuration Dump,llm_candidate,0.85,"The rule detects TDDP Get_config requests that leak device configuration data, directly mapping to network device configuration dump reconnaissance. Candidate mapping requiring validation."
40991,3,MALWARE-CNC Linux.DDoS.D93 outbound connection,T1071.001 - Web Protocols,llm_candidate,0.75,"The rule flags a static byte pattern in HTTP traffic associated with Linux.DDoS.D93 malware C2, indicating command-and-control over web protocols. Candidate mapping requiring validation."
41095,5,SERVER-WEBAPP Netgear WNR2000 authentication bypass attempt,T1190 - Exploit Public-Facing Application,llm_candidate,0.85,"The rule detects requests to /apply_noauth.cgi on Netgear routers, an authentication bypass vulnerability in a public-facing web application. Candidate mapping requiring validation."
41096,4,SERVER-WEBAPP Netgear WNR2000 hidden_lang_avi stack buffer overflow attempt,T1190 - Exploit Public-Facing Application,llm_candidate,0.85,"The rule matches a stack buffer overflow exploit attempt against the hidden_lang_avi parameter in a Netgear router web interface, a public-facing application. Candidate mapping requiring validation."
41334,3,MALWARE-CNC Win.Trojan.Locky variant outbound connection,T1071.001 - Web Protocols,llm_candidate,0.8,The rule identifies characteristic HTTP headers and URI patterns (/admin.php?f=) used by Locky ransomware for C2 communication over web protocols. Candidate mapping requiring validation.
41335,4,MALWARE-CNC Win.Trojan.Locky variant outbound connection,T1071.001 - Web Protocols,llm_candidate,0.8,"Another Locky C2 signature detecting specific HTTP parameters (x-requested-with, Referer) used for command-and-control over HTTP. Candidate mapping requiring validation."
41336,3,MALWARE-CNC Andr.Trojan.Sysch variant outbound connection,T1071.001 - Web Protocols,llm_candidate,0.75,"The rule matches HTTP traffic patterns (User-Agent HttpEngine, .do endpoints) associated with Android Sysch trojan C2 over web protocols. Candidate mapping requiring validation."
41337,3,MALWARE-CNC Andr.Trojan.Sysch variant outbound connection,T1071.001 - Web Protocols,llm_candidate,0.75,"Additional Sysch trojan C2 signature detecting custom HTTP headers (GZIPOK, CompGZ, ReqType) and .do endpoints for command-and-control. Candidate mapping requiring validation."
41346,3,SERVER-WEBAPP Western Digital MyCloud command injection attempt,T1190 - Exploit Public-Facing Application,llm_candidate,0.9,"The rule detects command injection attempts via the arg parameter in Western Digital MyCloud's google_analytics.php, exploiting a public-facing web application (CVE-2016-10108). Candidate mapping requiring validation."
41347,3,SERVER-WEBAPP Western Digital MyCloud command injection attempt,T1190 - Exploit Public-Facing Application,llm_candidate,0.9,Variant of the same MyCloud command injection exploit targeting URL-encoded shell metacharacters (%26) in the arg parameter. Candidate mapping requiring validation.
41348,3,SERVER-WEBAPP Western Digital MyCloud command injection attempt,T1190 - Exploit Public-Facing Application,llm_candidate,0.9,"Broader regex detection of shell metacharacters in the arg parameter for MyCloud command injection, same CVE-2016-10108 exploitation. Candidate mapping requiring validation."
41349,3,SERVER-WEBAPP Western Digital MyCloud command injection attempt,T1190 - Exploit Public-Facing Application,llm_candidate,0.9,"Detects command injection via multipart Content-Disposition arg parameter in MyCloud, another vector for CVE-2016-10108 exploitation. Candidate mapping requiring validation."
41374,3,MALWARE-CNC Win.Trojan.NetWiredRC variant registration message,T1095 - Non-Application Layer Protocol,llm_candidate,0.7,"The rule identifies a static binary registration message (0x41 0x00 0x00 0x00 0x83) used by NetWiredRC trojan over raw TCP, a non-application-layer C2 protocol. Candidate mapping requiring validation."
41375,3,MALWARE-CNC Win.Trojan.NetWiredRC variant check logs,T1095 - Non-Application Layer Protocol,llm_candidate,0.7,Detects NetWiredRC 'check logs' command message (0x38 0x00 0x00 0x00 0x85) in the same custom TCP protocol. Candidate mapping requiring validation.
41376,3,MALWARE-CNC Win.Trojan.NetWiredRC variant keepalive,T1095 - Non-Application Layer Protocol,llm_candidate,0.7,Detects NetWiredRC keepalive message (0x01 0x00 0x00 0x00 0x81) in the custom binary C2 protocol. Candidate mapping requiring validation.
41441,3,MALWARE-CNC User-Agent known malicious user-agent string - X-Mas,T1071.001 - Web Protocols,llm_candidate,0.65,"Flags a known malicious User-Agent string ('Useragents') in HTTP traffic, an indicator of C2 over web protocols, though the signature is generic. Candidate mapping requiring validation."
41442,3,MALWARE-CNC Win.Ransomware.X-Mas outbound connection,T1486 - Data Encrypted for Impact,improved_heuristic_candidate,0.61,Data encryption impact indicator matched in msg context. Candidate mapping requiring validation.
41445,2,SERVER-OTHER QNAP remote buffer overflow attempt,T1190 - Exploit Public-Facing Application,llm_candidate,0.85,"The rule matches a buffer overflow exploit attempt against QNAP NAS cgi.cgi with long u/p parameters, targeting a public-facing web application. Candidate mapping requiring validation."
41495,2,SERVER-WEBAPP WordPress get_post authentication bypass attempt,T1021.001 - Remote Desktop Protocol,improved_heuristic_candidate,0.65,Remote Desktop Protocol indicator matched in msg context. Candidate mapping requiring validation.
41496,2,SERVER-WEBAPP WordPress get_post authentication bypass attempt,T1021.001 - Remote Desktop Protocol,improved_heuristic_candidate,0.65,Remote Desktop Protocol indicator matched in msg context. Candidate mapping requiring validation.
41497,2,SERVER-WEBAPP WordPress get_post authentication bypass attempt,T1021.001 - Remote Desktop Protocol,improved_heuristic_candidate,0.65,Remote Desktop Protocol indicator matched in msg context. Candidate mapping requiring validation.
41499,6,SERVER-SAMBA Microsoft Windows SMBv2/SMBv3 Buffer Overflow attempt,T1021.002 - SMB/Windows Admin Shares,improved_heuristic_candidate,0.63,"SMB or administrative share indicator matched in msg, content context. Candidate mapping requiring validation."
41504,4,SERVER-WEBAPP Netgear passwordrecovered.cgi insecure admin password disclosure attempt,T1056 - Input Capture,improved_heuristic_candidate,0.68,"Credential or input capture indicator matched in msg, content context. Candidate mapping requiring validation."
41698,3,SERVER-WEBAPP Netgear DGN2200 ping.cgi command injection attempt,T1190 - Exploit Public-Facing Application,llm_candidate,0.9,"Rule detects command injection exploit attempt in Netgear DGN2200 ping.cgi (CVE-2017-6077), an exploitation of a public-facing web application. Candidate mapping requiring validation."
41699,3,SERVER-WEBAPP Netgear DGN2200 ping.cgi command injection attempt,T1190 - Exploit Public-Facing Application,llm_candidate,0.9,"Rule detects command injection exploit attempt in Netgear DGN2200 ping.cgi via URL-encoded ampersand (CVE-2017-6077), an exploitation of a public-facing web application. Candidate mapping requiring validation."
41700,3,SERVER-WEBAPP Netgear DGN2200 ping.cgi command injection attempt,T1190 - Exploit Public-Facing Application,llm_candidate,0.9,"Rule detects command injection exploit attempt in Netgear DGN2200 ping.cgi (CVE-2017-6077), an exploitation of a public-facing web application. Candidate mapping requiring validation."
41711,2,MALWARE-CNC Win.Trojan.Houdini variant initial outbound connection,T1071 - Application Layer Protocol,llm_candidate,0.6,"Rule detects a specific C2 beacon string ('new_slave') used by Houdini trojan over TCP, indicating use of an application layer protocol for command and control. Candidate mapping requiring validation."
41713,2,SERVER-WEBAPP DotNetNuke installation attempt detected,T1190 - Exploit Public-Facing Application,llm_candidate,0.9,"Rule detects unauthorized DotNetNuke installation attempt (CVE-2015-2794), an exploitation of a public-facing web application. Candidate mapping requiring validation."
41722,4,SERVER-OTHER Cisco IOS Smart Install protocol backup config command attempt,T1210 - Exploitation of Remote Services,llm_candidate,0.8,"Rule detects Cisco Smart Install protocol backup config command attempt, an exploitation of a remote network device management service. Candidate mapping requiring validation."
41725,4,SERVER-OTHER Cisco IOS Smart Install protocol version command attempt,T1210 - Exploitation of Remote Services,llm_candidate,0.8,"Rule detects Cisco Smart Install protocol version command attempt with TFTP, an exploitation of a remote network device management service. Candidate mapping requiring validation."
41748,3,SERVER-WEBAPP Netgear DGN2200 dnslookup.cgi command injection attempt,T1190 - Exploit Public-Facing Application,llm_candidate,0.9,"Rule detects command injection exploit attempt in Netgear DGN2200 dnslookup.cgi (CVE-2017-6334), an exploitation of a public-facing web application. Candidate mapping requiring validation."
41749,3,SERVER-WEBAPP Netgear DGN2200 dnslookup.cgi command injection attempt,T1190 - Exploit Public-Facing Application,llm_candidate,0.9,"Rule detects command injection exploit attempt in Netgear DGN2200 dnslookup.cgi (CVE-2017-6334), an exploitation of a public-facing web application. Candidate mapping requiring validation."
41750,3,SERVER-WEBAPP Netgear DGN2200 dnslookup.cgi command injection attempt,T1190 - Exploit Public-Facing Application,llm_candidate,0.9,"Rule detects command injection exploit attempt in Netgear DGN2200 dnslookup.cgi via URL-encoded ampersand (CVE-2017-6334), an exploitation of a public-facing web application. Candidate mapping requiring validation."
41751,3,SERVER-WEBAPP Netgear DGN2200 dnslookup.cgi command injection attempt,T1190 - Exploit Public-Facing Application,llm_candidate,0.9,"Rule detects command injection exploit attempt in Netgear DGN2200 dnslookup.cgi (CVE-2017-6334), an exploitation of a public-facing web application. Candidate mapping requiring validation."
41978,5,OS-WINDOWS Microsoft Windows SMB remote code execution attempt,T1021.002 - SMB/Windows Admin Shares,improved_heuristic_candidate,0.63,"SMB or administrative share indicator matched in msg, content context. Candidate mapping requiring validation."
42019,3,MALWARE-CNC User-Agent known malicious user-agent string - Andr.Trojan.Agent,T1071.001 - Web Protocols,llm_candidate,0.7,"Rule detects a known malicious User-Agent string ('Ray-Downer') used by Andr.Trojan.Agent in HTTP traffic, indicating command and control over web protocols. Candidate mapping requiring validation."
42021,3,MALWARE-CNC Andr.Trojan.Agent variant outbound connection,T1071.001 - Web Protocols,llm_candidate,0.7,"Rule detects specific URI pattern (/wroot/v3, .do, uuid=) used by Andr.Trojan.Agent for HTTP command and control. Candidate mapping requiring validation."
42059,2,MALWARE-CNC Win.Ransomware.Sage variant outbound connection,T1486 - Data Encrypted for Impact,improved_heuristic_candidate,0.61,Data encryption impact indicator matched in msg context. Candidate mapping requiring validation.
42128,2,MALWARE-CNC Win.Trojan.Ismdoor variant outbound connection,T1071.001 - Web Protocols,llm_candidate,0.7,Rule detects HTTP User-Agent 'WinHttpClient' and path '//Home/' used by Ismdoor trojan for command and control. Candidate mapping requiring validation.
42129,2,MALWARE-CNC Win.Trojan.Ismdoor variant outbound connection,T1071.001 - Web Protocols,llm_candidate,0.7,Rule detects HTTP parameters 'commandId=' and path '/Home/' used by Ismdoor trojan for command and control. Candidate mapping requiring validation.
42225,5,MALWARE-CNC Win.Trojan.RedLeaves outbound connection,T1071 - Application Layer Protocol,llm_candidate,0.6,"Rule detects a static 4-byte magic value (0x7A8D9BDC) used by RedLeaves trojan for C2 over raw TCP, indicating a custom application layer protocol. Candidate mapping requiring validation."
42255,4,OS-WINDOWS Microsoft Windows empty RDP cookie negotiation attempt,T1021.001 - Remote Desktop Protocol,improved_heuristic_candidate,0.65,"Remote Desktop Protocol indicator matched in msg, service context. Candidate mapping requiring validation."
42256,7,OS-WINDOWS Microsoft Windows SMB anonymous user session setup request detected,T1021.002 - SMB/Windows Admin Shares,improved_heuristic_candidate,0.63,"SMB or administrative share indicator matched in msg, content context. Candidate mapping requiring validation."
42332,8,MALWARE-CNC Win.Trojan.Doublepulsar variant ping command,T1021.002 - SMB/Windows Admin Shares,improved_heuristic_candidate,0.63,SMB or administrative share indicator matched in content context. Candidate mapping requiring validation.
42338,3,OS-WINDOWS Microsoft Windows SMB large NT RENAME transaction request memory leak attempt,T1021.002 - SMB/Windows Admin Shares,improved_heuristic_candidate,0.63,"SMB or administrative share indicator matched in msg, content context. Candidate mapping requiring validation."
42339,3,OS-WINDOWS Microsoft Windows SMB possible leak of kernel heap memory,T1021.002 - SMB/Windows Admin Shares,improved_heuristic_candidate,0.63,SMB or administrative share indicator matched in msg context. Candidate mapping requiring validation.
42398,4,MALWARE-CNC Win.Trojan.RedLeaves outbound connection,T1095 - Non-Application Layer Protocol,llm_candidate,0.6,"The rule matches a static byte pattern in raw TCP traffic associated with the RedLeaves trojan, indicating a custom non-application layer protocol for C2 communication. Candidate mapping requiring validation."
42857,4,SERVER-WEBAPP MVPower DVR Shell arbitrary command execution attempt,T1190 - Exploit Public-Facing Application,llm_candidate,0.9,"The rule detects an HTTP request to '/shell?' which attempts arbitrary command execution on a public-facing MVPower DVR web interface, consistent with exploitation of a public-facing application. Candidate mapping requiring validation."
42880,3,MALWARE-CNC Deputy Dog implant outbound connection,T1071.001 - Web Protocols,llm_candidate,0.9,"The rule identifies HTTP traffic containing 'Connect.php?id=' and 'SessionID:' parameters, characteristic of Deputy Dog malware using web protocols for C2. Candidate mapping requiring validation."
42881,3,MALWARE-CNC Deputy Dog implant outbound connection,T1071.001 - Web Protocols,llm_candidate,0.9,"The rule matches HTTP requests to '/JP-ja/js?' with a 'SessionID:' cookie, indicating Deputy Dog C2 communication over web protocols. Candidate mapping requiring validation."
42882,3,MALWARE-CNC ZoxPNG initial outbound connection,T1071.001 - Web Protocols,llm_candidate,0.8,"The rule detects HTTP requests mimicking Google search queries with a SESSIONID cookie, showing ZoxPNG malware using web protocols for initial C2. Candidate mapping requiring validation."
42883,4,MALWARE-CNC Win.Trojan.MadMax implant outbound connection attempt,T1071.001 - Web Protocols,llm_candidate,0.8,"The rule matches an HTTP GET request for '/mm.jpg' with a specific User-Agent, indicating MadMax malware using web protocols for C2. Candidate mapping requiring validation."
42884,3,MALWARE-CNC Win.Trojan.MadMax implant outbound connection,T1071.001 - Web Protocols,llm_candidate,0.8,"The rule identifies HTTP requests to '/logon.aspx?Id=' with a 'SessionData' cookie, consistent with MadMax C2 over web protocols. Candidate mapping requiring validation."
42885,2,MALWARE-CNC WashingTon ssl certificate negotiation attempt,T1573.002 - Asymmetric Cryptography,llm_candidate,0.85,"The rule detects SSL certificate negotiation containing 'WashingTon' and 'WebMaster@Microsoft.com', indicating the use of asymmetric cryptography for an encrypted C2 channel. Candidate mapping requiring validation."
42886,4,MALWARE-CNC HttpBrowser User-Agent outbound communication attmept,T1071.001 - Web Protocols,llm_candidate,0.9,"The rule matches the 'HttpBrowser/1.0' User-Agent string in HTTP traffic, a clear indicator of web protocol usage for C2. Candidate mapping requiring validation."
42944,2,OS-WINDOWS Microsoft Windows SMB remote code execution attempt,T1021.002 - SMB/Windows Admin Shares,improved_heuristic_candidate,0.63,"SMB or administrative share indicator matched in msg, content context. Candidate mapping requiring validation."
43004,5,SERVER-SAMBA Samba is_known_pipe arbitrary module load code execution attempt,T1021.002 - SMB/Windows Admin Shares,improved_heuristic_candidate,0.63,SMB or administrative share indicator matched in content context. Candidate mapping requiring validation.
43063,3,MALWARE-CNC Win.Trojan.Kabob outbound connection,T1071.001 - Web Protocols,llm_candidate,0.9,"The rule identifies HTTP traffic with a specific URL pattern (via PCRE) and a binary prefix, showing Kabob malware using web protocols for C2. Candidate mapping requiring validation."
43193,2,MALWARE-CNC Win.Trojan.HiddenCobra variant outbound connection,T1095 - Non-Application Layer Protocol,llm_candidate,0.6,"The rule matches a unique 6-byte binary pattern in raw TCP traffic associated with HiddenCobra, suggesting a custom non-application layer protocol. Candidate mapping requiring validation."
43194,2,MALWARE-CNC Win.Trojan.HiddenCobra variant outbound connection,T1095 - Non-Application Layer Protocol,llm_candidate,0.6,"Similar to the previous rule, a distinct 6-byte pattern in TCP traffic indicates a custom non-application layer protocol for HiddenCobra C2. Candidate mapping requiring validation."
43285,2,SERVER-WEBAPP /.svn/entries file access attempt,T1083 - File and Directory Discovery,llm_candidate,0.8,"The rule detects HTTP requests for '/.svn/entries', a file and directory discovery attempt targeting Subversion metadata on a web server. Candidate mapping requiring validation."
43286,2,SERVER-WEBAPP /cgi-bin/sh file access attempt,T1083 - File and Directory Discovery,llm_candidate,0.7,"The rule matches requests for '/cgi-bin/sh', an attempt to discover and potentially access a shell script on the web server. Candidate mapping requiring validation."
43290,2,SERVER-WEBAPP /ws_ftp.log file access attempt,T1083 - File and Directory Discovery,llm_candidate,0.7,"The rule identifies requests for '/ws_ftp.log', a file and directory discovery attempt targeting an FTP log file. Candidate mapping requiring validation."
43291,3,SERVER-WEBAPP Oracle Application Server 9i unauthenticated application deployment attempt,T1190 - Exploit Public-Facing Application,llm_candidate,0.85,"The rule detects access to '/soap/soaplet/soaprouter', an unauthenticated endpoint in Oracle Application Server 9i that allows arbitrary application deployment (CVE-2001-1371). Candidate mapping requiring validation."
43562,3,POLICY-OTHER Teleopti WFM database information request detected,T1046 - Network Service Discovery,llm_candidate,0.6,"The rule matches a request to a Teleopti WFM administration API endpoint 'GetOneTenant', which enumerates tenant information, consistent with network service discovery. Candidate mapping requiring validation."
43563,3,POLICY-OTHER Teleopti WFM administrative user credentials request detected,T1056 - Input Capture,improved_heuristic_candidate,0.68,Credential or input capture indicator matched in msg context. Candidate mapping requiring validation.
43564,3,POLICY-OTHER Teleopti WFM administrative user creation detected,T1136 - Create Account,llm_candidate,0.85,"The rule identifies a POST to '/TeleoptiWFM/Administration/AddFirstUser', directly indicating the creation of a new administrative account. Candidate mapping requiring validation."
43663,2,SERVER-OTHER WSFTP IpSwitch custom SITE command execution attempt,T1210 - Exploitation of Remote Services,llm_candidate,0.9,"The rule matches the FTP 'SITE SETC' command used to exploit a buffer overflow in WSFTP (CVE-2004-1885), which is exploitation of a remote service. Candidate mapping requiring validation."
43809,2,SERVER-WEBAPP Kaspersky Linux File Server WMC cross site request forgery attempt,T1190 - Exploit Public-Facing Application,llm_candidate,0.8,"The rule detects a CSRF attempt against the Kaspersky WMC interface via a crafted request to 'setTaskSettings', exploiting a public-facing web application. Candidate mapping requiring validation."
43810,2,SERVER-WEBAPP Kaspersky Linux File Server WMC directory traversal attempt,T1190 - Exploit Public-Facing Application,improved_heuristic_candidate,0.62,Web-facing exploit indicator matched in msg context. Candidate mapping requiring validation.
43811,2,SERVER-WEBAPP Kaspersky Linux File Server WMC directory traversal attempt,T1190 - Exploit Public-Facing Application,improved_heuristic_candidate,0.62,Web-facing exploit indicator matched in msg context. Candidate mapping requiring validation.
43812,2,SERVER-WEBAPP Kaspersky Linux File Server WMC directory traversal attempt,T1190 - Exploit Public-Facing Application,improved_heuristic_candidate,0.62,Web-facing exploit indicator matched in msg context. Candidate mapping requiring validation.
43813,2,SERVER-WEBAPP Kaspersky Linux File Server WMC cross site scripting attempt,T1190 - Exploit Public-Facing Application,llm_candidate,0.8,"Rule detects cross-site scripting exploitation attempt against a public-facing web application (Kaspersky WMC), matching Exploit Public-Facing Application. Candidate mapping requiring validation."
43825,2,MALWARE-CNC Osx.Trojan.XAgent outbound connection,T1071.001 - Web Protocols,llm_candidate,0.9,Rule detects specific HTTP request patterns used by Osx.Trojan.XAgent for command-and-control communication over web protocols. Candidate mapping requiring validation.
43957,2,SERVER-WEBAPP Ubiquiti Networks UniFi Cloud Key Firm v0.6.1 Host Remote Command Execution attempt,T1190 - Exploit Public-Facing Application,llm_candidate,0.85,"Rule detects command injection attempt in Host header against Ubiquiti UniFi Cloud Key, matching Exploit Public-Facing Application. Candidate mapping requiring validation."
43972,2,MALWARE-CNC Win.Trojan.Fareit variant outbound connection,T1071.001 - Web Protocols,llm_candidate,0.9,Rule detects characteristic HTTP POST to /gate.php with form boundary used by Fareit trojan for C2 over web protocols. Candidate mapping requiring validation.
43981,2,MALWARE-CNC Andr.Trojan.Femas variant outbound connection,T1071.001 - Web Protocols,llm_candidate,0.9,Rule detects specific HTTP request to /update/upfolder/updatefun.php with did parameter used by Femas Android trojan for C2 over web protocols. Candidate mapping requiring validation.
43982,2,MALWARE-CNC Andr.Trojan.Femas variant outbound connection,T1071.001 - Web Protocols,llm_candidate,0.9,Rule detects specific HTTP request to /pockemon/squirtle/functions.php with did parameter used by Femas Android trojan for C2 over web protocols. Candidate mapping requiring validation.
44005,3,SERVER-WEBAPP Cisco DDR2200 ADSL gateway command injection attempt,T1190 - Exploit Public-Facing Application,llm_candidate,0.85,"Rule detects command injection attempt in pingAddr parameter against Cisco DDR2200 gateway, matching Exploit Public-Facing Application. Candidate mapping requiring validation."
44006,3,SERVER-WEBAPP Cisco DDR2200 ADSL gateway command injection attempt,T1190 - Exploit Public-Facing Application,llm_candidate,0.85,"Rule detects command injection attempt with encoded ampersand in pingAddr parameter against Cisco DDR2200 gateway, matching Exploit Public-Facing Application. Candidate mapping requiring validation."
44007,3,SERVER-WEBAPP Cisco DDR2200 ADSL gateway command injection attempt,T1190 - Exploit Public-Facing Application,llm_candidate,0.85,"Rule detects command injection attempt with multiple shell metacharacters in pingAddr parameter against Cisco DDR2200 gateway, matching Exploit Public-Facing Application. Candidate mapping requiring validation."
44008,2,SERVER-WEBAPP Cisco DDR2200 ADSL gateway command injection attempt,T1190 - Exploit Public-Facing Application,llm_candidate,0.85,"Rule detects command injection attempt in multipart form data pingAddr parameter against Cisco DDR2200 gateway, matching Exploit Public-Facing Application. Candidate mapping requiring validation."
44399,2,MALWARE-CNC Win.Trojan.Trickbot self-signed certificate exchange,T1573.002 - Asymmetric Cryptography,llm_candidate,0.75,Rule detects Trickbot's self-signed TLS certificate exchange (asymmetric cryptography) used for encrypted C2 channel. Candidate mapping requiring validation.
44400,2,MALWARE-CNC Win.Trojan.Trickbot self-signed certificate exchange,T1573.002 - Asymmetric Cryptography,llm_candidate,0.75,Rule detects Trickbot's self-signed TLS certificate exchange (asymmetric cryptography) used for encrypted C2 channel. Candidate mapping requiring validation.
44401,2,MALWARE-CNC Win.Trojan.Trickbot self-signed certificate exchange,T1573.002 - Asymmetric Cryptography,llm_candidate,0.75,Rule detects Trickbot's self-signed TLS certificate exchange (asymmetric cryptography) used for encrypted C2 channel. Candidate mapping requiring validation.
44402,2,MALWARE-CNC Win.Trojan.Trickbot self-signed certificate exchange,T1573.002 - Asymmetric Cryptography,llm_candidate,0.75,Rule detects Trickbot's self-signed TLS certificate exchange (asymmetric cryptography) used for encrypted C2 channel. Candidate mapping requiring validation.
44469,2,MALWARE-CNC Potential hostile executable served from compromised or malicious WordPress site attempt,T1021.001 - Remote Desktop Protocol,improved_heuristic_candidate,0.65,Remote Desktop Protocol indicator matched in msg context. Candidate mapping requiring validation.
44470,2,MALWARE-CNC Potential hostile executable served from compromised or malicious WordPress site attempt,T1021.001 - Remote Desktop Protocol,improved_heuristic_candidate,0.65,Remote Desktop Protocol indicator matched in msg context. Candidate mapping requiring validation.
44591,2,MALWARE-CNC Win.Trojan.PandaZeus malicious certificate exchange,T1573.002 - Asymmetric Cryptography,llm_candidate,0.75,Rule detects PandaZeus's Let's Encrypt TLS certificate (asymmetric cryptography) used for encrypted C2 channel. Candidate mapping requiring validation.
44592,2,MALWARE-CNC Win.Trojan.PandaZeus self-signed certificate exchange,T1573.002 - Asymmetric Cryptography,llm_candidate,0.75,Rule detects PandaZeus's self-signed TLS certificate (asymmetric cryptography) used for encrypted C2 channel. Candidate mapping requiring validation.
44643,3,SERVER-OTHER Mikrotik RouterOS denial of service attempt,T1498.001 - Direct Network Flood,llm_candidate,0.8,"Rule detects specific TCP packet pattern exploiting Mikrotik RouterOS for denial of service, matching Direct Network Flood. Candidate mapping requiring validation."
44652,2,MALWARE-CNC Win.Zusy variant outbound connection,T1071.001 - Web Protocols,llm_candidate,0.9,Rule detects HTTP request to /QualityCheck/ni6.php used by Zusy trojan for C2 over web protocols. Candidate mapping requiring validation.
44678,4,POLICY-OTHER NetSupport Manager RAT outbound connection detected,T1219.002 - Remote Desktop Software,llm_candidate,0.85,"Rule detects User-Agent string of NetSupport Manager remote desktop software used as a RAT, matching Remote Desktop Software. Candidate mapping requiring validation."
44687,3,SERVER-WEBAPP Netgear DGN1000 series routers authentication bypass attempt,T1190 - Exploit Public-Facing Application,llm_candidate,0.8,"Rule detects authentication bypass attempt against Netgear DGN1000 routers via setup.cgi, matching Exploit Public-Facing Application. Candidate mapping requiring validation."
44688,4,SERVER-WEBAPP Netgear DGN1000 series routers arbitrary command execution attempt,T1190 - Exploit Public-Facing Application,llm_candidate,0.85,"Rule detects arbitrary command execution attempt via syscmd/cmd parameters against Netgear DGN1000 routers, matching Exploit Public-Facing Application. Candidate mapping requiring validation."
44698,3,SERVER-WEBAPP Internal field separator use in HTTP URI attempt,T1059 - Command and Scripting Interpreter,llm_candidate,0.6,"Detects '$IFS' in HTTP URI, indicating potential command injection via shell internal field separator; maps to Command and Scripting Interpreter. Candidate mapping requiring validation."
44699,3,SERVER-WEBAPP Internal field separator use in HTTP URI attempt,T1059 - Command and Scripting Interpreter,llm_candidate,0.6,"Detects '${IFS}' in HTTP URI, indicating potential command injection via shell variable expansion; maps to Command and Scripting Interpreter. Candidate mapping requiring validation."
44743,3,SERVER-OTHER libupnp command buffer overflow attempt,T1190 - Exploit Public-Facing Application,llm_candidate,0.9,Detects buffer overflow attempt against libupnp via SSDP (CVE-2012-5958/5962); maps to Exploit Public-Facing Application. Candidate mapping requiring validation.
44762,2,MALWARE-CNC Win.Trojan.KopiLuwak variant outbound request detected,T1071.001 - Web Protocols,llm_candidate,0.9,Detects outbound HTTP request with distinctive User-Agent and PCRE pattern matching KopiLuwak (Turla) malware C2 traffic; maps to Web Protocols. Candidate mapping requiring validation.
44763,2,MALWARE-CNC Win.Trojan.KopiLuwak variant outbound request detected,T1071.001 - Web Protocols,llm_candidate,0.9,Detects outbound HTTP request with distinctive byte pattern (%D0%8BTl%DC) associated with KopiLuwak (Turla) malware; maps to Web Protocols. Candidate mapping requiring validation.
44790,3,SERVER-WEBAPP MikroTik RouterOS cross site request forgery attempt,T1056 - Input Capture,improved_heuristic_candidate,0.68,Credential or input capture indicator matched in content context. Candidate mapping requiring validation.
44971,3,SERVER-OTHER QNAP transcode server command injection attempt,T1059 - Command and Scripting Interpreter,llm_candidate,0.6,Detects command injection attempt against QNAP transcode server via specific byte pattern; maps to Command and Scripting Interpreter. Candidate mapping requiring validation.
45001,3,SERVER-WEBAPP Netgear WNR2000 information leak attempt,T1083 - File and Directory Discovery,llm_candidate,0.6,Detects information leak attempt via access to specific file on Netgear router; maps to File and Directory Discovery. Candidate mapping requiring validation.
45062,3,MALWARE-CNC Win.Trojan.Neuron variant inbound service request detected,T1071.001 - Web Protocols,llm_candidate,0.9,Detects inbound HTTP request to EWS path with 'cadata=' parameter associated with Neuron (Turla) malware; maps to Web Protocols. Candidate mapping requiring validation.
45063,3,MALWARE-CNC Win.Trojan.Neuron variant inbound service request detected,T1071.001 - Web Protocols,llm_candidate,0.9,Duplicate of rule 3539; same detection logic for Neuron malware C2 via EWS; maps to Web Protocols. Candidate mapping requiring validation.
45064,3,MALWARE-CNC Win.Trojan.Neuron variant inbound service request detected,T1071.001 - Web Protocols,llm_candidate,0.9,Detects inbound HTTP request to IIS W3SVC path with 'cadata=' parameter associated with Neuron (Turla) malware; maps to Web Protocols. Candidate mapping requiring validation.
45065,3,MALWARE-CNC Win.Trojan.Neuron variant inbound service request detected,T1071.001 - Web Protocols,llm_candidate,0.9,Duplicate of rule 3541; same detection logic for Neuron malware C2 via IIS; maps to Web Protocols. Candidate mapping requiring validation.
45090,2,MALWARE-CNC Win.Backdoor.StoneDrill server selection outbound connection,T1071.001 - Web Protocols,llm_candidate,0.9,Detects outbound HTTP request to 'public/Check_Exist.php' associated with StoneDrill (Shamoon) malware server selection; maps to Web Protocols. Candidate mapping requiring validation.
45091,2,MALWARE-CNC Win.Backdoor.StoneDrill login outbound connection,T1056 - Input Capture,improved_heuristic_candidate,0.68,Credential or input capture indicator matched in content context. Candidate mapping requiring validation.
45092,2,MALWARE-CNC Win.Backdoor.StoneDrill get commands outbound connection,T1071.001 - Web Protocols,llm_candidate,0.9,Detects outbound HTTP request to '/insert/index?' with command-retrieval parameters associated with StoneDrill malware; maps to Web Protocols. Candidate mapping requiring validation.
45157,4,SERVER-OTHER SSDP M-SEARCH ssdp-all potential amplified distributed denial-of-service attempt,T1498.002 - Reflection Amplification,llm_candidate,0.95,Detects SSDP M-SEARCH with 'ssdp:all' used for reflection/amplification DDoS (CVE-2013-5211); maps to Reflection Amplification. Candidate mapping requiring validation.
45400,2,MALWARE-CNC Osx.Trojan.OceanLotus outbound connection attempt,T1071.001 - Web Protocols,llm_candidate,0.9,"Detects outbound HTTP request with distinctive parameters ('/sigstore.db?', 'k=', '?q=') associated with OceanLotus (APT32) malware; maps to Web Protocols. Candidate mapping requiring validation."
45412,3,SERVER-WEBAPP Asus RT-AC88U deleteOfflineClients memory corruption attempt,T1190 - Exploit Public-Facing Application,llm_candidate,0.9,Detects memory corruption exploit attempt against Asus router via oversized 'delete_offline_client' parameter (CVE-2017-12754); maps to Exploit Public-Facing Application. Candidate mapping requiring validation.
45545,3,MALWARE-CNC Osx.Trojan.SHLayer variant outbound connection,T1071.001 - Web Protocols,llm_candidate,0.7,Detects outbound HTTP request to '/screens/' with '==' pattern associated with SHLayer macOS malware; maps to Web Protocols. Candidate mapping requiring validation.
45555,3,SERVER-WEBAPP MikroTik RouterOS jsproxy readPostData memory corruption attempt,T1190 - Exploit Public-Facing Application,llm_candidate,0.9,Detects memory corruption exploit attempt against MikroTik jsproxy via large Content-Length; maps to Exploit Public-Facing Application. Candidate mapping requiring validation.
45563,3,MALWARE-CNC Unix.Trojan.Vpnfilter variant outbound connection attempt,T1071.001 - Web Protocols,llm_candidate,0.9,Detects outbound HTTP request with spoofed User-Agent string associated with VPNFilter malware; maps to Web Protocols. Candidate mapping requiring validation.
45564,4,MALWARE-CNC Unix.Trojan.Vpnfilter variant outbound connection attempt,T1071.001 - Web Protocols,llm_candidate,0.9,"Detects outbound HTTP request with distinctive header pattern (User-Agent, Host, Content-Type, no Cookie/Referer) associated with VPNFilter malware; maps to Web Protocols. Candidate mapping requiring validation."
45607,2,MALWARE-CNC Win.Trojan.Rokrat variant outbound connection detected,T1071.001 - Web Protocols,llm_candidate,0.9,"Detects outbound HTTP connections with specific query parameters (.php?id=, fp_vs=, os_vs=) indicative of command and control traffic over web protocol. Candidate mapping requiring validation."
45642,3,MALWARE-CNC Vbs.Trojan.Agent outbound connection,T1071.001 - Web Protocols,llm_candidate,0.8,Detects HTTP beacon with Content-Length: 0 and distinctive User-Agent pattern (-|-) associated with VBS trojan C2. Candidate mapping requiring validation.
45646,4,MALWARE-CNC Vbs.Trojan.Agent outbound system information disclosure,T1041 - Exfiltration Over C2 Channel,llm_candidate,0.85,"Detects POST request to /is-return with malicious User-Agent, indicating exfiltration of system information over C2 channel. Candidate mapping requiring validation."
45960,1,MALWARE-CNC Win.Trojan.Silverstar outbound connection,T1071.001 - Web Protocols,llm_candidate,0.9,Detects HTTP C2 communication with /api.php? endpoint and gpu= parameter typical of Silverstar trojan. Candidate mapping requiring validation.
45977,2,OS-WINDOWS Microsoft Windows SMB kernel heap memory leak attempt,T1021.002 - SMB/Windows Admin Shares,improved_heuristic_candidate,0.63,"SMB or administrative share indicator matched in msg, content context. Candidate mapping requiring validation."
45978,2,OS-WINDOWS Microsoft Windows SMB kernel heap memory leak attempt,T1021.002 - SMB/Windows Admin Shares,improved_heuristic_candidate,0.63,"SMB or administrative share indicator matched in msg, content context. Candidate mapping requiring validation."
46048,2,MALWARE-CNC Win.Trojan.Gen variant outbound communication,T1071.001 - Web Protocols,llm_candidate,0.8,Detects HTTP URI /A56WY associated with generic trojan C2 communication. Candidate mapping requiring validation.
46052,1,MALWARE-CNC User-Agent known malicious user-agent string Uploador - Win.Trojan.CrossRAT,T1041 - Exfiltration Over C2 Channel,improved_heuristic_candidate,0.58,"Exfiltration indicator matched in msg, content context. Candidate mapping requiring validation."
46069,1,MALWARE-CNC Win.Trojan.yty module request,T1105 - Ingress Tool Transfer,llm_candidate,0.85,"Detects HTTP module request with Expect: 100-continue and parameters (cnumber=, orname=) indicating ingress tool transfer. Candidate mapping requiring validation."
46076,2,NETBIOS MikroTik RouterOS buffer overflow attempt,T1210 - Exploitation of Remote Services,llm_candidate,0.9,Detects buffer overflow attempt against MikroTik RouterOS via NetBIOS (CVE-2018-7445). Candidate mapping requiring validation.
46080,4,SERVER-WEBAPP Linksys E-Series apply.cgi cross site scripting attempt,T1190 - Exploit Public-Facing Application,llm_candidate,0.9,Detects XSS attempt against Linksys apply.cgi via action= parameter. Candidate mapping requiring validation.
46081,4,SERVER-WEBAPP Linksys E-Series apply.cgi cross site scripting attempt,T1190 - Exploit Public-Facing Application,llm_candidate,0.9,Detects XSS attempt against Linksys apply.cgi via action= parameter (case-insensitive). Candidate mapping requiring validation.
46082,3,SERVER-WEBAPP Linksys E-Series apply.cgi ping function command injection attempt,T1190 - Exploit Public-Facing Application,llm_candidate,0.95,Detects command injection in ping function of Linksys apply.cgi (CVE-2013-3307). Candidate mapping requiring validation.
46083,3,SERVER-WEBAPP Linksys E-Series apply.cgi directory traversal attempt,T1190 - Exploit Public-Facing Application,improved_heuristic_candidate,0.62,Web-facing exploit indicator matched in msg context. Candidate mapping requiring validation.
46084,3,SERVER-WEBAPP Linksys E-Series apply.cgi directory traversal attempt,T1190 - Exploit Public-Facing Application,improved_heuristic_candidate,0.62,Web-facing exploit indicator matched in msg context. Candidate mapping requiring validation.
46085,3,SERVER-WEBAPP Linksys E-Series apply.cgi ping function command injection attempt,T1190 - Exploit Public-Facing Application,llm_candidate,0.95,Detects command injection in ping_ parameters of Linksys apply.cgi (CVE-2013-3307). Candidate mapping requiring validation.
46086,3,SERVER-WEBAPP Linksys E-Series apply.cgi ping function command injection attempt,T1190 - Exploit Public-Facing Application,llm_candidate,0.9,Detects command injection with encoded ampersand in ping_ parameters of Linksys apply.cgi. Candidate mapping requiring validation.
46123,3,PROTOCOL-OTHER use of undocumented ScMM test interface in Cisco small business devices detected,T1210 - Exploitation of Remote Services,llm_candidate,0.7,"Rule detects use of undocumented ScMM test interface (CVE-2014-0659) in Cisco devices, indicating exploitation of a remote service. Candidate mapping requiring validation."
46124,3,PROTOCOL-OTHER use of undocumented ScMM test interface in Cisco small business devices detected,T1210 - Exploitation of Remote Services,llm_candidate,0.7,"Same as previous rule, detects ScMM string associated with CVE-2014-0659 exploitation of remote service. Candidate mapping requiring validation."
46129,2,MALWARE-CNC Win.Trojan.HW32 variant outbound connection,T1071.001 - Web Protocols,llm_candidate,0.85,"Rule matches HTTP C2 traffic patterns (Cpa=+EXEC+, encoded characters) for Win.Trojan.HW32, indicating command and control over web protocol. Candidate mapping requiring validation."
46136,1,MALWARE-CNC Win.Trojan.Banbra variant outbound connection,T1071.001 - Web Protocols,llm_candidate,0.85,"Rule detects HTTP C2 traffic with specific User-Agent and parameters (remetente, destinatario) for Banbra trojan. Candidate mapping requiring validation."
46137,2,MALWARE-CNC Win.Trojan.Cidox variant outbound connection attempt,T1071.001 - Web Protocols,llm_candidate,0.85,Rule matches HTTP POST to /b/req/ with characteristic headers for Cidox trojan C2 communication. Candidate mapping requiring validation.
46287,3,SERVER-WEBAPP Linksys E series denial of service attempt,T1498.001 - Direct Network Flood,llm_candidate,0.75,"Rule detects request to mfgtst.cgi on Linksys devices, a known denial-of-service vector (direct network flood). Candidate mapping requiring validation."
46297,3,SERVER-WEBAPP QNAP VioStor NVR and QNAP NAS command injection attempt,T1190 - Exploit Public-Facing Application,llm_candidate,0.9,"Rule detects command injection attempt via pingping.cgi (CVE-2013-0143) on QNAP devices, exploiting a public-facing web application. Candidate mapping requiring validation."
46298,3,SERVER-WEBAPP QNAP VioStor NVR and QNAP NAS command injection attempt,T1190 - Exploit Public-Facing Application,llm_candidate,0.9,"Same vulnerability, detects URL-encoded command injection attempt. Candidate mapping requiring validation."
46299,3,SERVER-WEBAPP QNAP VioStor NVR and QNAP NAS command injection attempt,T1190 - Exploit Public-Facing Application,llm_candidate,0.9,Comprehensive command injection detection for same CVE-2013-0143. Candidate mapping requiring validation.
46300,3,SERVER-WEBAPP QNAP VioStor NVR and QNAP NAS command injection attempt,T1190 - Exploit Public-Facing Application,llm_candidate,0.9,Detects command injection via multipart form data in same QNAP CGI. Candidate mapping requiring validation.
46301,2,SERVER-OTHER QNAP QTS X-Forwarded-For buffer overflow,T1190 - Exploit Public-Facing Application,llm_candidate,0.85,Detects buffer overflow via oversized X-Forwarded-For header in QNAP filemanager CGI. Candidate mapping requiring validation.
46305,2,SERVER-WEBAPP QNAP WTS 4.2.1 command injection attempt,T1021.002 - SMB/Windows Admin Shares,improved_heuristic_candidate,0.63,"SMB or administrative share indicator matched in content, pcre context. Candidate mapping requiring validation."
46306,2,SERVER-WEBAPP QNAP WTS 4.2.1 command injection attempt,T1021.002 - SMB/Windows Admin Shares,improved_heuristic_candidate,0.63,"SMB or administrative share indicator matched in content, pcre context. Candidate mapping requiring validation."
46307,2,SERVER-WEBAPP QNAP WTS 4.2.1 command injection attempt,T1021.002 - SMB/Windows Admin Shares,improved_heuristic_candidate,0.63,"SMB or administrative share indicator matched in content, pcre context. Candidate mapping requiring validation."
46308,2,SERVER-WEBAPP QNAP WTS 4.2.1 command injection attempt,T1021.002 - SMB/Windows Admin Shares,improved_heuristic_candidate,0.63,"SMB or administrative share indicator matched in content, pcre context. Candidate mapping requiring validation."
46309,2,SERVER-OTHER QNAP NVR/NAS Heap/Stack Overflow attempt,T1190 - Exploit Public-Facing Application,llm_candidate,0.8,Detects heap/stack overflow via long password parameter in QNAP cgi.cgi. Candidate mapping requiring validation.
46310,2,SERVER-OTHER QNAP NVR/NAS Heap/Stack Overflow attempt,T1190 - Exploit Public-Facing Application,llm_candidate,0.8,Detects heap/stack overflow via long username parameter in same CGI. Candidate mapping requiring validation.
46315,3,SERVER-WEBAPP Joomla restore.php PHP object injection attempt,T1190 - Exploit Public-Facing Application,llm_candidate,0.9,"Detects PHP object injection exploit (CVE-2014-7228) in Joomla restore.php, exploiting public-facing application. Candidate mapping requiring validation."
46316,5,SERVER-WEBAPP Drupal 8 remote code execution attempt,T1190 - Exploit Public-Facing Application,improved_heuristic_candidate,0.62,Web-facing exploit indicator matched in msg context. Candidate mapping requiring validation.
46317,3,SERVER-OTHER NETGEAR TelnetEnable attempt,T1210 - Exploitation of Remote Services,llm_candidate,0.8,Detects Netgear TelnetEnable magic packets (TCP) used to exploit remote service and enable unauthorized telnet access. Candidate mapping requiring validation.
46318,3,SERVER-OTHER NETGEAR TelnetEnable attempt,T1210 - Exploitation of Remote Services,llm_candidate,0.8,Same TelnetEnable exploit attempt over UDP. Candidate mapping requiring validation.
46322,2,SERVER-WEBAPP Netgear DGN2200B stored cross-site scripting attempt,T1190 - Exploit Public-Facing Application,llm_candidate,0.85,"Detects stored XSS payload injection via ssid parameter in Netgear DGN2200B, exploiting web application vulnerability. Candidate mapping requiring validation."
46323,2,SERVER-WEBAPP Netgear DGN2200B stored cross-site scripting attempt,T1190 - Exploit Public-Facing Application,llm_candidate,0.8,"Rule detects stored cross-site scripting payloads targeting a Netgear router web interface, which is an exploitation attempt against a public-facing web application. Candidate mapping requiring validation."
46335,3,SERVER-OTHER QNAP QTS hard coded credential access attempt,T1056 - Input Capture,improved_heuristic_candidate,0.68,Credential or input capture indicator matched in msg context. Candidate mapping requiring validation.
46339,3,MALWARE-CNC Win.Ransomware.Matrix outbound connection,T1486 - Data Encrypted for Impact,improved_heuristic_candidate,0.61,Data encryption impact indicator matched in msg context. Candidate mapping requiring validation.
46340,3,SERVER-WEBAPP Akeeba Kickstart restoration.php reconnaissance attempt,T1190 - Exploit Public-Facing Application,llm_candidate,0.7,"Rule detects requests to a vulnerable Akeeba Kickstart restoration.php file, an exploitation attempt against a public-facing Joomla component. Candidate mapping requiring validation."
46341,3,SERVER-WEBAPP Akeeba Kickstart cross site request forgery attempt,T1190 - Exploit Public-Facing Application,llm_candidate,0.7,"Rule matches a cross-site request forgery attack targeting the Joomla update component, an exploitation of a public-facing web application. Candidate mapping requiring validation."
46342,3,SERVER-OTHER QNAP QTS cross site request forgery attempt,T1190 - Exploit Public-Facing Application,llm_candidate,0.7,"Rule detects a CSRF attempt to create a user on QNAP QTS via a vulnerable CGI script, exploiting a public-facing web interface. Candidate mapping requiring validation."
46376,2,SERVER-OTHER libgd heap-overflow attempt,T1190 - Exploit Public-Facing Application,llm_candidate,0.8,"Rule identifies a malicious GD2 image header crafted to trigger a heap overflow in libgd, an exploitation attempt against a public-facing web service. Candidate mapping requiring validation."
46377,2,SERVER-OTHER libgd heap-overflow attempt,T1190 - Exploit Public-Facing Application,llm_candidate,0.8,Duplicate of rule 46376; same libgd heap-overflow exploit attempt against a public-facing web application. Candidate mapping requiring validation.
46378,1,MALWARE-CNC Win.Trojan.Dropper variant outbound connection,T1105 - Ingress Tool Transfer,improved_heuristic_candidate,0.64,Tool transfer indicator matched in msg context. Candidate mapping requiring validation.
46416,2,MALWARE-CNC Win.Spyware.Autoit outbound connection,T1071.001 - Web Protocols,llm_candidate,0.8,Rule detects a specific hex signature (JPEG header) in HTTP traffic associated with Win.Spyware.Autoit command-and-control communication. Candidate mapping requiring validation.
46421,1,MALWARE-CNC Win.Trojan.Kraens delivery attempt,T1105 - Ingress Tool Transfer,llm_candidate,0.7,"Rule identifies a JSON-like pattern and RES_OK string in HTTP/FTP/IMAP/POP3 traffic used for delivering the Kraens trojan, indicating ingress tool transfer. Candidate mapping requiring validation."
46422,1,MALWARE-CNC Win.Trojan.Kraens delivery attempt,T1071.003 - Mail Protocols,llm_candidate,0.6,"Same Kraens delivery pattern observed over SMTP, suggesting command-and-control or tool transfer via mail protocols. Candidate mapping requiring validation."
46423,2,MALWARE-CNC Win.Trojan.Kraens initial outbound request,T1071.001 - Web Protocols,llm_candidate,0.8,Rule matches the initial HTTP POST to /up_d.php with a JSON indicator used by Kraens trojan for command-and-control beaconing. Candidate mapping requiring validation.
46433,2,MALWARE-CNC Win.Adware.Doyo initial connection,T1071.001 - Web Protocols,llm_candidate,0.8,Rule detects a unique data parameter in HTTP requests used by Adware.Doyo for initial command-and-control connection. Candidate mapping requiring validation.
46434,2,MALWARE-CNC Win.Adware.Doyo client outbound connection,T1071.001 - Web Protocols,llm_candidate,0.8,Rule identifies a specific binary protocol header in HTTP traffic used by Adware.Doyo for ongoing command-and-control communication. Candidate mapping requiring validation.
46485,2,SERVER-WEBAPP TwonkyMedia server directory listing attempt,T1083 - File and Directory Discovery,llm_candidate,0.7,"Rule detects requests to the TwonkyMedia /rpc/dir endpoint with a path parameter, indicating file and directory discovery via a public-facing web service. Candidate mapping requiring validation."
46487,1,MALWARE-CNC Win.Trojan.Ammy heartbeat,T1071.001 - Web Protocols,llm_candidate,0.8,"Rule matches HTTP heartbeat parameters (id, os, priv, cred, pcname) sent by the Ammy trojan for command-and-control over web protocols. Candidate mapping requiring validation."
46501,1,MALWARE-CNC Win.Trojan.Agent outbound request,T1071.001 - Web Protocols,llm_candidate,0.8,"Rule identifies characteristic HTTP query parameters (.php?&1001=, 99=, f1=) used by Win.Trojan.Agent for command-and-control communication. Candidate mapping requiring validation."
46502,1,MALWARE-CNC Win.Trojan.Agent outbound request,T1071.001 - Web Protocols,llm_candidate,0.8,"Similar to rule 46501, detects Agent trojan C2 parameters with a regex for numeric keys, indicating web-based command-and-control. Candidate mapping requiring validation."
46510,1,SERVER-WEBAPP Belkin N750 F9K1103 wireless router command injection attempt,T1190 - Exploit Public-Facing Application,llm_candidate,0.8,"Rule detects command injection attempts via the path parameter in Belkin router's twonky_cmd.cgi, exploiting a public-facing web application. Candidate mapping requiring validation."
46511,1,SERVER-WEBAPP Belkin N750 F9K1103 wireless router command injection attempt,T1190 - Exploit Public-Facing Application,llm_candidate,0.8,Rule matches URL-encoded ampersand (%26) in the path parameter for command injection against the same Belkin endpoint. Candidate mapping requiring validation.
46512,1,SERVER-WEBAPP Belkin N750 F9K1103 wireless router command injection attempt,T1190 - Exploit Public-Facing Application,llm_candidate,0.8,Comprehensive command injection detection for the path parameter including encoded and raw shell metacharacters against Belkin twonky_cmd.cgi. Candidate mapping requiring validation.
46513,1,SERVER-WEBAPP Belkin N750 F9K1103 wireless router command injection attempt,T1190 - Exploit Public-Facing Application,llm_candidate,0.8,Rule identifies command injection in multipart form-data path parameter via Content-Disposition headers targeting Belkin router. Candidate mapping requiring validation.
46514,1,SERVER-WEBAPP Belkin N750 F9K1103 wireless router command injection attempt,T1190 - Exploit Public-Facing Application,llm_candidate,0.8,"Rule detects command injection via the url parameter in Belkin's proxy.cgi, exploiting a public-facing web application. Candidate mapping requiring validation."
46515,1,SERVER-WEBAPP Belkin N750 F9K1103 wireless router command injection attempt,T1190 - Exploit Public-Facing Application,llm_candidate,0.8,Rule matches URL-encoded ampersand (%26) in the url parameter for command injection against Belkin proxy.cgi. Candidate mapping requiring validation.
46516,1,SERVER-WEBAPP Belkin N750 F9K1103 wireless router command injection attempt,T1190 - Exploit Public-Facing Application,llm_candidate,0.8,"Rule detects command injection attempts against the Belkin router's web interface (/proxy.cgi), which is exploitation of a public-facing application. Candidate mapping requiring validation."
46517,1,SERVER-WEBAPP Belkin N750 F9K1103 wireless router command injection attempt,T1190 - Exploit Public-Facing Application,llm_candidate,0.8,"Rule detects command injection via multipart form upload to the router's web interface, indicating exploitation of a public-facing application. Candidate mapping requiring validation."
46518,2,SERVER-WEBAPP Belkin N750 F9K1103 wireless router remote telnet enable attempt,T1190 - Exploit Public-Facing Application,llm_candidate,0.7,"Rule detects attempts to enable remote telnet via the router's web management interface, which constitutes exploitation of a public-facing application to modify device configuration. Candidate mapping requiring validation."
46519,2,SERVER-WEBAPP Belkin N750 F9K1103 wireless router remote telnet enable attempt,T1190 - Exploit Public-Facing Application,llm_candidate,0.7,Duplicate of rule 3653; same exploitation of public-facing web interface to enable telnet. Candidate mapping requiring validation.
46612,1,MALWARE-CNC Win.Trojan.Unruy outbound callout,T1071.001 - Web Protocols,llm_candidate,0.9,Rule matches a specific HTTP callout pattern used by Win.Trojan.Unruy for command-and-control communication over web protocols. Candidate mapping requiring validation.
46665,1,SERVER-WEBAPP Digital Guardian Management Console arbitrary file upload attempt,T1041 - Exfiltration Over C2 Channel,improved_heuristic_candidate,0.58,Exfiltration indicator matched in msg context. Candidate mapping requiring validation.
46666,1,SERVER-WEBAPP Digital Guardian Management Console arbitrary file upload attempt,T1041 - Exfiltration Over C2 Channel,improved_heuristic_candidate,0.58,Exfiltration indicator matched in msg context. Candidate mapping requiring validation.
46743,1,MALWARE-CNC Win.Trojan.Dropper initial outbound connection attempt,T1105 - Ingress Tool Transfer,improved_heuristic_candidate,0.64,Tool transfer indicator matched in msg context. Candidate mapping requiring validation.
46747,1,MALWARE-CNC Win.Trojan.Qarallax outbound connection,T1095 - Non-Application Layer Protocol,llm_candidate,0.7,"Rule matches a custom binary protocol (""nemesis"" string) over TCP with no standard application layer, indicating non-application layer protocol C2. Candidate mapping requiring validation."
46748,1,MALWARE-CNC Win.Trojan.Qarallax outbound connection,T1095 - Non-Application Layer Protocol,llm_candidate,0.7,"Rule matches another custom binary pattern (""child"", ""magic\)) for the same malware, confirming non-standard protocol C2. Candidate mapping requiring validation."
46773,1,SERVER-WEBAPP Nagios XI SQL injection attempt,T1190 - Exploit Public-Facing Application,improved_heuristic_candidate,0.62,Web-facing exploit indicator matched in msg context. Candidate mapping requiring validation.
46774,1,SERVER-WEBAPP NagiosXI SQL injection attempt,T1190 - Exploit Public-Facing Application,improved_heuristic_candidate,0.62,Web-facing exploit indicator matched in msg context. Candidate mapping requiring validation.
46775,1,SERVER-WEBAPP Nagios XI command injection attempt,T1190 - Exploit Public-Facing Application,llm_candidate,0.8,"Rule detects command injection via the command_data parameter in Nagios XI's backend, exploiting a public-facing application. Candidate mapping requiring validation."
46776,1,SERVER-WEBAPP Nagios XI command injection attempt,T1190 - Exploit Public-Facing Application,llm_candidate,0.8,"Rule looks for ampersand injection in command_data, another command injection variant against the same web application. Candidate mapping requiring validation."
46777,1,SERVER-WEBAPP Nagios XI command injection attempt,T1190 - Exploit Public-Facing Application,llm_candidate,0.8,"Broader command injection detection for command_data parameter, same exploitation of public-facing app. Candidate mapping requiring validation."
46778,1,SERVER-WEBAPP Nagios XI command injection attempt,T1190 - Exploit Public-Facing Application,llm_candidate,0.8,"Command injection detection in multipart form data for command_data, same technique. Candidate mapping requiring validation."
46779,2,SERVER-WEBAPP Nagios XI database settings modification attempt,T1190 - Exploit Public-Facing Application,llm_candidate,0.7,"Rule detects attempts to modify Nagios XI database settings via the web interface, which is exploitation of a public-facing application to alter configuration. Candidate mapping requiring validation."
46782,6,MALWARE-CNC Unix.Trojan.Vpnfilter variant SSL connection attempt,T1071.001 - Web Protocols,llm_candidate,0.8,"Rule matches a specific SSL certificate blob used by VPNFilter malware for C2 over HTTPS, which is web protocol communication. Candidate mapping requiring validation."
46783,6,MALWARE-CNC Unix.Trojan.Vpnfilter variant SSL connection attempt,T1071.001 - Web Protocols,llm_candidate,0.8,Duplicate certificate pattern detection for the same malware variant. Candidate mapping requiring validation.
46787,1,MALWARE-CNC Andr.Trojan.ZooPark outbound connection attempt,T1071.001 - Web Protocols,llm_candidate,0.9,Rule identifies HTTP requests to specific PHP endpoints used by Andr.Trojan.ZooPark for C2 over web protocols. Candidate mapping requiring validation.
46788,1,MALWARE-CNC Andr.Trojan.ZooPark outbound connection attempt,T1071.001 - Web Protocols,llm_candidate,0.9,Another endpoint used by the same Android malware for C2 over HTTP. Candidate mapping requiring validation.
46789,1,MALWARE-CNC Andr.Trojan.ZooPark outbound connection attempt,T1071.001 - Web Protocols,llm_candidate,0.9,"Rule matches a third C2 endpoint with parameters for data exfiltration, all over HTTP. Candidate mapping requiring validation."
46790,1,MALWARE-CNC Andr.Trojan.ZooPark outbound connection attempt,T1041 - Exfiltration Over C2 Channel,improved_heuristic_candidate,0.58,Exfiltration indicator matched in content context. Candidate mapping requiring validation.
46802,1,SERVER-WEBAPP Anti-Web directory traversal attempt,T1190 - Exploit Public-Facing Application,improved_heuristic_candidate,0.62,Web-facing exploit indicator matched in msg context. Candidate mapping requiring validation.
46803,1,SERVER-WEBAPP Anti-Web directory traversal attempt,T1190 - Exploit Public-Facing Application,improved_heuristic_candidate,0.62,Web-facing exploit indicator matched in msg context. Candidate mapping requiring validation.
46804,1,SERVER-WEBAPP Anti-Web directory traversal attempt,T1190 - Exploit Public-Facing Application,improved_heuristic_candidate,0.62,Web-facing exploit indicator matched in msg context. Candidate mapping requiring validation.
46805,1,SERVER-WEBAPP BA Systems BAS Web information disclosure attempt,T1190 - Exploit Public-Facing Application,llm_candidate,0.8,"The rule targets a specific endpoint known to disclose information, indicating an exploit attempt against a public-facing web application. Candidate mapping requiring validation."
46806,1,SERVER-WEBAPP BA Systems BAS Web information disclosure attempt,T1190 - Exploit Public-Facing Application,llm_candidate,0.8,"Similar to the previous rule, it detects access to a sensitive endpoint, representing an exploit attempt against a public-facing web application. Candidate mapping requiring validation."
46817,1,SERVER-WEBAPP FLIR Breakstream 2300 unauthenticated information disclosure attempt,T1190 - Exploit Public-Facing Application,llm_candidate,0.8,"The rule detects an unauthenticated information disclosure attempt via a specific CGI endpoint, which is an exploit against a public-facing web application. Candidate mapping requiring validation."
46818,1,MALWARE-CNC Win.Ransomware.Satan outbound connection,T1486 - Data Encrypted for Impact,improved_heuristic_candidate,0.61,Data encryption impact indicator matched in msg context. Candidate mapping requiring validation.
46827,2,MALWARE-CNC Win.Trojan.Dunihi outbound connection,T1095 - Non-Application Layer Protocol,llm_candidate,0.7,"The rule matches a static binary pattern (certificate-like) in a TCP stream with no application-layer protocol identified, suggesting a non-application layer protocol for C2. Candidate mapping requiring validation."
46839,1,MALWARE-CNC Win.Trojan.RedLeaves variant outbound connection,T1071.001 - Web Protocols,llm_candidate,0.9,The rule detects a specific HTTP POST request pattern used by the RedLeaves trojan for command and control over web protocols. Candidate mapping requiring validation.
46847,1,OS-LINUX Red Hat NetworkManager DHCP client command injection attempt,T1210 - Exploitation of Remote Services,llm_candidate,0.85,"The rule detects a command injection attempt via a malicious DHCP packet, exploiting a vulnerability in a remote network service (NetworkManager). Candidate mapping requiring validation."
46873,1,MALWARE-CNC Win.Trojan.CowerSnail initial outbound connection attempt,T1071 - Application Layer Protocol,llm_candidate,0.85,"The rule identifies IRC-based C2 traffic (JOIN channel command) for the CowerSnail trojan, which uses an application layer protocol not covered by the specific sub-techniques. Candidate mapping requiring validation."
46885,1,MALWARE-CNC Win.Trojan.Joanap variant outbound connection,T1071.003 - Mail Protocols,llm_candidate,0.9,The rule matches SMTP email messages with specific recipient and subject lines used by the Joanap trojan for C2 over mail protocols. Candidate mapping requiring validation.
46895,1,MALWARE-CNC Win.Trojan.Nocturnal outbound connection,T1071.001 - Web Protocols,llm_candidate,0.9,"The rule detects HTTP POST requests to a known Nocturnal trojan C2 gate with characteristic parameters, indicating web protocol C2. Candidate mapping requiring validation."
46922,1,MALWARE-CNC Win.Trojan.Fareit variant outbound connection,T1071.001 - Web Protocols,llm_candidate,0.85,"The rule identifies HTTP requests to a Fareit trojan panel logout endpoint, representing C2 over web protocols. Candidate mapping requiring validation."
46936,1,MALWARE-CNC Win.Trojan.Dropper outbound connection,T1105 - Ingress Tool Transfer,improved_heuristic_candidate,0.64,Tool transfer indicator matched in msg context. Candidate mapping requiring validation.
46966,1,MALWARE-CNC Win.Trojan.Danabot outbound connection,T1071.001 - Web Protocols,llm_candidate,0.9,The rule detects HTTP requests with specific query parameters (m=S) used by the Danabot trojan for C2 over web protocols. Candidate mapping requiring validation.
46967,1,MALWARE-CNC Win.Trojan.Danabot outbound connection,T1071.001 - Web Protocols,llm_candidate,0.9,"Similar to the previous rule, it detects Danabot C2 traffic with m=F parameter over HTTP. Candidate mapping requiring validation."
46968,1,MALWARE-CNC Win.Trojan.Danabot outbound connection,T1071.001 - Web Protocols,llm_candidate,0.9,"Similar to the previous rules, it detects Danabot C2 traffic with m=T parameter over HTTP. Candidate mapping requiring validation."
46969,1,MALWARE-CNC Win.Trojan.Autophyte dropper variant outbound connection,T1105 - Ingress Tool Transfer,improved_heuristic_candidate,0.64,Tool transfer indicator matched in msg context. Candidate mapping requiring validation.
46970,1,MALWARE-CNC Win.Trojan.Autophyte RAT variant outbound connection,T1071.001 - Web Protocols,llm_candidate,0.85,The rule matches multipart form-data POSTs with specific field names used by the Autophyte RAT for C2 over HTTP. Candidate mapping requiring validation.
46979,2,INDICATOR-COMPROMISE Microsoft Office Discovery User-Agent to a potential URL shortener service,T1071.001 - Web Protocols,llm_candidate,0.7,"The rule detects HTTP OPTIONS requests with a Microsoft Office Discovery User-Agent, which is an indicator of compromise but only generically maps to web protocol usage. Candidate mapping requiring validation."
46980,2,INDICATOR-COMPROMISE Microsoft Office Discovery User-Agent to a potential URL shortener service,T1071.001 - Web Protocols,llm_candidate,0.7,"Similar to the previous rule, it detects HTTP HEAD requests with the same Microsoft Office Discovery User-Agent. Candidate mapping requiring validation."
46981,1,MALWARE-CNC Win.Trojan.Orcus RAT inbound SSL certificate,T1573.002 - Asymmetric Cryptography,llm_candidate,0.8,"The rule matches an SSL certificate containing 'Orcus Server', indicating the use of an encrypted channel (asymmetric cryptography) for C2. Candidate mapping requiring validation."
46983,1,INDICATOR-COMPROMISE Microsoft cmd.exe banner,T1059.003 - Windows Command Shell,improved_heuristic_candidate,0.74,Windows command shell indicator matched in msg context. Candidate mapping requiring validation.
47005,1,MALWARE-CNC Win.Trojan.SocketPlayer outbound connection,T1071.001 - Web Protocols,llm_candidate,0.9,The rule identifies an HTTP POST to a specific upload endpoint used by the SocketPlayer trojan for C2 over web protocols. Candidate mapping requiring validation.
47006,2,MALWARE-CNC Win.Trojan.SocketPlayer outbound connection,T1041 - Exfiltration Over C2 Channel,improved_heuristic_candidate,0.58,Exfiltration indicator matched in content context. Candidate mapping requiring validation.
47067,1,MALWARE-CNC Win.Trojan.TechSupportScam installed binary outbound connection,T1071.001 - Web Protocols,llm_candidate,0.85,"The rule matches HTTP requests to a TechSupportScam C2 endpoint with a 'code' parameter, representing web protocol C2. Candidate mapping requiring validation."
47068,1,MALWARE-CNC Win.Trojan.TechSupportScam installed binary outbound connection,T1071.001 - Web Protocols,llm_candidate,0.85,"Rule detects HTTP POST to /register.php with parameters and missing User-Agent, consistent with malware C2 communication over web protocol. Candidate mapping requiring validation."
47069,1,MALWARE-CNC Win.Trojan.TechSupportScam installed binary outbound connection,T1071.001 - Web Protocols,llm_candidate,0.85,"Rule detects HTTP request to /update_new.php with code parameter and no User-Agent, indicative of C2 check-in over HTTP. Candidate mapping requiring validation."
47093,2,PUA-ADWARE Win.Adware.Pbot variant outbound connection,T1071.001 - Web Protocols,llm_candidate,0.8,"Rule matches HTTP request to /installstarted with installation telemetry parameters, showing adware reporting to C2 via web protocol. Candidate mapping requiring validation."
47094,2,PUA-ADWARE Win.Adware.Pbot variant outbound connection,T1041 - Exfiltration Over C2 Channel,llm_candidate,0.8,"Rule detects HTTP POST to /collect.php with identifiers and action parameters, consistent with data exfiltration and C2 over HTTP. Candidate mapping requiring validation."
47094,2,PUA-ADWARE Win.Adware.Pbot variant outbound connection,T1071.001 - Web Protocols,llm_candidate,0.8,"Rule detects HTTP POST to /collect.php with identifiers and action parameters, consistent with data exfiltration and C2 over HTTP. Candidate mapping requiring validation."
47095,2,PUA-ADWARE Win.Adware.Pbot variant outbound connection,T1071.001 - Web Protocols,llm_candidate,0.8,"Rule matches HTTP request to /installended with telemetry parameters, indicating C2 communication via web protocol. Candidate mapping requiring validation."
47177,1,MALWARE-CNC Win.Trojan.NukeSped RAT variant outbound communication,T1095 - Non-Application Layer Protocol,llm_candidate,0.75,"Rule matches a specific binary pattern over raw TCP with no standard application protocol, characteristic of non-application layer C2 protocol. Candidate mapping requiring validation."
47178,2,MALWARE-CNC Win.Trojan.NukeSped RAT variant outbound connection,T1095 - Non-Application Layer Protocol,llm_candidate,0.75,"Rule detects a fixed 4-byte header over TCP without line endings, indicating a custom non-standard protocol for C2. Candidate mapping requiring validation."
47338,1,MALWARE-CNC Win.Trojan.ARS VBS loader outbound connection,T1041 - Exfiltration Over C2 Channel,llm_candidate,0.85,"Rule captures HTTP GET with system information (OS, user, AV, firewall, HWID) sent to C2, showing both web protocol C2 and data exfiltration. Candidate mapping requiring validation."
47338,1,MALWARE-CNC Win.Trojan.ARS VBS loader outbound connection,T1071.001 - Web Protocols,llm_candidate,0.85,"Rule captures HTTP GET with system information (OS, user, AV, firewall, HWID) sent to C2, showing both web protocol C2 and data exfiltration. Candidate mapping requiring validation."
47386,2,SERVER-WEBAPP Oracle WebLogic Server unauthenticated modified JSP access attempt,T1190 - Exploit Public-Facing Application,llm_candidate,0.9,"Rule targets access to a known vulnerable WebLogic path (/ws_utc/css/config/keystore/) with .jsp extension, matching CVE-2018-2894 exploitation attempt. Candidate mapping requiring validation."
47387,2,SERVER-WEBAPP Oracle WebLogic Server potential unauthenticated reconnaissance attempt,T1590.005 - IP Addresses,llm_candidate,0.75,"Rule detects reconnaissance access to WebLogic configuration endpoint, consistent with active scanning for vulnerable components. Candidate mapping requiring validation."
47388,2,SERVER-WEBAPP Oracle WebLogic Server potential precursor to keystore attack attempt,T1590.005 - IP Addresses,llm_candidate,0.75,"Rule matches access to WebLogic keystore setting path, a precursor step in vulnerability scanning for CVE-2018-2894. Candidate mapping requiring validation."
47414,1,MALWARE-CNC Osx.Trojan.Calisto outbound connection,T1041 - Exfiltration Over C2 Channel,improved_heuristic_candidate,0.58,Exfiltration indicator matched in content context. Candidate mapping requiring validation.
47415,1,MALWARE-CNC Osx.Trojan.Calisto outbound connection,T1071.001 - Web Protocols,llm_candidate,0.85,"Rule matches HTTP request to /calisto/listenyee.php, typical of malware C2 callback over HTTP. Candidate mapping requiring validation."
47427,2,MALWARE-CNC Win.Trojan.Mapoyun variant outbound connection attempt,T1071.001 - Web Protocols,llm_candidate,0.8,"Rule identifies HTTP with anomalous headers (Connection:Close, X-CA-) and missing User-Agent, consistent with custom HTTP-based C2. Candidate mapping requiring validation."
47567,2,MALWARE-CNC Win.Trojan.Zegost variant outbound connection,T1095 - Non-Application Layer Protocol,llm_candidate,0.75,"Rule matches a static 4-byte pattern over raw TCP, indicating a non-application layer protocol used for C2. Candidate mapping requiring validation."
47613,1,SERVER-WEBAPP Joomla Proclaim biblestudy backup access attempt,T1590.005 - IP Addresses,llm_candidate,0.7,"Rule detects access to exposed Joomla backup directory with .sql files, characteristic of active scanning for sensitive data repositories. Candidate mapping requiring validation."
47627,1,MALWARE-CNC Win.Trojan.KeyPass variant inbound connection attempt,T1071.001 - Web Protocols,llm_candidate,0.75,"Rule matches HTTP traffic with JSON-like structure (line1, line2 fields) suggesting C2 communication over web protocol despite 'inbound' label. Candidate mapping requiring validation."
47723,1,MALWARE-CNC Andr.Trojan.MysteryBot outbound connection,T1071.001 - Web Protocols,llm_candidate,0.85,"Rule captures HTTP request to /site/gate.php with base64-encoded JSON payload, typical of Android malware C2 over HTTP. Candidate mapping requiring validation."
47876,1,MALWARE-CNC Andr.Trojan.AnubisCrypt variant outbound post detected,T1041 - Exfiltration Over C2 Channel,llm_candidate,0.85,"Rule detects HTTP POST to /private/.php with parameters and Android User-Agent, indicating C2 and potential data exfiltration via web protocol. Candidate mapping requiring validation."
47876,1,MALWARE-CNC Andr.Trojan.AnubisCrypt variant outbound post detected,T1071.001 - Web Protocols,llm_candidate,0.85,"Rule detects HTTP POST to /private/.php with parameters and Android User-Agent, indicating C2 and potential data exfiltration via web protocol. Candidate mapping requiring validation."
47877,1,MALWARE-CNC Andr.Trojan.AnubisCrypt variant outbound post detected,T1071.001 - Web Protocols,llm_candidate,0.85,"Rule matches HTTP request to /private/checkPanel.php with Android User-Agent, consistent with malware C2 check-in over HTTP. Candidate mapping requiring validation."
47898,2,MALWARE-CNC Win.Trojan.OilRig variant outbound connection,T1071.001 - Web Protocols,llm_candidate,0.85,"Rule identifies HTTP request to /tahw? with hex-encoded payload, characteristic of OilRig C2 communication over web protocol. Candidate mapping requiring validation."
47899,2,MALWARE-CNC Win.Trojan.OilRig variant outbound connection,T1071.001 - Web Protocols,llm_candidate,0.85,"Rule detects HTTP request to /khc? with hex-encoded data, matching OilRig's HTTP-based C2 pattern. Candidate mapping requiring validation."
47900,2,MALWARE-CNC Win.Trojan.OilRig variant outbound connection,T1071.001 - Web Protocols,llm_candidate,0.85,"Rule matches HTTP to /pser? with hex payload and BBZ/BBY markers, specific to OilRig's C2 over HTTP. Candidate mapping requiring validation."
48035,1,MALWARE-CNC Win.Trojan.AcridRain outbound connection,T1041 - Exfiltration Over C2 Channel,improved_heuristic_candidate,0.58,Exfiltration indicator matched in content context. Candidate mapping requiring validation.
48036,1,MALWARE-CNC Win.Trojan.AcridRain outbound connection,T1071.001 - Web Protocols,llm_candidate,0.9,"Rule detects HTTP request to a specific C2 URI (/Libs.zip) with missing User-Agent header, observable as command and control over web protocol. Candidate mapping requiring validation."
48092,1,MALWARE-CNC Win.Trojan.MirageFox variant outbound connection,T1105 - Ingress Tool Transfer,improved_heuristic_candidate,0.64,Tool transfer indicator matched in content context. Candidate mapping requiring validation.
48093,1,MALWARE-CNC Win.Trojan.MirageFox variant outbound connection,T1071.001 - Web Protocols,llm_candidate,0.9,"Rule detects HTTP POST to a C2 URI (/search?gid=) with generic Accept header, consistent with web-based C2 traffic. Candidate mapping requiring validation."
48115,1,MALWARE-CNC Win.Trojan.ITranslator variant outbound connection,T1071.001 - Web Protocols,llm_candidate,0.9,"Rule matches HTTP request to a C2 domain path (/dl.itranslator.info/), observable as command and control over HTTP. Candidate mapping requiring validation."
48116,1,MALWARE-CNC Win.Trojan.ITranslator variant outbound connection,T1071.001 - Web Protocols,llm_candidate,0.9,"Rule detects HTTP GET with parameterized C2 URI (/gl.php?uid=&v=&x=), indicative of web protocol C2. Candidate mapping requiring validation."
48117,1,MALWARE-CNC Win.Trojan.ITranslator variant outbound connection,T1071.001 - Web Protocols,llm_candidate,0.85,"Rule observes HTTP request for a .dll file from a C2 path (/ufiles/), which constitutes both C2 over web protocol and ingress tool transfer of a binary. Candidate mapping requiring validation."
48117,1,MALWARE-CNC Win.Trojan.ITranslator variant outbound connection,T1105 - Ingress Tool Transfer,llm_candidate,0.85,"Rule observes HTTP request for a .dll file from a C2 path (/ufiles/), which constitutes both C2 over web protocol and ingress tool transfer of a binary. Candidate mapping requiring validation."
48118,1,MALWARE-CNC Win.Trojan.ITranslator variant outbound connection,T1071.001 - Web Protocols,llm_candidate,0.9,"Rule matches a distinctive User-Agent string (ITRANSLATOR) in HTTP traffic, a hallmark of malware C2 over web protocol. Candidate mapping requiring validation."
48119,1,MALWARE-CNC Win.Trojan.ITranslator variant outbound connection,T1071.001 - Web Protocols,llm_candidate,0.9,"Rule detects a static UID header (UID: P002) in HTTP requests, characteristic of structured C2 communication over HTTP. Candidate mapping requiring validation."
48120,1,MALWARE-CNC Win.Trojan.ITranslator variant outbound connection,T1071.001 - Web Protocols,llm_candidate,0.9,"Rule matches HTTP GET to a configuration endpoint (/cfg?cb=&guid=&uid=&ua=), observable as C2 beaconing via web protocol. Candidate mapping requiring validation."
48764,1,MALWARE-CNC Win.Trojan.Zebrocy variant outbound connection,T1071.001 - Web Protocols,llm_candidate,0.9,"Rule detects HTTP request to a URI mimicking a legitimate Microsoft support path, used for C2 over web protocol. Candidate mapping requiring validation."
48765,1,MALWARE-CNC Win.Trojan.Zebrocy variant outbound connection,T1071.001 - Web Protocols,llm_candidate,0.9,"Rule matches HTTP request to a C2 URI (/advance/portable_version/service.php), indicating web-based command and control. Candidate mapping requiring validation."
48766,1,MALWARE-CNC Win.Trojan.Zebrocy variant outbound connection,T1071.001 - Web Protocols,llm_candidate,0.9,"Rule observes HTTP request to a C2 endpoint (/pkg/image/do.php), consistent with application layer protocol C2. Candidate mapping requiring validation."
48818,2,MALWARE-CNC Js.Trojan.Agent variant outbound connection,T1071.001 - Web Protocols,llm_candidate,0.9,"Rule matches a unique User-Agent string (xmsSofts_1.0.0_) in HTTP traffic, indicative of malware C2 over web protocol. Candidate mapping requiring validation."
48844,1,MALWARE-CNC Win.Trojan.Zebrocy variant outbound connection,T1071.001 - Web Protocols,llm_candidate,0.9,"Rule detects HTTP request to a C2 URI masquerading as a corporate support path, observable as web protocol C2. Candidate mapping requiring validation."
48845,1,MALWARE-CNC Osx.Trojan.WindTail outbound connection,T1071.001 - Web Protocols,llm_candidate,0.9,Rule matches HTTP GET with specific query parameters (.php?very=&xnvk=) used for C2 communication over HTTP. Candidate mapping requiring validation.
48846,1,MALWARE-CNC Osx.Trojan.WindTail outbound connection,T1071.001 - Web Protocols,llm_candidate,0.9,"Rule identifies a custom User-Agent (usrnode/) in HTTP requests, a clear sign of C2 over web protocol. Candidate mapping requiring validation."
48847,1,MALWARE-CNC Osx.Trojan.WindTail outbound connection,T1071.001 - Web Protocols,llm_candidate,0.9,"Rule detects HTTP request to a randomized, high-entropy URI path, typical of C2 over web protocol. Candidate mapping requiring validation."
48872,1,MALWARE-CNC Win.Trojan.Agent variant outbound connection,T1071.001 - Web Protocols,llm_candidate,0.9,"Rule matches HTTP request to a known C2 endpoint (/foth1018/go.php), observable as command and control via HTTP. Candidate mapping requiring validation."
48873,1,MALWARE-CNC Win.Trojan.BitterRAT variant outbound connection,T1071.001 - Web Protocols,llm_candidate,0.9,"Rule detects HTTP request to a C2 path (/js/drv) lacking a Referer header, consistent with web-based C2 traffic. Candidate mapping requiring validation."
48874,1,MALWARE-CNC Win.Trojan.BitterRAT variant outbound connection,T1071.001 - Web Protocols,llm_candidate,0.9,"Rule matches HTTP GET to a C2 endpoint with a campaign identifier (/ourtyaz/dwnack.php?cId=), indicating web protocol C2. Candidate mapping requiring validation."
48875,1,MALWARE-CNC Win.Trojan.BitterRAT variant outbound connection,T1071.001 - Web Protocols,llm_candidate,0.9,"Rule observes HTTP request to a C2 URI (/MarkQuality455/developerbuild.php?b=), characteristic of application layer protocol C2. Candidate mapping requiring validation."
48876,1,MALWARE-CNC Win.Trojan.BitterRAT variant outbound connection,T1071.001 - Web Protocols,llm_candidate,0.9,"Rule detects HTTP GET to a C2 path with a parameter (/purchase61dfdusfdsu/costnbenifit8889.php?p=), observable as web-based C2. Candidate mapping requiring validation."
48877,1,MALWARE-CNC Win.Trojan.BitterRAT variant outbound connection,T1071.001 - Web Protocols,llm_candidate,0.9,"Rule matches HTTP request to a C2 endpoint (/ourtyaz/qwe.php?TIe=), indicating command and control over HTTP. Candidate mapping requiring validation."
48878,1,MALWARE-CNC Win.Trojan.BitterRAT variant outbound connection,T1071.001 - Web Protocols,llm_candidate,0.9,"Rule detects HTTP GET to a C2 URI (/winter/zxd.php?TIe=), consistent with web protocol command and control. Candidate mapping requiring validation."
48904,1,MALWARE-CNC Win.Trojan.Zebrocy variant outbound connection,T1071.001 - Web Protocols,llm_candidate,0.9,"Rule matches HTTP request to a typo-squatted support path (/software-apptication/help-support-apl/getidpolapl.php), used for C2 over web protocol. Candidate mapping requiring validation."
48984,2,PROTOCOL-SCADA PCOM Identification ASCII request ,T1082 - System Information Discovery,llm_candidate,0.9,"Detects PCOM Identification request (ID command) which queries device identity, a clear system information discovery activity. Candidate mapping requiring validation."
48985,2,PROTOCOL-SCADA PCOM Init Device ASCII request ,T1499 - Endpoint Denial of Service,llm_candidate,0.8,"Detects PCOM Init Device command (CCI) that can reinitialize the PLC, classified as attempted-dos; maps to endpoint denial of service via control command. Candidate mapping requiring validation."
48986,2,PROTOCOL-SCADA PCOM Set UnitID ASCII request ,T1565.001 - Stored Data Manipulation,llm_candidate,0.7,"Detects Set UnitID command (US) that modifies device identification; though classtype is attempted-recon, the action writes configuration data (stored data manipulation). Candidate mapping requiring validation."
48987,2,PROTOCOL-SCADA PCOM Get UnitID ASCII request ,T1082 - System Information Discovery,llm_candidate,0.9,"Detects Get UnitID request (UG command) which reads device identification, a system information discovery action. Candidate mapping requiring validation."
48988,2,PROTOCOL-SCADA PCOM Read Inputs ASCII request ,T1082 - System Information Discovery,llm_candidate,0.9,"Detects Read Inputs command (RE) that retrieves physical input states, directly observing system information discovery. Candidate mapping requiring validation."
48989,2,PROTOCOL-SCADA PCOM Set RTC ASCII request ,T1565.003 - Runtime Data Manipulation,llm_candidate,0.7,"Detects Set RTC command (SC) that writes the real-time clock; despite attempted-recon classtype, this manipulates runtime data. Candidate mapping requiring validation."
48990,2,PROTOCOL-SCADA PCOM Read Ouputs ASCII request ,T1082 - System Information Discovery,llm_candidate,0.9,"Detects Read Outputs command (RA) retrieving physical output states, a system information discovery activity. Candidate mapping requiring validation."
48991,2,PROTOCOL-SCADA PCOM Read System Bits ASCII request ,T1082 - System Information Discovery,llm_candidate,0.9,"Detects Read System Bits command (GS) reading internal system flags, clear system information discovery. Candidate mapping requiring validation."
48992,2,PROTOCOL-SCADA PCOM Read Memory Integers ASCII request ,T1082 - System Information Discovery,llm_candidate,0.9,"Detects Read Memory Integers command (RW) accessing PLC memory registers, system information discovery. Candidate mapping requiring validation."
48993,2,PROTOCOL-SCADA PCOM Read Memory Longs ASCII request ,T1082 - System Information Discovery,llm_candidate,0.9,"Detects Read Memory Longs command (RNL) reading 32-bit memory values, system information discovery. Candidate mapping requiring validation."
48994,2,PROTOCOL-SCADA PCOM Write System Integers ASCII request ,T1565.003 - Runtime Data Manipulation,llm_candidate,0.7,Detects Write System Integers command (SF) modifying PLC memory; classtype attempted-recon but action is runtime data manipulation. Candidate mapping requiring validation.
48995,2,PROTOCOL-SCADA PCOM Write System Bits ASCII request ,T1565.003 - Runtime Data Manipulation,llm_candidate,0.7,Detects Write System Bits command (SS) altering internal flags; runtime data manipulation despite recon classtype. Candidate mapping requiring validation.
48996,2,PROTOCOL-SCADA PCOM Read System Longs ASCII request ,T1082 - System Information Discovery,llm_candidate,0.9,"Detects Read System Longs command (RNH) reading 32-bit system registers, system information discovery. Candidate mapping requiring validation."
48997,2,PROTOCOL-SCADA PCOM Read System Integers ASCII request ,T1082 - System Information Discovery,llm_candidate,0.9,"Detects Read System Integers command (GF) accessing system integer registers, system information discovery. Candidate mapping requiring validation."
48998,2,PROTOCOL-SCADA PCOM Read Memory Bits ASCII request ,T1082 - System Information Discovery,llm_candidate,0.9,"Detects Read Memory Bits command (RB) reading bit-level memory, system information discovery. Candidate mapping requiring validation."
48999,2,PROTOCOL-SCADA PCOM Write Ouputs ASCII request ,T1565.003 - Runtime Data Manipulation,llm_candidate,0.7,Detects Write Outputs command (SA) driving physical outputs; runtime data manipulation despite recon classtype. Candidate mapping requiring validation.
49000,2,PROTOCOL-SCADA PCOM Stop Device ASCII request ,T1499 - Endpoint Denial of Service,llm_candidate,0.8,"Detects Stop Device command (CCS) that halts PLC execution, a direct endpoint denial of service via control command (classtype attempted-dos). Candidate mapping requiring validation."
49001,2,PROTOCOL-SCADA PCOM Start Device ASCII request ,T1499 - Endpoint Denial of Service,llm_candidate,0.8,Detects Start Device command (CCR) that can disrupt process state; classtype attempted-dos maps to endpoint denial of service. Candidate mapping requiring validation.
49002,2,PROTOCOL-SCADA PCOM Write System Longs ASCII request ,T1565.003 - Runtime Data Manipulation,llm_candidate,0.7,Detects Write System Longs command (SNH) modifying 32-bit system registers; runtime data manipulation. Candidate mapping requiring validation.
49003,2,PROTOCOL-SCADA PCOM Get RTC ASCII request ,T1082 - System Information Discovery,llm_candidate,0.9,"Detects Get RTC command (RC) reading real-time clock, system information discovery. Candidate mapping requiring validation."
49004,2,PROTOCOL-SCADA PCOM Write Memory Bits ASCII request ,T1565.003 - Runtime Data Manipulation,llm_candidate,0.7,Detects Write Memory Bits command (SB) altering bit memory; runtime data manipulation despite recon classtype. Candidate mapping requiring validation.
49005,2,PROTOCOL-SCADA PCOM Reset Device ASCII request ,T1499 - Endpoint Denial of Service,llm_candidate,0.8,Detects Reset Device command (CCE) causing PLC reboot; classtype attempted-dos maps to endpoint denial of service. Candidate mapping requiring validation.
49006,2,PROTOCOL-SCADA PCOM Write Memory Longs ASCII request ,T1565.003 - Runtime Data Manipulation,llm_candidate,0.7,Detects Write Memory Longs command (SNL) writing 32-bit memory values; runtime data manipulation. Candidate mapping requiring validation.
49007,2,PROTOCOL-SCADA PCOM Write Memory Integers ASCII request ,T1565.003 - Runtime Data Manipulation,llm_candidate,0.7,Detects Write Memory Integers command (SW) modifying integer memory; runtime data manipulation. Candidate mapping requiring validation.
49008,2,PROTOCOL-SCADA PCOM Read Operands binary request,T1082 - System Information Discovery,llm_candidate,0.9,"Detects binary Read Operands command (0x4D) accessing PLC operand data, system information discovery. Candidate mapping requiring validation."
49009,2,PROTOCOL-SCADA PCOM Set UnitID ASCII reply,T1046 - Network Service Discovery,llm_candidate,0.7,"Rule detects PCOM Set UnitID ASCII reply, indicating enumeration of Unitronics PLC device identifiers via native SCADA protocol; maps to Network Service Discovery as adversaries use protocol-specific commands to discover and fingerprint ICS services. Candidate mapping requiring validation."
49010,2,PROTOCOL-SCADA PCOM Get RTC ASCII reply,T1046 - Network Service Discovery,llm_candidate,0.7,"Rule detects PCOM Get RTC ASCII reply, indicating retrieval of real-time clock data from PLC; maps to Network Service Discovery as adversaries enumerate SCADA device properties via protocol-specific queries. Candidate mapping requiring validation."
49011,2,PROTOCOL-SCADA PCOM Identification ASCII reply,T1046 - Network Service Discovery,llm_candidate,0.7,"Rule detects PCOM Identification ASCII reply, directly revealing PLC identity information; maps to Network Service Discovery as adversaries use identification commands to fingerprint ICS devices on the network. Candidate mapping requiring validation."
49012,2,PROTOCOL-SCADA PCOM Write Data Table binary request,T1046 - Network Service Discovery,llm_candidate,0.7,"Rule detects PCOM Write Data Table binary request, indicating interaction with PLC data tables; maps to Network Service Discovery as adversaries probe SCADA services by exercising protocol functions to map device capabilities. Candidate mapping requiring validation."
49013,2,PROTOCOL-SCADA PCOM Get UnitID ASCII reply,T1046 - Network Service Discovery,llm_candidate,0.7,"Rule detects PCOM Get UnitID ASCII reply, revealing unit identifier; maps to Network Service Discovery as adversaries enumerate PLC identifiers through native protocol commands. Candidate mapping requiring validation."
49014,2,PROTOCOL-SCADA PCOM Read Data Table binary request,T1046 - Network Service Discovery,llm_candidate,0.7,"Rule detects PCOM Read Data Table binary request, indicating adversary reading PLC memory structures; maps to Network Service Discovery as protocol-specific enumeration of ICS data services. Candidate mapping requiring validation."
49015,2,PROTOCOL-SCADA PCOM Get PLC Name binary request,T1046 - Network Service Discovery,llm_candidate,0.7,"Rule detects PCOM Get PLC Name binary request, directly querying device name; maps to Network Service Discovery as adversaries use native SCADA commands to identify and fingerprint PLCs. Candidate mapping requiring validation."
49016,2,PROTOCOL-SCADA PCOM Set RTC ASCII reply,T1046 - Network Service Discovery,llm_candidate,0.7,"Rule detects PCOM Set RTC ASCII reply, indicating time configuration interaction; maps to Network Service Discovery as adversaries probe SCADA device management functions via protocol-specific commands. Candidate mapping requiring validation."
49017,2,PROTOCOL-SCADA PCOM Read Inputs ASCII reply,T1046 - Network Service Discovery,llm_candidate,0.7,"Rule detects PCOM Read Inputs ASCII reply, revealing physical input states; maps to Network Service Discovery as adversaries enumerate PLC I/O configuration through native protocol queries. Candidate mapping requiring validation."
49018,2,PROTOCOL-SCADA PCOM Read System Bits ASCII reply,T1046 - Network Service Discovery,llm_candidate,0.7,"Rule detects PCOM Read System Bits ASCII reply, exposing internal system flags; maps to Network Service Discovery as adversaries gather detailed PLC status information via protocol-specific reads. Candidate mapping requiring validation."
49019,2,PROTOCOL-SCADA PCOM Read Longs ASCII reply,T1046 - Network Service Discovery,llm_candidate,0.7,"Rule detects PCOM Read Longs ASCII reply, indicating retrieval of 32-bit register values; maps to Network Service Discovery as adversaries enumerate PLC memory maps through native data-type commands. Candidate mapping requiring validation."
49020,2,PROTOCOL-SCADA PCOM Read System Integers ASCII reply,T1046 - Network Service Discovery,llm_candidate,0.7,"Rule detects PCOM Read System Integers ASCII reply, revealing system integer registers; maps to Network Service Discovery as adversaries probe SCADA device internals via protocol-specific data reads. Candidate mapping requiring validation."
49021,2,PROTOCOL-SCADA PCOM Read Ouputs ASCII reply,T1046 - Network Service Discovery,llm_candidate,0.7,"Rule detects PCOM Read Outputs ASCII reply, exposing physical output states; maps to Network Service Discovery as adversaries enumerate PLC output configurations through native protocol queries. Candidate mapping requiring validation."
49022,2,PROTOCOL-SCADA PCOM Read Memory Bits ASCII reply,T1046 - Network Service Discovery,llm_candidate,0.7,"Rule detects PCOM Read Memory Bits ASCII reply, indicating memory bit enumeration; maps to Network Service Discovery as adversaries map PLC memory architecture via protocol-specific bit reads. Candidate mapping requiring validation."
49023,2,PROTOCOL-SCADA PCOM Read Memory Integers ASCII reply,T1046 - Network Service Discovery,llm_candidate,0.7,"Rule detects PCOM Read Memory Integers ASCII reply, revealing memory integer values; maps to Network Service Discovery as adversaries enumerate PLC data tables through native protocol commands. Candidate mapping requiring validation."
49024,2,PROTOCOL-SCADA PCOM Write Memory Bits ASCII reply,T1046 - Network Service Discovery,llm_candidate,0.7,"Rule detects PCOM Write Memory Bits ASCII reply, indicating memory modification; maps to Network Service Discovery as adversaries test SCADA write capabilities while probing device services. Candidate mapping requiring validation."
49025,2,PROTOCOL-SCADA PCOM Write System Integers ASCII reply,T1046 - Network Service Discovery,llm_candidate,0.7,"Rule detects PCOM Write System Integers ASCII reply, showing system register writes; maps to Network Service Discovery as adversaries exercise protocol functions to discover writable PLC services. Candidate mapping requiring validation."
49026,2,PROTOCOL-SCADA PCOM Write System Bits ASCII reply,T1046 - Network Service Discovery,llm_candidate,0.7,"Rule detects PCOM Write System Bits ASCII reply, indicating system bit manipulation; maps to Network Service Discovery as adversaries probe SCADA device control interfaces via native protocol. Candidate mapping requiring validation."
49027,2,PROTOCOL-SCADA PCOM Write Ouputs ASCII reply,T1046 - Network Service Discovery,llm_candidate,0.7,"Rule detects PCOM Write Outputs ASCII reply, revealing output control; maps to Network Service Discovery as adversaries test PLC output manipulation capabilities during service enumeration. Candidate mapping requiring validation."
49028,2,PROTOCOL-SCADA PCOM Write Memory Integers ASCII reply,T1046 - Network Service Discovery,llm_candidate,0.7,"Rule detects PCOM Write Memory Integers ASCII reply, indicating memory integer writes; maps to Network Service Discovery as adversaries explore PLC data table write functions through protocol interaction. Candidate mapping requiring validation."
49029,2,PROTOCOL-SCADA PCOM Write Longs ASCII reply,T1046 - Network Service Discovery,llm_candidate,0.7,"Rule detects PCOM Write Longs ASCII reply, showing 32-bit register writes; maps to Network Service Discovery as adversaries enumerate writable PLC memory regions via native protocol commands. Candidate mapping requiring validation."
49030,2,PROTOCOL-SCADA PCOM Read Operands binary reply,T1046 - Network Service Discovery,llm_candidate,0.7,"Rule detects PCOM Read Operands binary reply, exposing operand data; maps to Network Service Discovery as adversaries retrieve PLC program operands through protocol-specific binary reads. Candidate mapping requiring validation."
49031,2,PROTOCOL-SCADA PCOM Get PLC Name binary reply,T1046 - Network Service Discovery,llm_candidate,0.7,"Rule detects PCOM Get PLC Name binary reply, returning device name; maps to Network Service Discovery as adversaries fingerprint PLC identity via native SCADA protocol responses. Candidate mapping requiring validation."
49032,2,PROTOCOL-SCADA PCOM Write Data Table binary reply,T1046 - Network Service Discovery,llm_candidate,0.7,"Rule detects PCOM Write Data Table binary reply, confirming data table writes; maps to Network Service Discovery as adversaries verify PLC write services during protocol enumeration. Candidate mapping requiring validation."
49033,2,PROTOCOL-SCADA PCOM Read Data Table binary reply,T1046 - Network Service Discovery,llm_candidate,0.7,"Rule detects PCOM Read Data Table binary reply, returning table contents; maps to Network Service Discovery as adversaries enumerate PLC data structures through native protocol reads. Candidate mapping requiring validation."
49090,1,SERVER-SAMBA Samba is_known_pipe arbitrary module load code execution attempt,T1021.002 - SMB/Windows Admin Shares,improved_heuristic_candidate,0.63,SMB or administrative share indicator matched in content context. Candidate mapping requiring validation.
49282,2,SERVER-WEBAPP Magecart inbound scan for vulnerable plugin attempt,T1190 - Exploit Public-Facing Application,llm_candidate,0.85,"Rule detects inbound scan for vulnerable web application plugins with POST requests, indicating exploitation of a public-facing application. Candidate mapping requiring validation."
49396,1,MALWARE-CNC Win.Trojan.Zebrocy variant outbound connection,T1071.001 - Web Protocols,llm_candidate,0.85,Rule matches a specific HTTP URI pattern used by Zebrocy for command and control over web protocols. Candidate mapping requiring validation.
49397,1,MALWARE-CNC Win.Trojan.Zebrocy variant outbound connection,T1071.001 - Web Protocols,llm_candidate,0.85,Rule matches a specific HTTP URI path used by Zebrocy for command and control over web protocols. Candidate mapping requiring validation.
49398,1,MALWARE-CNC Win.Trojan.Zebrocy variant outbound connection,T1021.002 - SMB/Windows Admin Shares,llm_candidate,0.8,Rule detects SMB named pipe communication (Unicode pipe name) used by Zebrocy for command and control via SMB/Windows Admin Shares. Candidate mapping requiring validation.
49418,1,SERVER-WEBAPP Orange LiveBox unauthorized credentials access attempt,T1056 - Input Capture,improved_heuristic_candidate,0.68,Credential or input capture indicator matched in msg context. Candidate mapping requiring validation.
49571,1,MALWARE-CNC Win.Trojan.Fakewmi variant outbound connection attempt,T1071.001 - Web Protocols,llm_candidate,0.85,"Rule matches HTTP GET request with beacon parameters (ID, MAC, OS, BIT) used by Fakewmi for command and control over web protocols. Candidate mapping requiring validation."
49572,1,MALWARE-CNC Win.Trojan.Fakewmi variant outbound connection attempt,T1071.001 - Web Protocols,llm_candidate,0.85,"Rule matches HTTP GET request with beacon parameters (ID, GUID, _T) used by Fakewmi for command and control over web protocols. Candidate mapping requiring validation."
49592,1,MALWARE-CNC Win.Trojan.SectorA05 outbound connection attempt,T1071.001 - Web Protocols,llm_candidate,0.85,"Rule matches HTTP request to a PHP endpoint with parameters (word, note) used by SectorA05 for command and control over web protocols. Candidate mapping requiring validation."
49593,1,MALWARE-CNC Win.Trojan.SectorA05 outbound connection attempt,T1071.001 - Web Protocols,llm_candidate,0.85,Rule matches HTTP request to a PHP endpoint with parameter 'v' used by SectorA05 for command and control over web protocols. Candidate mapping requiring validation.
49594,1,MALWARE-CNC Win.Trojan.SectorA05 outbound connection attempt,T1071.001 - Web Protocols,llm_candidate,0.85,Rule matches HTTP request with file parameter 'Cobra_' used by SectorA05 for command and control over web protocols. Candidate mapping requiring validation.
49595,1,MALWARE-CNC Win.Trojan.SectorA05 outbound connection attempt,T1071.001 - Web Protocols,llm_candidate,0.85,Rule matches HTTP request to board.php with parameters used by SectorA05 for command and control over web protocols. Candidate mapping requiring validation.
49664,1,MALWARE-CNC Win.Trojan.TSCookie variant outbound connection,T1071.001 - Web Protocols,llm_candidate,0.85,Rule matches specific User-Agent and URI pattern (.aspx?m=) used by TSCookie for command and control over web protocols. Candidate mapping requiring validation.
49788,2,MALWARE-CNC Win.Trojan.Zacinlo outbound connection,T1071.001 - Web Protocols,llm_candidate,0.85,Rule matches HTTP request to /entry/feedbackinfo/production/ with wget User-Agent used by Zacinlo for command and control over web protocols. Candidate mapping requiring validation.
49789,2,MALWARE-CNC Win.Trojan.Zacinlo outbound connection,T1071.001 - Web Protocols,llm_candidate,0.85,"Rule matches HTTP request to download /updaterinfo.bin with wget User-Agent, indicating both command and control (T1071.001) and ingress tool transfer (T1105). Candidate mapping requiring validation."
49789,2,MALWARE-CNC Win.Trojan.Zacinlo outbound connection,T1105 - Ingress Tool Transfer,llm_candidate,0.85,"Rule matches HTTP request to download /updaterinfo.bin with wget User-Agent, indicating both command and control (T1071.001) and ingress tool transfer (T1105). Candidate mapping requiring validation."
49790,1,MALWARE-CNC Win.Trojan.Zacinlo outbound connection,T1071.001 - Web Protocols,llm_candidate,0.85,Rule matches HTTP request to /entry/exe/runinfo with MAC parameter and wget User-Agent used by Zacinlo for command and control over web protocols. Candidate mapping requiring validation.
49837,1,SERVER-WEBAPP Tpshop remote file include attempt,T1190 - Exploit Public-Facing Application,llm_candidate,0.9,"Rule detects remote file inclusion attempt via 'down_url' parameter in Tpshop (CVE-2018-9919), exploiting a public-facing web application. Candidate mapping requiring validation."
49838,1,SERVER-WEBAPP Tpshop remote file include attempt,T1190 - Exploit Public-Facing Application,llm_candidate,0.9,"Rule detects remote file inclusion attempt via 'down_url' parameter in Tpshop (CVE-2018-9919), exploiting a public-facing web application. Candidate mapping requiring validation."
49839,1,SERVER-WEBAPP LG-Ericsson iPECS NMS 30M directory traversal attempt,T1105 - Ingress Tool Transfer,improved_heuristic_candidate,0.64,Tool transfer indicator matched in content context. Candidate mapping requiring validation.
49839,1,SERVER-WEBAPP LG-Ericsson iPECS NMS 30M directory traversal attempt,T1190 - Exploit Public-Facing Application,improved_heuristic_candidate,0.62,Web-facing exploit indicator matched in msg context. Candidate mapping requiring validation.
49840,1,SERVER-WEBAPP LG-Ericsson iPECS NMS 30M directory traversal attempt,T1105 - Ingress Tool Transfer,improved_heuristic_candidate,0.64,Tool transfer indicator matched in content context. Candidate mapping requiring validation.
49840,1,SERVER-WEBAPP LG-Ericsson iPECS NMS 30M directory traversal attempt,T1190 - Exploit Public-Facing Application,improved_heuristic_candidate,0.62,Web-facing exploit indicator matched in msg context. Candidate mapping requiring validation.
49841,1,SERVER-WEBAPP LG-Ericsson iPECS NMS 30M directory traversal attempt,T1105 - Ingress Tool Transfer,improved_heuristic_candidate,0.64,Tool transfer indicator matched in content context. Candidate mapping requiring validation.
49841,1,SERVER-WEBAPP LG-Ericsson iPECS NMS 30M directory traversal attempt,T1190 - Exploit Public-Facing Application,improved_heuristic_candidate,0.62,Web-facing exploit indicator matched in msg context. Candidate mapping requiring validation.
49842,1,SERVER-WEBAPP LG-Ericsson iPECS NMS 30M directory traversal attempt,T1105 - Ingress Tool Transfer,improved_heuristic_candidate,0.64,Tool transfer indicator matched in content context. Candidate mapping requiring validation.
49842,1,SERVER-WEBAPP LG-Ericsson iPECS NMS 30M directory traversal attempt,T1190 - Exploit Public-Facing Application,improved_heuristic_candidate,0.62,Web-facing exploit indicator matched in msg context. Candidate mapping requiring validation.
50137,2,OS-WINDOWS Microsoft Windows RDP MS_T120 channel bind attempt,T1021.001 - Remote Desktop Protocol,improved_heuristic_candidate,0.65,"Remote Desktop Protocol indicator matched in msg, service context. Candidate mapping requiring validation."
50424,2,MALWARE-CNC User-Agent known malicious user agent - BURAN - Win.Trojan.Buran,T1071.001 - Web Protocols,llm_candidate,0.8,"The rule observes a malicious User-Agent string 'BURAN' in HTTP traffic, indicating command-and-control communication over web protocols. Candidate mapping requiring validation."
50811,1,MALWARE-CNC Unix.Backdoor.Godlua variant outbound connection,T1095 - Non-Application Layer Protocol,llm_candidate,0.7,The rule matches specific byte sequences in raw TCP traffic that correspond to the Godlua backdoor's custom non-standard protocol. Candidate mapping requiring validation.
50901,1,SERVER-OTHER OpenBSD ISAKMP denial of service attempt,T1498.001 - Direct Network Flood,llm_candidate,0.9,"The rule detects a specific ISAKMP packet pattern known to trigger a denial-of-service condition on OpenBSD (CVE-2004-0222), a direct network flood attack. Candidate mapping requiring validation."
50989,1,MALWARE-CNC Win.Dropper.Clipbanker variant outbound connection,T1105 - Ingress Tool Transfer,improved_heuristic_candidate,0.64,Tool transfer indicator matched in msg context. Candidate mapping requiring validation.
51484,1,MALWARE-OTHER ANDR.Trojan.Agent outbound connection attempt,T1071.001 - Web Protocols,llm_candidate,0.8,The rule detects HTTP requests to a specific PHP endpoint (/recv_android.php) used by Android malware for command-and-control. Candidate mapping requiring validation.
51532,1,MALWARE-CNC Win.Trojan.BlackRAT variant outbound connection,T1095 - Non-Application Layer Protocol,llm_candidate,0.7,"The rule matches distinctive strings in raw TCP traffic (ProClient.Data, Clientx, Version) that characterize BlackRAT's custom C2 protocol. Candidate mapping requiring validation."
51533,1,MALWARE-CNC Win.Trojan.BlackRAT variant inbound connection,T1095 - Non-Application Layer Protocol,llm_candidate,0.7,"The rule detects inbound TCP traffic with BlackRAT's custom protocol signatures (BlackRAT.Data, Version, data bytes). Candidate mapping requiring validation."
51541,1,MALWARE-CNC Win.Trojan.ModularInstaller variant outbound connection detected,T1071.001 - Web Protocols,llm_candidate,0.8,The rule observes a unique User-Agent string 'Installer/23' in HTTP traffic used by ModularInstaller malware for C2. Candidate mapping requiring validation.
51542,1,MALWARE-CNC Win.Trojan.ModularInstaller variant outbound connection detected,T1071.001 - Web Protocols,llm_candidate,0.8,The rule detects HTTP requests to a specific endpoint (/webkit_login_records) used by ModularInstaller to exfiltrate login data via web protocols. Candidate mapping requiring validation.
51543,1,MALWARE-CNC Win.Trojan.ModularInstaller variant outbound connection detected,T1071.001 - Web Protocols,llm_candidate,0.8,"The rule observes HTTP PATCH requests to /installers/ with a custom X-Installer- header, characteristic of ModularInstaller's C2. Candidate mapping requiring validation."
51544,1,MALWARE-CNC Win.Trojan.ModularInstaller variant outbound connection detected,T1041 - Exfiltration Over C2 Channel,improved_heuristic_candidate,0.58,Exfiltration indicator matched in content context. Candidate mapping requiring validation.
51545,1,MALWARE-CNC Win.Trojan.ModularInstaller variant outbound connection detected,T1071.001 - Web Protocols,llm_candidate,0.8,The rule observes HTTP requests to /tasks with an X-Finder- header used by ModularInstaller for task retrieval via web protocols. Candidate mapping requiring validation.
51546,1,MALWARE-CNC Win.Trojan.ModularInstaller variant outbound connection detected,T1071.001 - Web Protocols,llm_candidate,0.8,The rule detects HTTP requests to /webkit_cookies with an X-Finder- header used by ModularInstaller to exfiltrate cookies via web protocols. Candidate mapping requiring validation.
51636,3,MALWARE-CNC Win.Trojan.Amadey botnet outbound connection,T1071.001 - Web Protocols,llm_candidate,0.8,"The rule observes HTTP requests with specific parameter names (bi=, id=, sd=, vs=) to /index.php used by Amadey botnet for C2. Candidate mapping requiring validation."
51642,1,MALWARE-CNC Osx.Trojan.Gmera variant outbound connection,T1071.001 - Web Protocols,llm_candidate,0.8,"The rule detects HTTP requests to /link.php? with a curl User-Agent and missing Referer header, matching Gmera's C2 pattern. Candidate mapping requiring validation."
51670,1,MALWARE-CNC Win.Trojan.Silence variant outbound connection detected,T1071.001 - Web Protocols,llm_candidate,0.8,The rule observes HTTP requests to /showthread.php? with an alphayz= parameter used by Silence trojan for C2. Candidate mapping requiring validation.
51671,1,MALWARE-CNC Win.Trojan.Silence variant outbound connection detected,T1071.001 - Web Protocols,llm_candidate,0.8,The rule detects HTTP requests to /showthread.php?yz= used by Silence trojan for command-and-control. Candidate mapping requiring validation.
51672,1,MALWARE-CNC Andr.Trojan.Moonshine outbound connection,T1071.001 - Web Protocols,llm_candidate,0.8,"The rule observes HTTP WebSocket upgrade requests with specific parameters (whisky_id, device_id) and a unique User-Agent used by Moonshine malware. Candidate mapping requiring validation."
52022,1,OS-LINUX Red Hat NetworkManager DHCP client command injection attempt,T1210 - Exploitation of Remote Services,llm_candidate,0.9,"The rule detects a command injection attempt in the DHCP client (CVE-2018-1111) via a malicious DHCP server response, exploiting a remote network service. Candidate mapping requiring validation."
52026,1,MALWARE-OTHER Xml.Phishing.Evernote outbound connection,T1071.001 - Web Protocols,llm_candidate,0.7,The rule observes HTTP requests with specific parameter (_spacertoofee) and value (hondacbrheavy) used by Evernote phishing malware for C2. Candidate mapping requiring validation.
52027,1,MALWARE-OTHER Xml.Phishing.Evernote outbound connection,T1071.001 - Web Protocols,llm_candidate,0.7,The rule detects HTTP requests with specific parameter (_truthcolor) and value (dramafrine) used by Evernote phishing malware for C2. Candidate mapping requiring validation.
52056,3,FILE-IDENTIFY Portable Executable binary file magic detected,T1071.003 - Mail Protocols,llm_candidate,0.6,"The rule identifies PE file magic bytes (ZM, PE\x00\x00) in SMTP traffic, indicating executable file transfer via mail protocols. Candidate mapping requiring validation."
52057,1,FILE-IDENTIFY Portable Executable binary file magic detected,T1071.001 - Web Protocols,llm_candidate,0.6,"The rule identifies PE file magic bytes across HTTP, FTP, IMAP, and POP3 traffic, indicating executable file transfer via multiple application protocols. Candidate mapping requiring validation."
52057,1,FILE-IDENTIFY Portable Executable binary file magic detected,T1071.002 - File Transfer Protocols,llm_candidate,0.6,"The rule identifies PE file magic bytes across HTTP, FTP, IMAP, and POP3 traffic, indicating executable file transfer via multiple application protocols. Candidate mapping requiring validation."
52057,1,FILE-IDENTIFY Portable Executable binary file magic detected,T1071.003 - Mail Protocols,llm_candidate,0.6,"The rule identifies PE file magic bytes across HTTP, FTP, IMAP, and POP3 traffic, indicating executable file transfer via multiple application protocols. Candidate mapping requiring validation."
52259,1,MALWARE-CNC Js.Trojan.FakeUpdate outbound connection,T1071.001 - Web Protocols,llm_candidate,0.8,The rule observes HTTP POST requests to /1x1.png used by FakeUpdate malware for command-and-control via web protocols. Candidate mapping requiring validation.
52548,1,MALWARE-CNC Win.Trojan.XpertRAT inbound connection,T1095 - Non-Application Layer Protocol,llm_candidate,0.7,"The rule matches a static byte sequence in TCP traffic characteristic of XpertRAT's custom C2 protocol, indicating use of a non-standard application layer protocol for command and control. Candidate mapping requiring validation."
52549,1,MALWARE-CNC Win.Trojan.XpertRAT outbound connection,T1095 - Non-Application Layer Protocol,llm_candidate,0.7,"The rule detects a distinctive pipe-delimited keyword in outbound TCP traffic, consistent with XpertRAT's custom C2 protocol rather than a standard application protocol. Candidate mapping requiring validation."
52620,2,SERVER-WEBAPP Citrix ADC and Gateway arbitrary code execution attempt,T1190 - Exploit Public-Facing Application,llm_candidate,0.9,"The rule targets CVE-2019-19781 exploitation attempts against Citrix ADC/Gateway via path traversal (/vpns/, ../) and header manipulation, directly observing exploitation of a public-facing application. Candidate mapping requiring validation."
53341,2,SERVER-APACHE Apache Tomcat AJP connector arbitrary file access attempt,T1190 - Exploit Public-Facing Application,llm_candidate,0.9,"The rule matches the AJP protocol handshake and malicious servlet attributes used in CVE-2020-1938, detecting exploitation of a public-facing Apache Tomcat server. Candidate mapping requiring validation."
53584,1,MALWARE-CNC Win.Trojan.FormBook variant outbound connection,T1071.001 - Web Protocols,llm_candidate,0.9,"The rule identifies FormBook's HTTP POST requests with specific headers and a regex pattern for URI paths, observing command and control over web protocols. Candidate mapping requiring validation."
54053,1,MALWARE-CNC Win.Trojan.Copperhedge outbound connection,T1071.001 - Web Protocols,llm_candidate,0.8,"The rule matches a unique static string in HTTP traffic associated with Copperhedge malware, indicating C2 communication over web protocols. Candidate mapping requiring validation."
54054,1,MALWARE-CNC Win.Trojan.Copperhedge outbound connection,T1071.001 - Web Protocols,llm_candidate,0.8,"The rule detects a distinct alphanumeric token in HTTP requests used by a Copperhedge variant for C2, observing web-protocol-based command and control. Candidate mapping requiring validation."
54055,1,MALWARE-CNC Win.Trojan.Copperhedge outbound connection,T1071.001 - Web Protocols,llm_candidate,0.8,"The rule looks for specific parameter names (_webident_f, _webident_s) in HTTP traffic characteristic of Copperhedge C2, indicating use of web protocols. Candidate mapping requiring validation."
56583,2,MALWARE-TOOLS GhostPack Rubeus kerberos request attempt,T1558.003 - Kerberoasting,llm_candidate,0.9,"The rule matches Kerberos AS-REQ structures and the 'User32LogonProcesss' string specific to Rubeus, a tool used for Kerberoasting attacks. Candidate mapping requiring validation."
56584,2,MALWARE-TOOLS GhostPack Rubeus kerberos request attempt,T1558.003 - Kerberoasting,llm_candidate,0.9,"Same Kerberos request patterns as the TCP rule but over UDP, detecting Rubeus Kerberoasting attempts on the alternative transport. Candidate mapping requiring validation."
56585,2,MALWARE-TOOLS GhostPack Rubeus kerberos request attempt,T1558.003 - Kerberoasting,llm_candidate,0.9,"The rule triggers on the misspelled 'User32LogonProcesss' string in Kerberos traffic, a known indicator of Rubeus Kerberoasting activity. Candidate mapping requiring validation."
56596,1,MALWARE-CNC MultiOS.Malware.GORAT outbound communications attempt,T1071.001 - Web Protocols,llm_candidate,0.9,"The rule identifies GORAT's HTTP GET requests with a specific cookie and header structure, observing C2 over web protocols. Candidate mapping requiring validation."
56597,1,MALWARE-CNC MultiOS.Malware.GORAT outbound communications attempt,T1071.001 - Web Protocols,llm_candidate,0.9,"The rule matches GORAT's HTTP POST with an upgrade header to tunnel TCP, a C2 technique using web protocols. Candidate mapping requiring validation."
56598,1,MALWARE-CNC Win.Backdoor.CSBundle_Original inbound connection attempt,T1071.001 - Web Protocols,llm_candidate,0.8,"The rule detects a JSON-like structure in inbound HTTP traffic associated with CSBundle_Original, indicating web-protocol-based C2. Candidate mapping requiring validation."
56599,1,MALWARE-CNC Win.Backdoor.CSBundle_Original stager outbound connection attempt,T1071.001 - Web Protocols,llm_candidate,0.8,The rule matches specific HTTP headers and a cookie value used by the CSBundle_Original stager for outbound C2 over HTTP. Candidate mapping requiring validation.
56600,1,MALWARE-CNC Win.Backdoor.CSBundle_Original outbound connection attempt,T1071.001 - Web Protocols,llm_candidate,0.8,"The rule combines characteristic HTTP headers, a locale JSON snippet, and a regex for known C2 URI paths to detect CSBundle_Original web-protocol C2. Candidate mapping requiring validation."
56603,1,MALWARE-CNC Win.Backdoor.CSBundle_Original outbound connection attempt,T1071.001 - Web Protocols,llm_candidate,0.8,"The rule uses HTTP headers, a display-culture cookie, and a regex for API paths to identify CSBundle_Original C2 traffic over web protocols. Candidate mapping requiring validation."
56605,1,MALWARE-CNC Rat.Tool.CSBundleUSATodayServer variant inbound command attempt,T1102.001 - Dead Drop Resolver,llm_candidate,0.7,"The rule matches a specific USA Today HTML fragment embedded in HTTP responses, suggesting the malware uses a legitimate web service as a dead drop resolver for commands. Candidate mapping requiring validation."
56606,1,MALWARE-CNC Rat.Tool.CSBundleUSATodayServer variant inbound command attempt,T1102.001 - Dead Drop Resolver,llm_candidate,0.7,"The rule triggers on HTTP response headers (X-Timer, Strict-Transport-Security) from a USA Today-like server, consistent with dead drop resolver C2. Candidate mapping requiring validation."
56607,1,MALWARE-CNC potential Rat.Tool.CSBundleUSAToday connectivity check,T1102.001 - Dead Drop Resolver,llm_candidate,0.7,"The rule detects cookies and host header for www.usatoday.com in HTTP requests, indicating a connectivity check to a legitimate web service used as a dead drop resolver. Candidate mapping requiring validation."
56862,1,MALWARE-CNC MultiOS.Malware.GORAT outbound communication attempt,T1071.001 - Web Protocols,llm_candidate,0.9,"The rule identifies GORAT's HTTP POST with a unique body string ('murica') and specific header patterns, observing C2 over web protocols. Candidate mapping requiring validation."
56891,1,MALWARE-CNC Win.Trojan.BasicPipeShell variant communication attempt,T1021.002 - SMB/Windows Admin Shares,improved_heuristic_candidate,0.63,SMB or administrative share indicator matched in content context. Candidate mapping requiring validation.
56892,1,MALWARE-CNC Win.Trojan.BasicPipeShell variant communication attempt,T1021.002 - SMB/Windows Admin Shares,improved_heuristic_candidate,0.63,SMB or administrative share indicator matched in content context. Candidate mapping requiring validation.
57067,1,SERVER-OTHER HP Web JetAdmin file write attempt,T1190 - Exploit Public-Facing Application,llm_candidate,0.9,"The rule detects a file write attempt via a specific HP Web JetAdmin script (tree.xms) and WriteToFile parameter, indicating exploitation of a public-facing web application. Candidate mapping requiring validation."
57252,1,SERVER-MAIL Microsoft Exchange Server arbitrary file write attempt,T1190 - Exploit Public-Facing Application,llm_candidate,0.9,"The rule matches the ProxyShell exploit chain (CVE-2021-27065) targeting Microsoft Exchange via the DDIService.svc endpoint, observing exploitation of a public-facing application. Candidate mapping requiring validation."
57253,1,SERVER-MAIL Microsoft Exchange Server arbitrary file write attempt,T1190 - Exploit Public-Facing Application,llm_candidate,0.9,"Rule detects HTTP request exploiting CVE-2021-27065 in Microsoft Exchange Server, a public-facing application. Candidate mapping requiring validation."
57336,3,POLICY-OTHER F5 iControl REST interface tm.util.bash invocation attempt,T1190 - Exploit Public-Facing Application,llm_candidate,0.9,Rule detects HTTP request to F5 iControl REST interface exploiting CVE-2022-1388 for remote code execution against a public-facing application. Candidate mapping requiring validation.
57879,2,INDICATOR-COMPROMISE Revil Kaseya ransomware log clearing http upload,T1041 - Exfiltration Over C2 Channel,improved_heuristic_candidate,0.58,Exfiltration indicator matched in msg context. Candidate mapping requiring validation.
57879,2,INDICATOR-COMPROMISE Revil Kaseya ransomware log clearing http upload,T1486 - Data Encrypted for Impact,improved_heuristic_candidate,0.61,Data encryption impact indicator matched in msg context. Candidate mapping requiring validation.
57906,7,SERVER-WEBAPP Microsoft Exchange autodiscover server side request forgery attempt,T1190 - Exploit Public-Facing Application,llm_candidate,0.9,"Rule detects SSRF attempt against Microsoft Exchange autodiscover endpoint (CVE-2021-31207, CVE-2021-34473, etc.), exploiting a public-facing application. Candidate mapping requiring validation."
57907,8,SERVER-WEBAPP Microsoft Exchange autodiscover server side request forgery attempt,T1190 - Exploit Public-Facing Application,llm_candidate,0.9,"Rule detects SSRF attempt against Microsoft Exchange autodiscover endpoint (multiple CVEs), exploiting a public-facing application. Candidate mapping requiring validation."
57908,7,SERVER-WEBAPP Microsoft Exchange autodiscover server side request forgery attempt,T1190 - Exploit Public-Facing Application,llm_candidate,0.9,"Rule detects SSRF attempt against Microsoft Exchange autodiscover endpoint via multipart content, exploiting a public-facing application. Candidate mapping requiring validation."
57983,6,SERVER-WEBAPP Microsoft Exchange autodiscover server side request forgery attempt,T1190 - Exploit Public-Facing Application,llm_candidate,0.9,"Rule detects SSRF attempt against Microsoft Exchange autodiscover endpoint (multiple CVEs), exploiting a public-facing application. Candidate mapping requiring validation."
58615,2,OS-WINDOWS Microsoft Windows Content-Disposition CLSID command attempt,T1203 - Exploitation for Client Execution,llm_candidate,0.8,Rule detects malicious Content-Disposition header with CLSID {25336920-03f9-11cf-8fd0-00aa00686f13} exploiting CVE-2004-0420 for client-side code execution. Candidate mapping requiring validation.
58616,2,OS-WINDOWS Microsoft Windows Content-Disposition CLSID command attempt,T1203 - Exploitation for Client Execution,llm_candidate,0.8,Rule detects malicious Content-Disposition header with CLSID {3050F3D9-98B5-11CF-BB82-00AA00BDCE0B} exploiting CVE-2004-0420 for client-side code execution. Candidate mapping requiring validation.
58617,2,OS-WINDOWS Microsoft Windows Content-Disposition CLSID command attempt,T1203 - Exploitation for Client Execution,llm_candidate,0.8,Rule detects malicious Content-Disposition header with CLSID {48123bc4-99d9-11d1-a6b3-00c04fd91555} exploiting CVE-2004-0420 for client-side code execution. Candidate mapping requiring validation.
58722,5,SERVER-OTHER Apache Log4j logging remote code execution attempt,T1190 - Exploit Public-Facing Application,improved_heuristic_candidate,0.62,Web-facing exploit indicator matched in msg context. Candidate mapping requiring validation.
58723,6,SERVER-OTHER Apache Log4j logging remote code execution attempt,T1190 - Exploit Public-Facing Application,improved_heuristic_candidate,0.62,Web-facing exploit indicator matched in msg context. Candidate mapping requiring validation.
58724,6,SERVER-OTHER Apache Log4j logging remote code execution attempt,T1190 - Exploit Public-Facing Application,improved_heuristic_candidate,0.62,Web-facing exploit indicator matched in msg context. Candidate mapping requiring validation.
58725,5,SERVER-OTHER Apache Log4j logging remote code execution attempt,T1190 - Exploit Public-Facing Application,improved_heuristic_candidate,0.62,Web-facing exploit indicator matched in msg context. Candidate mapping requiring validation.
58726,7,SERVER-OTHER Apache Log4j logging remote code execution attempt,T1190 - Exploit Public-Facing Application,improved_heuristic_candidate,0.62,Web-facing exploit indicator matched in msg context. Candidate mapping requiring validation.
58727,5,SERVER-OTHER Apache Log4j logging remote code execution attempt,T1190 - Exploit Public-Facing Application,improved_heuristic_candidate,0.62,Web-facing exploit indicator matched in msg context. Candidate mapping requiring validation.
58728,5,SERVER-OTHER Apache Log4j logging remote code execution attempt,T1190 - Exploit Public-Facing Application,improved_heuristic_candidate,0.62,Web-facing exploit indicator matched in msg context. Candidate mapping requiring validation.
58729,5,SERVER-OTHER Apache Log4j logging remote code execution attempt,T1190 - Exploit Public-Facing Application,improved_heuristic_candidate,0.62,Web-facing exploit indicator matched in msg context. Candidate mapping requiring validation.
58730,7,SERVER-OTHER Apache Log4j logging remote code execution attempt,T1190 - Exploit Public-Facing Application,improved_heuristic_candidate,0.62,Web-facing exploit indicator matched in msg context. Candidate mapping requiring validation.
58731,6,SERVER-OTHER Apache Log4j logging remote code execution attempt,T1190 - Exploit Public-Facing Application,improved_heuristic_candidate,0.62,Web-facing exploit indicator matched in msg context. Candidate mapping requiring validation.
58732,7,SERVER-OTHER Apache Log4j logging remote code execution attempt,T1190 - Exploit Public-Facing Application,improved_heuristic_candidate,0.62,Web-facing exploit indicator matched in msg context. Candidate mapping requiring validation.
58733,5,SERVER-OTHER Apache Log4j logging remote code execution attempt,T1190 - Exploit Public-Facing Application,improved_heuristic_candidate,0.62,Web-facing exploit indicator matched in msg context. Candidate mapping requiring validation.
58734,4,SERVER-OTHER Apache Log4j logging remote code execution attempt,T1190 - Exploit Public-Facing Application,improved_heuristic_candidate,0.62,Web-facing exploit indicator matched in msg context. Candidate mapping requiring validation.
58735,4,SERVER-OTHER Apache Log4j logging remote code execution attempt,T1190 - Exploit Public-Facing Application,improved_heuristic_candidate,0.62,Web-facing exploit indicator matched in msg context. Candidate mapping requiring validation.
58736,4,SERVER-OTHER Apache Log4j logging remote code execution attempt,T1190 - Exploit Public-Facing Application,improved_heuristic_candidate,0.62,Web-facing exploit indicator matched in msg context. Candidate mapping requiring validation.
58737,5,SERVER-OTHER Apache Log4j logging remote code execution attempt,T1190 - Exploit Public-Facing Application,improved_heuristic_candidate,0.62,Web-facing exploit indicator matched in msg context. Candidate mapping requiring validation.
58738,5,SERVER-OTHER Apache Log4j logging remote code execution attempt,T1190 - Exploit Public-Facing Application,improved_heuristic_candidate,0.62,Web-facing exploit indicator matched in msg context. Candidate mapping requiring validation.
58739,5,SERVER-OTHER Apache Log4j logging remote code execution attempt,T1190 - Exploit Public-Facing Application,improved_heuristic_candidate,0.62,Web-facing exploit indicator matched in msg context. Candidate mapping requiring validation.
58740,6,SERVER-OTHER Apache Log4j logging remote code execution attempt,T1190 - Exploit Public-Facing Application,improved_heuristic_candidate,0.62,Web-facing exploit indicator matched in msg context. Candidate mapping requiring validation.
58741,6,SERVER-OTHER Apache Log4j logging remote code execution attempt,T1190 - Exploit Public-Facing Application,improved_heuristic_candidate,0.62,Web-facing exploit indicator matched in msg context. Candidate mapping requiring validation.
58742,8,SERVER-OTHER Apache Log4j logging remote code execution attempt,T1190 - Exploit Public-Facing Application,improved_heuristic_candidate,0.62,Web-facing exploit indicator matched in msg context. Candidate mapping requiring validation.
58744,6,SERVER-OTHER Apache Log4j logging remote code execution attempt,T1190 - Exploit Public-Facing Application,improved_heuristic_candidate,0.62,Web-facing exploit indicator matched in msg context. Candidate mapping requiring validation.
58751,4,SERVER-OTHER Apache Log4j logging remote code execution attempt,T1190 - Exploit Public-Facing Application,llm_candidate,0.9,"Detects Log4j JNDI injection exploit attempts in SMTP traffic, indicative of initial access via exploitation of a public-facing email service (CVE-2021-44228). Candidate mapping requiring validation."
58784,4,SERVER-OTHER Apache Log4j logging remote code execution attempt,T1190 - Exploit Public-Facing Application,improved_heuristic_candidate,0.62,Web-facing exploit indicator matched in msg context. Candidate mapping requiring validation.
58785,4,SERVER-OTHER Apache Log4j logging remote code execution attempt,T1190 - Exploit Public-Facing Application,improved_heuristic_candidate,0.62,Web-facing exploit indicator matched in msg context. Candidate mapping requiring validation.
58786,4,SERVER-OTHER Apache Log4j logging remote code execution attempt,T1190 - Exploit Public-Facing Application,improved_heuristic_candidate,0.62,Web-facing exploit indicator matched in msg context. Candidate mapping requiring validation.
58787,4,SERVER-OTHER Apache Log4j logging remote code execution attempt,T1190 - Exploit Public-Facing Application,improved_heuristic_candidate,0.62,Web-facing exploit indicator matched in msg context. Candidate mapping requiring validation.
58788,4,SERVER-OTHER Apache Log4j logging remote code execution attempt,T1190 - Exploit Public-Facing Application,improved_heuristic_candidate,0.62,Web-facing exploit indicator matched in msg context. Candidate mapping requiring validation.
58789,4,SERVER-OTHER Apache Log4j logging remote code execution attempt,T1190 - Exploit Public-Facing Application,improved_heuristic_candidate,0.62,Web-facing exploit indicator matched in msg context. Candidate mapping requiring validation.
58790,4,SERVER-OTHER Apache Log4j logging remote code execution attempt,T1190 - Exploit Public-Facing Application,improved_heuristic_candidate,0.62,Web-facing exploit indicator matched in msg context. Candidate mapping requiring validation.
58795,4,SERVER-OTHER Apache Log4j logging remote code execution attempt,T1190 - Exploit Public-Facing Application,improved_heuristic_candidate,0.62,Web-facing exploit indicator matched in msg context. Candidate mapping requiring validation.
59502,1,OS-WINDOWS Microsoft Windows Server 2003 smart card authentication buffer overflow attempt,T1021.001 - Remote Desktop Protocol,improved_heuristic_candidate,0.65,Remote Desktop Protocol indicator matched in service context. Candidate mapping requiring validation.
59925,3,SERVER-WEBAPP Multiple products OGNL expression injection attempt,T1190 - Exploit Public-Facing Application,llm_candidate,0.85,"Detects OGNL expression injection attempts (.action, getRuntime, exec) in HTTP traffic, indicative of exploitation of a public-facing web application (e.g., Apache Struts). Candidate mapping requiring validation."
59926,2,INDICATOR-COMPROMISE Python remote shell spawn attempt,T1059.004 - Unix Shell,llm_candidate,0.8,"Detects Python pty.spawn(/bin/sh) command in HTTP traffic, indicative of Unix shell command execution for post-exploitation or webshell activity. Candidate mapping requiring validation."
59934,3,SERVER-WEBAPP Atlassian Confluence OGNL expression injection attempt,T1190 - Exploit Public-Facing Application,llm_candidate,0.95,"Detects OGNL injection exploit attempts against Atlassian Confluence (CVE-2022-26134) via ${java...} patterns, indicative of exploitation of a public-facing application. Candidate mapping requiring validation."
59941,3,SERVER-WEBAPP Atlassian Confluence OGNL expression injection attempt,T1190 - Exploit Public-Facing Application,llm_candidate,0.95,"Detects OGNL injection exploit attempts against Atlassian Confluence (CVE-2022-26134) via ${atlassian...} patterns, indicative of exploitation of a public-facing application. Candidate mapping requiring validation."
59947,1,SERVER-WEBAPP Atlassian Confluence OGNL expression injection attempt,T1190 - Exploit Public-Facing Application,llm_candidate,0.95,"Detects OGNL injection exploit attempts against Atlassian Confluence (CVE-2022-26134) via ${sun.misc.Unsafe...} patterns, indicative of exploitation of a public-facing application. Candidate mapping requiring validation."
59948,1,SERVER-WEBAPP Atlassian Confluence OGNL expression injection attempt,T1190 - Exploit Public-Facing Application,llm_candidate,0.95,"Detects OGNL injection exploit attempts against Atlassian Confluence (CVE-2022-26134) via ${com.opensymphony...} patterns, indicative of exploitation of a public-facing application. Candidate mapping requiring validation."
60642,4,SERVER-WEBAPP Microsoft Exchange Server remote code execution attempt,T1059.001 - PowerShell,improved_heuristic_candidate,0.78,PowerShell indicator matched in content context. Candidate mapping requiring validation.
60642,4,SERVER-WEBAPP Microsoft Exchange Server remote code execution attempt,T1190 - Exploit Public-Facing Application,improved_heuristic_candidate,0.62,Web-facing exploit indicator matched in msg context. Candidate mapping requiring validation.
62506,1,SERVER-WEBAPP Atlassian Confluence remote code execution attempt,T1190 - Exploit Public-Facing Application,improved_heuristic_candidate,0.62,Web-facing exploit indicator matched in msg context. Candidate mapping requiring validation.
62507,1,SERVER-WEBAPP Atlassian Confluence remote code execution attempt,T1190 - Exploit Public-Facing Application,improved_heuristic_candidate,0.62,Web-facing exploit indicator matched in msg context. Candidate mapping requiring validation.
300001,1,SERVER-WEBAPP Citrix ADC and Gateway arbitrary code execution attempt,T1190 - Exploit Public-Facing Application,llm_candidate,0.9,"Rule detects path traversal exploitation attempt against Citrix ADC/Gateway (CVE-2019-19781) via /vpns/ endpoint, a public-facing appliance. Candidate mapping requiring validation."
300052,1,OS-WINDOWS Microsoft Windows HTTP protocol stack remote code execution attempt,T1190 - Exploit Public-Facing Application,improved_heuristic_candidate,0.62,Web-facing exploit indicator matched in msg context. Candidate mapping requiring validation.
300055,3,SERVER-OTHER Apache Log4j logging remote code execution attempt,T1190 - Exploit Public-Facing Application,improved_heuristic_candidate,0.62,Web-facing exploit indicator matched in msg context. Candidate mapping requiring validation.
300056,3,SERVER-OTHER Apache Log4j logging remote code execution attempt,T1190 - Exploit Public-Facing Application,improved_heuristic_candidate,0.62,Web-facing exploit indicator matched in msg context. Candidate mapping requiring validation.
300057,3,SERVER-OTHER Apache Log4j logging remote code execution attempt,T1190 - Exploit Public-Facing Application,improved_heuristic_candidate,0.62,Web-facing exploit indicator matched in msg context. Candidate mapping requiring validation.
300058,3,SERVER-OTHER Apache Log4j logging remote code execution attempt,T1190 - Exploit Public-Facing Application,improved_heuristic_candidate,0.62,Web-facing exploit indicator matched in msg context. Candidate mapping requiring validation.
300061,1,SERVER-OTHER Apache Log4j logging remote code execution attempt,T1190 - Exploit Public-Facing Application,improved_heuristic_candidate,0.62,Web-facing exploit indicator matched in msg context. Candidate mapping requiring validation.
300131,3,SERVER-WEBAPP F5 BIG-IP iControl remote code execution attempt,T1190 - Exploit Public-Facing Application,improved_heuristic_candidate,0.62,Web-facing exploit indicator matched in msg context. Candidate mapping requiring validation.
300306,3,SERVER-OTHER OpenSSL x509 crafted email address buffer overflow attempt,T1190 - Exploit Public-Facing Application,llm_candidate,0.8,"Rule detects crafted X.509 certificate exploitation attempt against OpenSSL (CVE-2022-3602, CVE-2022-3786) in SSL traffic, likely targeting public-facing SSL/TLS services. Candidate mapping requiring validation."
300307,3,SERVER-OTHER OpenSSL x509 crafted email address buffer overflow attempt,T1190 - Exploit Public-Facing Application,llm_candidate,0.8,"Rule detects crafted X.509 certificate exploitation attempt against OpenSSL (CVE-2022-3602, CVE-2022-3786) in SSL traffic, likely targeting public-facing SSL/TLS services. Candidate mapping requiring validation."
